# index, _pos
0,"array([-8.6886115 ,  5.03534608])"
1,"array([-9.45997856,  4.89420878])"
2,"array([-9.48003384,  4.75619552])"
3,"array([-9.38829784,  4.71012438])"
4,"array([-9.07625232,  5.61953327])"
5,"array([-8.98904651,  5.41847389])"
6,"array([-9.74108668,  5.82448577])"
7,"array([-9.53151745,  5.09594855])"
8,"array([-8.9984634 ,  5.92591504])"
9,"array([-8.96129905,  5.01986404])"
10,"array([-8.85707168,  5.50091499])"
11,"array([-9.14606174,  5.8733749 ])"
12,"array([-7.7261843 ,  5.59462248])"
13,"array([-8.97148527,  4.80825521])"
14,"array([-9.38359773,  5.32079114])"
15,"array([-9.26946918,  4.82901524])"
16,"array([-9.24159626,  5.44042268])"
17,"array([-8.82316733,  5.43093389])"
18,"array([-9.14937026,  6.04645778])"
19,"array([-8.9977087 ,  5.66455919])"
20,"array([-9.4670296,  5.30409  ])"
21,"array([-9.39799564,  5.70286552])"
22,"array([-9.10791196,  5.48773001])"
23,"array([-8.85701376,  5.04174721])"
24,"array([-8.41528375,  4.29591871])"
25,"array([-9.30760652,  5.61063988])"
26,"array([-9.38289797,  5.43141275])"
27,"array([-8.15547116,  5.89915759])"
28,"array([-8.16211553,  4.98950192])"
29,"array([-9.17324655,  5.45246052])"
30,"array([-9.2359599 ,  4.77420487])"
31,"array([-8.46604817,  4.79463832])"
32,"array([-8.75665053,  4.45388998])"
33,"array([-8.9404685 ,  4.46911056])"
34,"array([-9.14205001,  5.40244889])"
35,"array([-8.58244468,  5.60257766])"
36,"array([-8.95369608,  5.282301  ])"
37,"array([-7.95596971,  5.00229177])"
38,"array([-8.84468475,  4.51738228])"
39,"array([-8.17483868,  4.47873971])"
40,"array([-8.63770476,  5.37858562])"
41,"array([-8.78488317,  5.76991106])"
42,"array([-8.349626  ,  5.63400473])"
43,"array([-8.5944496 ,  5.08021329])"
44,"array([-9.07247485,  4.36620325])"
45,"array([-9.16987575,  4.72795866])"
46,"array([-8.98259728,  5.48327435])"
47,"array([-8.18662185,  5.74164231])"
48,"array([-7.95236872,  4.78692838])"
49,"array([-9.14232984,  4.54476797])"
50,"array([-9.13963061,  5.33351826])"
51,"array([-8.86767896,  5.38159535])"
52,"array([-8.71057105,  5.51755707])"
53,"array([-8.55333533,  5.15848129])"
54,"array([-8.04321936,  4.63122922])"
55,"array([-8.2889689 ,  5.02713751])"
56,"array([-9.03596297,  5.05915615])"
57,"array([-8.88726642,  5.09732989])"
58,"array([-9.08692424,  4.95492283])"
59,"array([-8.16227988,  5.64991819])"
60,"array([-8.75954273,  4.93729846])"
61,"array([-8.58829465,  5.48605396])"
62,"array([-8.12794561,  4.69260006])"
63,"array([-8.08975967,  5.14330389])"
64,"array([-7.79241726,  5.10008261])"
65,"array([-8.94298948,  5.60490681])"
66,"array([-9.04946634,  5.51398856])"
67,"array([-9.46024053,  5.15131457])"
68,"array([-8.04865704,  5.06332263])"
69,"array([-9.01184735,  4.94073547])"
70,"array([-8.40198351,  5.73462946])"
71,"array([-8.06179264,  4.96512447])"
72,"array([-8.47489192,  5.07326625])"
73,"array([-9.380905  ,  4.92509492])"
74,"array([-8.25684471,  4.5538378 ])"
75,"array([-9.31251047,  5.67896221])"
76,"array([-9.12290066,  5.5632153 ])"
77,"array([-8.4407238 ,  5.56456424])"
78,"array([-8.86595953,  4.60652649])"
79,"array([-8.60516379,  4.87158629])"
80,"array([-8.00159669,  5.35950951])"
81,"array([-8.29488071,  4.45931134])"
82,"array([-8.11401066,  5.42429912])"
83,"array([-7.66371324,  5.03592701])"
84,"array([-7.90349489,  5.0968231 ])"
85,"array([-9.31516122,  5.14471891])"
86,"array([-8.92057942,  4.681756  ])"
87,"array([-7.95524356,  5.45297649])"
88,"array([-8.07769961,  5.23779554])"
89,"array([-8.56329382,  4.64391928])"
90,"array([-8.53610116,  4.75009247])"
91,"array([-7.90206536,  4.64277133])"
92,"array([-8.43229278,  4.90939982])"
93,"array([-9.27668947,  4.89394745])"
94,"array([-8.31996402,  4.27222343])"
95,"array([-8.9967488 ,  5.33686414])"
96,"array([-9.5391503 ,  5.25091232])"
97,"array([-8.09107884,  4.37971607])"
98,"array([-8.8735788 ,  5.59533934])"
99,"array([-8.64824459,  5.54304378])"
100,"array([-8.55869674,  4.9864831 ])"
101,"array([-8.76488371,  5.28040972])"
102,"array([-9.18638537,  5.5199902 ])"
103,"array([-8.4375229 ,  5.39227971])"
104,"array([-7.85219903,  5.19374836])"
105,"array([-9.24046008,  5.7332053 ])"
106,"array([-8.46468299,  4.22423572])"
107,"array([-8.69719819,  4.37904472])"
108,"array([-8.6129624 ,  4.36546188])"
109,"array([-7.77757772,  4.98654998])"
110,"array([-8.65887203,  5.12668849])"
111,"array([-7.82606144,  4.73748427])"
112,"array([-8.3011329 ,  6.10473191])"
113,"array([-8.37927015,  4.51147582])"
114,"array([-8.47455722,  4.09494442])"
115,"array([-8.08256351,  5.50859751])"
116,"array([-8.39634523,  5.00843787])"
117,"array([-8.13269915,  4.88942779])"
118,"array([-8.40470159,  5.13056166])"
119,"array([-9.31179648,  4.75983025])"
120,"array([-9.56604923,  4.80467572])"
121,"array([-8.96036504,  4.55972755])"
122,"array([-8.03119812,  4.72837854])"
123,"array([-9.46034416,  5.380801  ])"
124,"array([-9.38163828,  4.45347797])"
125,"array([-8.17690617,  4.33821589])"
126,"array([-8.18035946,  5.08152177])"
127,"array([-7.77899387,  4.81132185])"
128,"array([-7.84999121,  4.54585402])"
129,"array([-7.71388993,  4.47777707])"
130,"array([-8.41414726,  5.82200909])"
131,"array([-7.67590316,  4.90032434])"
132,"array([-8.08664143,  4.26116145])"
133,"array([-7.69571691,  4.76274329])"
134,"array([-8.06398221,  4.49688366])"
135,"array([-8.14792179,  4.58384219])"
136,"array([-7.95977523,  5.27299922])"
137,"array([-7.88235107,  4.41612346])"
138,"array([-9.58429455,  5.48537827])"
139,"array([-8.43934376,  4.40657943])"
140,"array([-8.51945678,  4.32445722])"
141,"array([-8.54956037,  4.2312013 ])"
142,"array([-7.95195069,  4.51896929])"
143,"array([-9.11124651,  5.7923982 ])"
144,"array([-9.44947071,  4.71120534])"
145,"array([-9.37336552,  5.0972363 ])"
146,"array([-9.73870982,  5.72224129])"
147,"array([-9.38579165,  5.25967306])"
148,"array([-8.73565459,  5.36796515])"
149,"array([-8.92320153,  5.67780732])"
150,"array([-8.67838001,  6.47153586])"
151,"array([-8.92745838,  5.37004902])"
152,"array([-9.06290496,  5.31626284])"
153,"array([-8.879918  ,  4.76261123])"
154,"array([-8.81852932,  5.34036256])"
155,"array([-8.53556049,  5.41822525])"
156,"array([-9.83354757,  5.60015555])"
157,"array([-9.97445366,  5.58516882])"
158,"array([-8.80156123,  5.57260415])"
159,"array([-8.839589  ,  5.83298028])"
160,"array([-9.84388806,  5.19546415])"
161,"array([-8.90993154,  5.97923694])"
162,"array([-8.9159574 ,  5.53454334])"
163,"array([-8.86089716,  6.27034777])"
164,"array([-9.42884022,  5.77395849])"
165,"array([-9.16538047,  4.86294125])"
166,"array([-8.77029089,  5.85391937])"
167,"array([-8.78525419,  5.50227803])"
168,"array([-9.22541309,  5.98678789])"
169,"array([-9.25534106,  6.18019294])"
170,"array([-9.1030664 ,  5.92704456])"
171,"array([-9.74075129,  6.04588274])"
172,"array([-8.75165707,  5.69255877])"
173,"array([-9.01912488,  6.26462388])"
174,"array([-9.71447621,  6.21379701])"
175,"array([-8.92214831,  6.37996558])"
176,"array([-8.98809436,  5.85172204])"
177,"array([-9.20153696,  5.60934125])"
178,"array([-9.41070565,  6.13578874])"
179,"array([-8.93755949,  6.20934392])"
180,"array([-8.65918199,  5.9077035 ])"
181,"array([-9.42300081,  5.51809153])"
182,"array([-9.16860587,  5.72830289])"
183,"array([-9.43605495,  6.55858031])"
184,"array([-8.91912089,  5.45399417])"
185,"array([-9.21365446,  5.9067531 ])"
186,"array([-9.42001483,  6.22194821])"
187,"array([-8.62492169,  6.23619384])"
188,"array([-8.5456806 ,  6.28831561])"
189,"array([-9.19616112,  6.5502939 ])"
190,"array([-8.74249787,  5.93147729])"
191,"array([-9.40928492,  5.88932783])"
192,"array([-9.46728243,  6.37403287])"
193,"array([-9.29372506,  6.01127803])"
194,"array([-9.64345911,  6.27862592])"
195,"array([-9.45456333,  6.04865656])"
196,"array([-9.35502886,  6.06712843])"
197,"array([-9.19193987,  5.08906308])"
198,"array([-8.49737694,  5.9864199 ])"
199,"array([-9.42991861,  5.97255952])"
200,"array([-9.2540325 ,  5.21800763])"
201,"array([-9.65796174,  5.843404  ])"
202,"array([-9.58364237,  6.10506459])"
203,"array([-8.84397559,  5.21416176])"
204,"array([-9.45872582,  5.23647255])"
205,"array([-9.09301289,  6.00427424])"
206,"array([-9.23697514,  5.82648041])"
207,"array([-9.53537018,  6.2471857 ])"
208,"array([-9.09552391,  6.21937797])"
209,"array([-9.3182712 ,  5.76165196])"
210,"array([-8.97147571,  5.75153851])"
211,"array([-8.98818127,  6.67140978])"
212,"array([-9.56284844,  5.32771298])"
213,"array([-9.72611715,  5.95940002])"
214,"array([-8.81644914,  6.18727817])"
215,"array([-9.11022061,  6.64700393])"
216,"array([-8.5063398 ,  6.07641862])"
217,"array([-8.69246572,  6.06241365])"
218,"array([-8.68542516,  6.14514376])"
219,"array([-9.14114937,  5.66212481])"
220,"array([-8.39123287,  6.01885648])"
221,"array([-8.92034608,  5.79663185])"
222,"array([-8.58585163,  6.00071252])"
223,"array([-9.87215372,  5.98001287])"
224,"array([-8.80045402,  6.50793583])"
225,"array([-8.9445855 ,  6.29787599])"
226,"array([-8.90861465,  6.57933382])"
227,"array([-9.63796654,  5.94122644])"
228,"array([-8.87189282,  5.29904844])"
229,"array([-8.81414881,  5.65203456])"
230,"array([-9.00571621,  5.57708953])"
231,"array([-9.2572334 ,  5.54635285])"
232,"array([-9.61745789,  5.66903893])"
233,"array([-9.45788525,  6.29036457])"
234,"array([-9.49691848,  5.91834639])"
235,"array([-9.54346887,  5.9926673 ])"
236,"array([-9.08960496,  6.11975787])"
237,"array([-8.45689686,  6.41266196])"
238,"array([-9.54710491,  5.63431711])"
239,"array([-9.6988507,  5.4658571])"
240,"array([-8.50162332,  5.7431745 ])"
241,"array([-9.21042373,  4.49911998])"
242,"array([-9.17039462,  4.4291682 ])"
243,"array([-9.31930658,  4.16589032])"
244,"array([-9.34815601,  4.85294436])"
245,"array([-9.53512129,  5.40445831])"
246,"array([-9.49593737,  4.22814421])"
247,"array([-10.15545821,   4.87851027])"
248,"array([-9.81661502,  4.70752238])"
249,"array([-9.97273612,  5.18539223])"
250,"array([-9.66271794,  4.1812572 ])"
251,"array([-9.07225893,  4.81017157])"
252,"array([-9.48276734,  4.48133984])"
253,"array([-9.78271263,  4.7938915 ])"
254,"array([-9.52361054,  4.64272732])"
255,"array([-9.58572487,  4.25249806])"
256,"array([-10.15106294,   5.04198442])"
257,"array([-9.48290704,  4.57452352])"
258,"array([-9.32096539,  5.22948363])"
259,"array([-10.08131271,   4.55670579])"
260,"array([-10.08561817,   4.64908061])"
261,"array([-9.97829298,  4.56170694])"
262,"array([-10.18529535,   4.67619235])"
263,"array([-10.04393849,   4.47655589])"
264,"array([-9.77780001,  4.21441927])"
265,"array([-9.62133345,  4.39415205])"
266,"array([-9.81800762,  4.44421194])"
267,"array([-9.87024587,  4.52944611])"
268,"array([-8.64092333,  5.6367258 ])"
269,"array([-9.45160979,  4.36606081])"
270,"array([-9.22846373,  5.33308228])"
271,"array([-9.05662853,  4.55061143])"
272,"array([-9.23968388,  4.69391888])"
273,"array([-9.30110727,  4.07807839])"
274,"array([-10.00040546,   5.03844014])"
275,"array([-9.73403295,  3.93246758])"
276,"array([-9.51529598,  5.00654521])"
277,"array([-8.97611092,  5.1022878 ])"
278,"array([-9.12826436,  5.04144887])"
279,"array([-9.97853101,  4.65200521])"
280,"array([-8.8464311 ,  4.39410927])"
281,"array([-9.21218008,  4.17059072])"
282,"array([-9.52673901,  4.12950148])"
283,"array([-9.85230907,  4.87404276])"
284,"array([-10.15514027,   4.75447566])"
285,"array([-10.17618319,   4.56338956])"
286,"array([-10.10357892,   4.40901973])"
287,"array([-9.91073786,  4.39176573])"
288,"array([-9.9564746 ,  4.46944296])"
289,"array([-10.05909077,   4.74767384])"
290,"array([-10.00643157,   4.36738502])"
291,"array([-9.08669159,  4.72886916])"
292,"array([-9.28259136,  4.26945817])"
293,"array([-10.16550221,   4.47942612])"
294,"array([-9.16704517,  4.63310165])"
295,"array([-9.45020788,  4.04044631])"
296,"array([-9.15508129,  4.32252716])"
297,"array([-8.95507674,  4.04136422])"
298,"array([-9.21536794,  3.62669841])"
299,"array([-9.01754557,  4.19096669])"
300,"array([-9.67735332,  4.30750135])"
301,"array([-8.90062338,  4.89306526])"
302,"array([-9.09036998,  3.58301236])"
303,"array([-8.54509066,  5.65825354])"
304,"array([-8.52883247,  4.89882883])"
305,"array([-8.30693933,  5.43177657])"
306,"array([-8.33821094,  5.3336889 ])"
307,"array([-8.78763987,  4.77651803])"
308,"array([-10.08647933,   6.20098725])"
309,"array([-10.46263696,   5.84900225])"
310,"array([-9.86434305,  6.28926676])"
311,"array([-9.70470731,  5.21899058])"
312,"array([-9.98257383,  5.36628558])"
313,"array([-10.42520578,   5.96496761])"
314,"array([-10.2183249,   6.2114732])"
315,"array([-9.95795006,  6.16505944])"
316,"array([-10.34045124,   6.22676705])"
317,"array([-10.12506727,   6.44158698])"
318,"array([-10.03366402,   6.06438911])"
319,"array([-10.44885184,   6.06744671])"
320,"array([-10.22025356,   5.3596079 ])"
321,"array([-9.40604528,  4.78242257])"
322,"array([-10.5118795 ,   4.92314289])"
323,"array([-10.31777473,   5.10005847])"
324,"array([-10.47444802,   4.80128791])"
325,"array([-10.31906754,   4.62157841])"
326,"array([-9.82130819,  6.84659395])"
327,"array([-9.59189942,  6.19210367])"
328,"array([-8.38542317,  5.47503092])"
329,"array([-8.68691475,  5.31001889])"
330,"array([-8.56189946,  6.64761005])"
331,"array([-8.70335221,  6.57302258])"
332,"array([-9.00331751,  6.14441953])"
333,"array([-8.41297138,  6.11459314])"
334,"array([-8.34313117,  4.70954047])"
335,"array([-9.21017829,  5.27035019])"
336,"array([-9.60118915,  4.48694609])"
337,"array([-9.59308287,  4.99705106])"
338,"array([-8.00486929,  5.85050408])"
339,"array([-7.96992255,  6.40823134])"
340,"array([-8.10121405,  6.42794801])"
341,"array([-7.55208587,  5.61533137])"
342,"array([-8.02313248,  5.68702353])"
343,"array([-7.59562557,  6.26080101])"
344,"array([-8.61901461,  5.82736655])"
345,"array([-7.79973055,  5.47865114])"
346,"array([-7.96985937,  5.58731325])"
347,"array([-7.63074233,  5.90641754])"
348,"array([-7.39964644,  5.51807813])"
349,"array([-7.73382481,  6.1477689 ])"
350,"array([-7.50926014,  5.38496257])"
351,"array([-7.74010954,  5.95519696])"
352,"array([-7.79574954,  6.0493507 ])"
353,"array([-7.38404931,  5.94986954])"
354,"array([-7.45039531,  5.72247448])"
355,"array([-8.01950574,  6.23599553])"
356,"array([-7.81893573,  6.21626386])"
357,"array([-7.85128643,  5.58522412])"
358,"array([-7.47113678,  5.86523725])"
359,"array([-7.43992928,  6.1223258 ])"
360,"array([-7.49928692,  6.02504456])"
361,"array([-7.35910127,  5.636656  ])"
362,"array([-7.35191099,  5.8047052 ])"
363,"array([-7.65676797,  6.07475916])"
364,"array([-8.64417732,  5.21460505])"
365,"array([-9.02491024,  5.24170361])"
366,"array([-8.32362083,  4.88448283])"
367,"array([-8.88445641,  3.88384119])"
368,"array([-8.74899898,  3.9018521 ])"
369,"array([-9.62748601,  5.37574659])"
370,"array([-9.9637411 ,  5.99740248])"
371,"array([-10.07242277,   5.25711182])"
372,"array([-9.68024929,  6.14084813])"
373,"array([-10.31752265,   6.12549654])"
374,"array([-9.75939742,  5.38502965])"
375,"array([-9.05638368,  5.75654359])"
376,"array([-10.07231635,   5.44743325])"
377,"array([-9.57205737,  4.70054813])"
378,"array([-10.1808437 ,   5.18706171])"
379,"array([-9.87166915,  5.51350483])"
380,"array([-9.87510767,  5.332556  ])"
381,"array([-9.98053325,  5.67674143])"
382,"array([-10.34753329,   4.81076916])"
383,"array([-9.86189343,  5.0261448 ])"
384,"array([-9.7878798 ,  4.95077005])"
385,"array([-9.68095575,  4.75216342])"
386,"array([-10.31612111,   5.44429262])"
387,"array([-10.68900786,   4.85851651])"
388,"array([-10.6403644 ,   4.71202403])"
389,"array([-10.5690768 ,   5.14658088])"
390,"array([-9.87943235,  4.6293524 ])"
391,"array([-10.26925064,   4.75327207])"
392,"array([-8.36882037,  3.90799455])"
393,"array([-9.31828026,  4.66084904])"
394,"array([-9.08486603,  4.10767963])"
395,"array([-9.71417629,  4.86247737])"
396,"array([-10.32651456,   4.19222165])"
397,"array([-9.16742579,  6.94292363])"
398,"array([-9.67423099,  6.66312667])"
399,"array([-9.56085259,  6.72974122])"
400,"array([-8.72328452,  6.21707737])"
401,"array([-8.69962641,  5.76645543])"
402,"array([-8.60747689,  6.07900786])"
403,"array([-9.36482796,  5.82147665])"
404,"array([-9.79453934,  6.45981436])"
405,"array([-9.7532381 ,  5.55050429])"
406,"array([-8.83992503,  5.91787427])"
407,"array([-8.91429909,  5.8869084 ])"
408,"array([-9.06342475,  5.42016948])"
409,"array([-8.78720393,  5.99717682])"
410,"array([-10.65595893,   3.76184123])"
411,"array([-8.71827446,  6.67138769])"
412,"array([-9.22875955,  6.08536631])"
413,"array([-9.44860003,  6.83524961])"
414,"array([-10.0740569 ,   5.90945677])"
415,"array([-9.8092424 ,  5.45889875])"
416,"array([-9.68802944,  6.37712759])"
417,"array([-9.53323997,  6.45818866])"
418,"array([-9.90086042,  5.76274814])"
419,"array([-9.54677276,  5.55101741])"
420,"array([-8.71466766,  4.72840058])"
421,"array([-8.72943396,  5.10084875])"
422,"array([-10.13165547,   5.64474292])"
423,"array([-9.06728735,  5.69111896])"
424,"array([-9.76333781,  5.28430325])"
425,"array([-10.07971254,   5.56269743])"
426,"array([-9.48886286,  4.83629898])"
427,"array([-8.01118695,  6.00044422])"
428,"array([-9.0090897 ,  4.28193478])"
429,"array([-8.64346609,  4.26481544])"
430,"array([-8.57273604,  5.24915813])"
431,"array([-8.94251721,  6.06991635])"
432,"array([-9.01912721,  6.03884943])"
433,"array([-9.47833602,  5.69688419])"
434,"array([-9.16843869,  4.99124977])"
435,"array([-9.3814924 ,  5.18469399])"
436,"array([-9.64462271,  5.75659203])"
437,"array([-10.05572907,   4.87675301])"
438,"array([-8.04239205,  4.13968235])"
439,"array([-8.57862457,  4.112702  ])"
440,"array([-8.64865197,  4.67099615])"
441,"array([-9.07468092,  7.14947145])"
442,"array([-9.10934234,  6.52215768])"
443,"array([-10.19675342,   5.46644571])"
444,"array([-8.49165522,  3.80380094])"
445,"array([-9.6987964,  4.9461889])"
446,"array([-9.54987353,  5.17204459])"
447,"array([-8.82248487,  4.86366918])"
448,"array([-9.65507438,  5.54726398])"
449,"array([-7.9868804 ,  5.16597899])"
450,"array([-9.19333791,  3.89685983])"
451,"array([-9.53617319,  4.35718506])"
452,"array([-8.32712617,  4.14417877])"
453,"array([-8.35180656,  4.37523876])"
454,"array([-7.97011028,  4.26875082])"
455,"array([-9.00149887,  4.64681051])"
456,"array([-9.10129951,  5.12911232])"
457,"array([-9.30298894,  5.90173276])"
458,"array([-10.72525759,   6.09576269])"
459,"array([-10.6683132 ,   6.22065626])"
460,"array([-8.45651412,  6.28760917])"
461,"array([-8.46200988,  6.19512815])"
462,"array([-8.18831597,  6.2623159 ])"
463,"array([-8.13044742,  6.14672856])"
464,"array([-8.35022481,  6.20332267])"
465,"array([-9.03716682,  5.1565691 ])"
466,"array([-10.25839845,   5.55770994])"
467,"array([-10.34070963,   5.63687285])"
468,"array([-9.50036261,  5.47669542])"
469,"array([-9.67015209,  4.67445883])"
470,"array([-9.29917011,  5.30771699])"
471,"array([-9.2114035 ,  4.91633139])"
472,"array([-9.44135188,  5.08268019])"
473,"array([-7.87303637,  5.38530874])"
474,"array([-9.32242226,  6.1330576 ])"
475,"array([-9.80592541,  5.90225774])"
476,"array([-9.3172184 ,  6.87793655])"
477,"array([-8.57093442,  3.95283771])"
478,"array([-9.65018725,  5.13945229])"
479,"array([-9.61777664,  4.91025444])"
480,"array([-10.18875598,   4.9679699 ])"
481,"array([-9.0017772 ,  3.45933963])"
482,"array([-9.17749909,  6.17870078])"
483,"array([-7.68252405,  5.42483577])"
484,"array([-9.71287307,  4.47874804])"
485,"array([-10.54662996,   5.29577237])"
486,"array([-13.18410609,   1.56003366])"
487,"array([-13.19489998,   1.75809255])"
488,"array([-12.93487401,   1.50017337])"
489,"array([-13.11687942,   1.4069048 ])"
490,"array([-9.49225675,  5.82599703])"
491,"array([-8.86618428,  6.77424005])"
492,"array([-9.24406687,  4.99231462])"
493,"array([-8.99944036,  4.41174011])"
494,"array([-9.60277263,  3.93255006])"
495,"array([-9.80357986,  5.13164569])"
496,"array([-10.43104989,   5.68715876])"
497,"array([-10.71904308,   5.58411692])"
498,"array([-10.62730734,   5.47035168])"
499,"array([-10.78885292,   5.46471436])"
500,"array([-8.31643479,  5.78538059])"
501,"array([-8.45243848,  6.54422827])"
502,"array([-9.16781756,  4.04739764])"
503,"array([-8.5388857 ,  4.44159308])"
504,"array([-10.27732848,   5.25820131])"
505,"array([-9.44073919,  5.0021537 ])"
506,"array([-9.69565911,  4.57588106])"
507,"array([-9.61946721,  5.21991781])"
508,"array([-9.2405495 ,  5.65232032])"
509,"array([-12.83286505,   9.28652833])"
510,"array([-12.69580905,   9.40962866])"
511,"array([-8.32930243,  5.53837753])"
512,"array([-6.76469871,  6.83521154])"
513,"array([-7.09753452,  6.61240077])"
514,"array([-9.46194137,  5.59336333])"
515,"array([-9.2731046 ,  5.06264556])"
516,"array([-9.90108298,  5.11292018])"
517,"array([-8.04522903,  4.83881261])"
518,"array([-7.95457951,  4.89828787])"
519,"array([-8.78097108,  4.3411908 ])"
520,"array([-8.31646915,  5.91240912])"
521,"array([-7.93338817,  6.12425859])"
522,"array([-8.40387726,  5.92047238])"
523,"array([-10.1062895 ,   3.89571804])"
524,"array([-8.77186663,  4.591941  ])"
525,"array([-8.85434374,  6.04645148])"
526,"array([-8.55696478,  5.91927162])"
527,"array([-9.33007688,  5.47279303])"
528,"array([-10.2587109 ,   6.32607587])"
529,"array([-9.15332777,  4.25045365])"
530,"array([-7.36636865,  4.24571276])"
531,"array([-9.6984317 ,  5.64098611])"
532,"array([-8.45824158,  5.64776228])"
533,"array([-9.4146882 ,  4.14397789])"
534,"array([-8.63611579,  4.46643779])"
535,"array([-8.49308796,  4.51853565])"
536,"array([-10.05849025,   5.14701446])"
537,"array([-8.70296933,  4.82809714])"
538,"array([-8.72916029,  5.21353374])"
539,"array([-8.89503228,  4.25730894])"
540,"array([-8.58911956,  3.35692898])"
541,"array([-9.35542747,  5.96187019])"
542,"array([-8.60093229,  4.55756734])"
543,"array([-9.00568417,  4.74636951])"
544,"array([-10.81157246,   4.55080732])"
545,"array([-8.57837049,  6.16371376])"
546,"array([-8.61605657,  4.76596631])"
547,"array([-9.22555922,  4.5819508 ])"
548,"array([-9.32290216,  4.37621551])"
549,"array([-8.49037705,  5.48281308])"
550,"array([-8.70073299,  5.83678511])"
551,"array([-10.49323173,   6.1723698 ])"
552,"array([-10.81946764,   6.44921557])"
553,"array([-10.66225453,   6.59307396])"
554,"array([-9.88251528,  6.57529555])"
555,"array([-9.38560145,  6.6622739 ])"
556,"array([-9.84164414,  4.321431  ])"
557,"array([-10.0171043 ,   6.30614906])"
558,"array([-10.86950073,   4.69559727])"
559,"array([-9.81205109,  5.69736919])"
560,"array([-10.35910258,   5.83096532])"
561,"array([-8.67570387,  4.935326  ])"
562,"array([-9.00533313,  3.24243452])"
563,"array([-8.99303583,  2.59822502])"
564,"array([-9.58638586,  5.79697413])"
565,"array([-9.65119024,  6.044463  ])"
566,"array([-9.30539542,  5.40868339])"
567,"array([-8.15042463,  3.71775746])"
568,"array([-8.27323897,  3.65946519])"
569,"array([-8.56967979,  6.52768879])"
570,"array([-14.5797783,   5.3851035])"
571,"array([-14.57214617,   5.59772345])"
572,"array([-14.58541823,   5.1801699 ])"
573,"array([-8.19066887,  5.17923431])"
574,"array([-9.03670404,  3.73231134])"
575,"array([-8.6545318 ,  5.44052315])"
576,"array([-5.72228176,  0.97349039])"
577,"array([-5.87285093,  0.85918454])"
578,"array([-8.96254724,  1.38527683])"
579,"array([-8.97082933,  1.68004158])"
580,"array([-9.38885462,  6.41955264])"
581,"array([-10.42703374,   4.69888818])"
582,"array([-10.95953988,   4.43657923])"
583,"array([-8.22580051,  4.11731136])"
584,"array([-7.97398489,  3.56972549])"
585,"array([-7.19413963,  5.43580912])"
586,"array([-9.1286474 ,  5.23996351])"
587,"array([-7.79518486,  5.73149379])"
588,"array([-14.32673626,   6.95597439])"
589,"array([-14.26422362,   7.131254  ])"
590,"array([-3.77354169,  6.61771836])"
591,"array([-3.8150862 ,  6.77431789])"
592,"array([-8.73278922,  4.24938958])"
593,"array([-9.23558213,  4.34737588])"
594,"array([-10.32929925,   6.01197801])"
595,"array([-8.46261261,  4.60432007])"
596,"array([-10.04450684,   5.76535293])"
597,"array([-9.6663857 ,  5.29548287])"
598,"array([-10.45100704,   6.29924761])"
599,"array([-9.24319002,  5.14626189])"
600,"array([-8.78439413,  5.02138943])"
601,"array([-8.46292571,  5.30295734])"
602,"array([-8.79892596,  5.1554611 ])"
603,"array([-8.53039153,  5.55181572])"
604,"array([-9.32216529,  3.80854445])"
605,"array([-9.36021679,  5.01736428])"
606,"array([-14.20696833,   3.27750806])"
607,"array([-14.27278561,   3.45290976])"
608,"array([-8.92676955,  5.19236234])"
609,"array([-9.28559091,  6.60672561])"
610,"array([-9.20238261,  7.45926529])"
611,"array([-8.35399681,  5.23206378])"
612,"array([-9.58767457,  4.58140303])"
613,"array([-9.54695117,  4.91095489])"
614,"array([-8.217995  ,  5.43549132])"
615,"array([-10.70014067,   5.16818573])"
616,"array([-8.87595316,  6.13394406])"
617,"array([-10.4001162 ,   4.91795097])"
618,"array([-10.96411327,   4.83276552])"
619,"array([-9.61642443,  4.0502839 ])"
620,"array([-7.20835109,  5.61968973])"
621,"array([-9.05288593,  6.78499524])"
622,"array([-9.89380888,  4.22465755])"
623,"array([-8.6253433 ,  6.36198273])"
624,"array([-8.59463805,  5.73905492])"
625,"array([-8.85267044,  4.95835017])"
626,"array([-8.67873283, 10.61110708])"
627,"array([-8.72203405, 10.8066541 ])"
628,"array([-8.47963169, 10.64803832])"
629,"array([-9.56249006,  6.35279841])"
630,"array([-9.09335917,  4.87306871])"
631,"array([-8.15139996,  4.77980548])"
632,"array([-8.3005817,  7.2043759])"
633,"array([-8.2657775 ,  7.53681919])"
634,"array([-9.53722678,  5.73087397])"
635,"array([-8.35852531,  6.33426245])"
636,"array([-8.91651498,  6.47213735])"
637,"array([-8.74689947,  6.40127023])"
638,"array([-9.02124096,  6.36673069])"
639,"array([-9.24741243,  6.36363234])"
640,"array([-9.49603494,  6.15430422])"
641,"array([-9.28010606,  6.29088148])"
642,"array([-9.01955323,  6.54729973])"
643,"array([-8.70518007,  6.31096296])"
644,"array([-9.3578576 ,  6.34139914])"
645,"array([-8.83542878,  6.41274096])"
646,"array([-9.16767728,  6.38788213])"
647,"array([-8.79731887,  6.32260088])"
648,"array([-9.28664065,  6.44236997])"
649,"array([-9.11169517,  6.31997267])"
650,"array([-9.1923848 ,  6.27373883])"
651,"array([-9.34033003,  6.25234228])"
652,"array([-9.08906347,  6.42838313])"
653,"array([-9.19936033,  6.46962493])"
654,"array([-10.32310128,   4.99345561])"
655,"array([-10.78303729,   5.00805445])"
656,"array([-13.02800406,   1.64213672])"
657,"array([-7.40703587,  4.40098033])"
658,"array([-8.43513804,  7.24846798])"
659,"array([-4.49399146,  8.27314826])"
660,"array([-4.39545225,  8.11682393])"
661,"array([-9.45676072,  3.90813605])"
662,"array([-9.51121019,  3.48754583])"
663,"array([-8.91541342,  4.34529365])"
664,"array([-9.08844862,  4.63546393])"
665,"array([-8.93200064,  4.95600412])"
666,"array([-10.60312374,   4.40240472])"
667,"array([-7.06796924,  5.04485556])"
668,"array([-7.09448197,  5.70951535])"
669,"array([-10.75270453,   0.06897589])"
670,"array([-10.93190848,   0.13210916])"
671,"array([-9.60102951,  5.07494015])"
672,"array([-9.7763618 ,  4.55844551])"
673,"array([-8.24089932,  5.32624521])"
674,"array([-9.80000251,  6.14632752])"
675,"array([-9.44068131,  3.72707929])"
676,"array([-8.77179537,  3.7012883 ])"
677,"array([-11.0496218 ,   4.61208941])"
678,"array([-8.30887665,  3.50184842])"
679,"array([-8.48728987,  5.8640459 ])"
680,"array([-3.99070412,  3.64069003])"
681,"array([-3.90127934,  3.82764626])"
682,"array([-3.81074863,  3.54902834])"
683,"array([-10.5037468 ,   5.02652247])"
684,"array([-11.34823155,   4.932645  ])"
685,"array([-10.27966957,   6.45375047])"
686,"array([-8.23484451,  5.85014995])"
687,"array([-8.36550147,  4.81141014])"
688,"array([-7.40744027,  4.59761435])"
689,"array([-8.73942904,  5.43528794])"
690,"array([-10.43094246,   5.0974956 ])"
691,"array([-11.0211528 ,   5.08837624])"
692,"array([-10.19095726,   5.75199263])"
693,"array([-7.12313532,  5.86681624])"
694,"array([-7.82146091,  4.89882523])"
695,"array([-7.25182493,  4.79273536])"
696,"array([-8.26833442,  5.23307389])"
697,"array([-9.22686732,  6.71492228])"
698,"array([-8.2210318 ,  5.55759355])"
699,"array([-7.46138326,  3.55665079])"
700,"array([-7.78547764,  3.94153146])"
701,"array([-8.66862061,  5.69122877])"
702,"array([-8.1293178 ,  6.00530302])"
703,"array([-8.07712262,  5.78462134])"
704,"array([-10.5820193 ,   5.61389544])"
705,"array([-7.82431044,  5.28637494])"
706,"array([-13.7255123 ,   8.22007075])"
707,"array([-13.62125578,   8.37647569])"
708,"array([-11.07129467,  10.42543858])"
709,"array([-11.27250958,  10.44644183])"
710,"array([-11.10664386,  10.22787938])"
711,"array([-7.66339505,  5.78034855])"
712,"array([-7.27766019,  5.17256129])"
713,"array([-9.39487374,  4.62640941])"
714,"array([-9.70375266,  5.05060395])"
715,"array([-7.98504093,  4.38732796])"
716,"array([-7.58996758,  3.95889396])"
717,"array([-10.26872717,   5.88451865])"
718,"array([-9.06905065,  5.84676625])"
719,"array([-7.77581809,  4.6462611 ])"
720,"array([-7.2216894 ,  4.45227733])"
721,"array([-8.43655477,  4.69414066])"
722,"array([-3.72026077,  3.73447757])"
723,"array([-9.31364781,  4.57971561])"
724,"array([-8.4626049 ,  5.20859513])"
725,"array([-7.59377736,  4.61552043])"
726,"array([-8.28559879,  6.02206717])"
727,"array([-8.22433806,  4.65963026])"
728,"array([-7.6884432 ,  4.28924496])"
729,"array([-10.15125391,   5.31525658])"
730,"array([-9.29593986,  4.48057023])"
731,"array([-9.95060807,  5.27011185])"
732,"array([-8.56840406,  5.32792244])"
733,"array([-7.89437673,  5.78088337])"
734,"array([-8.2682704 ,  5.66811944])"
735,"array([-9.35080434,  6.4961466 ])"
736,"array([-9.06609261,  4.4567831 ])"
737,"array([-10.67804666,   5.34455274])"
738,"array([-10.11153807,   4.30147708])"
739,"array([-9.72807658,  4.08175105])"
740,"array([-9.97768238,  4.12697869])"
741,"array([-9.81813815,  4.02731006])"
742,"array([-9.33355903,  5.54265606])"
743,"array([-9.56235654,  5.87663501])"
744,"array([-9.01148568,  4.87123093])"
745,"array([-8.54843465,  5.81134516])"
746,"array([-9.00499666,  6.4676413 ])"
747,"array([-9.38455146,  5.61330766])"
748,"array([-8.22184592,  4.90155807])"
749,"array([-8.13414839,  5.32213981])"
750,"array([-10.79154042,   5.83480027])"
751,"array([-10.25871479,   4.39022911])"
752,"array([-10.60098461,   3.96673387])"
753,"array([-9.95985415,  4.95642546])"
754,"array([-11.10942432,   4.86580464])"
755,"array([-7.21777452,  5.77844122])"
756,"array([-8.77072841,  6.10290355])"
757,"array([-9.99939061,  6.53395901])"
758,"array([-8.79162914,  4.6637928 ])"
759,"array([-8.73032181,  5.60312063])"
760,"array([-7.22579159,  4.96779811])"
761,"array([-8.19804808,  4.22374362])"
762,"array([-7.89443552,  3.73169526])"
763,"array([-9.95843061,  6.78091401])"
764,"array([-7.3967991 ,  4.73576322])"
765,"array([-5.89056734,  9.73381909])"
766,"array([-5.73880109,  9.61966758])"
767,"array([-7.87380286,  6.66720622])"
768,"array([-7.76532353,  6.77934971])"
769,"array([-7.5933451 ,  7.01259796])"
770,"array([-7.46265562,  7.15914469])"
771,"array([-8.82787352,  6.66166174])"
772,"array([-8.68801247,  4.54998661])"
773,"array([-10.05578671,   4.96122334])"
774,"array([-10.06683121,   4.20004564])"
775,"array([-10.00511951,   4.81139393])"
776,"array([-9.89535672,  4.79879256])"
777,"array([-9.94392433,  4.87387242])"
778,"array([-9.84695991,  4.13371714])"
779,"array([-9.95023337,  4.74090864])"
780,"array([-9.92567343,  4.0304495 ])"
781,"array([-10.43036797,   5.20849628])"
782,"array([-11.02502533,   5.28584276])"
783,"array([-11.82638639,   4.94848109])"
784,"array([-12.08686269,   4.83483775])"
785,"array([-7.2093938 ,  5.95800187])"
786,"array([-7.27161338,  6.06164678])"
787,"array([-10.38203935,   6.42204428])"
788,"array([-7.10630695,  5.54691607])"
789,"array([-8.80915156,  4.20493129])"
790,"array([-9.97582056,  4.27889858])"
791,"array([-11.30568523,  10.2501935 ])"
792,"array([-8.84913813,  5.72660604])"
793,"array([-8.68564439,  5.97687009])"
794,"array([-9.64056999,  6.49825698])"
795,"array([-9.93632996,  5.44062863])"
796,"array([-9.39938735,  4.28038305])"
797,"array([-10.1355501 ,   6.31031568])"
798,"array([-9.38331631,  4.54543115])"
799,"array([-8.61810953,  3.76419909])"
800,"array([-11.13660092,   5.60532263])"
801,"array([-9.63503106,  4.8326121 ])"
802,"array([-9.64021873,  3.75398721])"
803,"array([-9.73660283,  4.37495012])"
804,"array([-10.74080298,   5.96375421])"
805,"array([-9.95994778,  6.40564748])"
806,"array([-8.79603442,  3.32167665])"
807,"array([-8.30780366,  5.12373745])"
808,"array([-9.54842305,  6.56661562])"
809,"array([-8.18313927,  6.91289772])"
810,"array([-10.45211691,   5.5031045 ])"
811,"array([-11.80695342,   4.79216941])"
812,"array([-10.42214138,   4.57572204])"
813,"array([-10.92964246,   4.24621979])"
814,"array([-10.76201201,   4.28418057])"
815,"array([-8.52089068, 10.84310172])"
816,"array([-10.21327079,   5.99319373])"
817,"array([-7.23837281,  4.11081188])"
818,"array([-7.11854865,  4.60378089])"
819,"array([-9.04718025,  3.90216676])"
820,"array([-10.21302987,   6.09406856])"
821,"array([-6.87516511, 10.29499813])"
822,"array([-7.04972537, 10.36764382])"
823,"array([-8.89166506, -0.20386996])"
824,"array([-9.08076863, -0.20772841])"
825,"array([-7.07413867,  4.81244329])"
826,"array([-9.9584474 ,  5.88718039])"
827,"array([-7.71173275,  3.78145447])"
828,"array([-10.611205  ,   5.77291396])"
829,"array([-7.15897912,  4.26165886])"
830,"array([-8.98102616,  2.08543541])"
831,"array([-7.34829573,  7.32346816])"
832,"array([-9.17849443,  5.17235316])"
833,"array([-9.31409329,  4.95737375])"
834,"array([-8.33730888,  4.61261409])"
835,"array([-8.26013593,  4.77082972])"
836,"array([-7.71628433,  5.16843979])"
837,"array([-14.56319929,   5.80117748])"
838,"array([-7.42639967,  4.01431799])"
839,"array([-10.21765118,   6.60612531])"
840,"array([-7.9857105 ,  3.94798531])"
841,"array([-7.79928131,  4.15472827])"
842,"array([-10.40368405,   5.34557159])"
843,"array([-8.6814269 ,  4.13671917])"
844,"array([-8.83059168,  4.09769707])"
845,"array([-10.32468494,   4.48918647])"
846,"array([-10.74674684,   4.09558524])"
847,"array([-8.74430394,  4.04489632])"
848,"array([-7.5209449 ,  4.16889673])"
849,"array([-10.59349862,   5.90350674])"
850,"array([-9.34677588,  3.9246913 ])"
