# source, target, count, pctSingleBid
0,1,17,0.0
0,2,11,0.0
0,3,3,0.3333333333333333
0,4,11,1.0
1,406,5,0.0
1,786,1,0.0
1,1306,1,0.0
2,110,1,0.0
2,894,3,0.0
2,925,1,0.0
2,1038,1,1.0
2,1095,2,0.5
2,1151,1,1.0
2,1339,119,0.03361344537815126
2,1525,1,1.0
3,110,3,0.3333333333333333
3,406,2,0.0
3,700,1,0.0
3,1035,1,0.0
3,1038,1,0.0
3,1081,1,0.0
3,1339,1,1.0
4,309,1,0.0
4,756,1,0.0
4,969,1,0.0
4,1044,1,0.0
4,1087,1,1.0
4,1185,1,0.0
5,6,2,0.0
5,7,1,0.0
5,8,1,1.0
5,9,1,0.0
5,10,1,1.0
5,11,1,1.0
6,110,2,0.0
6,377,1,0.0
6,852,1,0.0
6,1095,2,1.0
6,1333,3,0.0
6,1363,2,0.5
8,801,2,1.0
12,13,1,0.0
14,15,1,0.0
14,16,1,0.0
15,247,3,1.0
15,307,1,1.0
15,534,1,0.0
15,786,1,1.0
15,810,1,0.0
15,852,2,0.5
15,925,1,1.0
15,951,1,0.0
15,1038,1,1.0
15,1363,1,0.0
15,1495,1,1.0
16,1095,2,1.0
17,18,3,1.0
17,19,4,0.75
18,553,1,1.0
18,1075,1,1.0
20,21,1,1.0
21,366,1,1.0
21,368,1,0.0
21,406,2,0.0
21,452,1,0.0
21,484,3,1.0
21,822,1,1.0
21,837,2,0.0
21,844,4,0.25
21,1031,1,0.0
21,1055,5,0.0
21,1070,1,0.0
21,1172,9,0.6666666666666666
21,1290,1,1.0
21,1319,1,0.0
21,1363,1,0.0
22,23,3,1.0
22,24,2,1.0
22,25,4,0.5
22,26,1,0.0
22,27,4,0.5
22,28,2,0.5
22,29,1,1.0
22,30,2,1.0
22,31,1,1.0
22,32,2,0.0
22,33,6,1.0
22,34,2,1.0
22,35,3,0.6666666666666666
22,36,1,0.0
22,37,3,1.0
22,38,1,1.0
22,39,1,1.0
23,56,1,1.0
23,110,5,0.6
23,154,7,0.7142857142857143
23,156,1,0.0
23,216,1,0.0
23,281,4,0.75
23,460,3,0.3333333333333333
23,640,3,0.0
23,1006,4,0.5
23,1223,33,0.7575757575757576
23,1346,1,0.0
23,1358,1,0.0
23,1535,3,0.3333333333333333
25,110,2,1.0
25,154,1,1.0
25,156,1,1.0
25,256,2,1.0
25,460,3,0.6666666666666666
25,612,1,0.0
25,622,2,1.0
25,754,1,1.0
25,801,2,0.0
25,852,1,1.0
25,939,3,0.6666666666666666
26,281,1,1.0
26,612,1,1.0
27,110,1,0.0
27,256,1,0.0
27,939,3,1.0
28,40,1,0.0
29,110,2,1.0
29,1186,1,0.0
33,40,1,1.0
33,56,1,0.0
33,156,19,0.2631578947368421
33,216,1,0.0
33,370,1,0.0
33,526,1,0.0
33,539,5,0.6
33,598,1,0.0
33,640,3,0.0
33,773,15,0.4
33,799,1,0.0
33,825,2,1.0
33,903,1,1.0
33,905,1,0.0
33,972,1,0.0
33,1006,2,0.5
33,1223,5,0.2
33,1224,1,0.0
33,1294,2,0.0
33,1311,1,0.0
33,1345,1,0.0
33,1346,1,0.0
33,1356,2,0.0
33,1556,1,0.0
34,56,1,1.0
34,110,1,1.0
34,154,5,0.6
34,156,6,0.6666666666666666
34,216,1,0.0
34,370,1,0.0
34,460,2,0.5
34,598,1,0.0
34,612,1,1.0
34,622,1,1.0
34,640,1,0.0
34,801,3,0.6666666666666666
34,825,1,1.0
34,852,1,0.0
34,905,4,0.5
34,939,2,0.5
34,1006,1,1.0
34,1224,2,0.5
34,1294,1,0.0
34,1345,1,0.0
34,1346,1,0.0
34,1358,2,0.0
34,1535,1,1.0
35,40,1,0.0
35,56,1,1.0
35,110,3,1.0
35,256,2,0.5
35,460,7,0.2857142857142857
35,612,2,0.5
35,622,4,1.0
35,635,1,1.0
35,801,3,0.3333333333333333
35,852,1,0.0
35,939,7,0.42857142857142855
35,951,1,1.0
35,958,1,1.0
35,1006,1,0.0
35,1294,1,0.0
36,110,1,0.0
36,154,3,0.3333333333333333
36,156,13,0.38461538461538464
36,256,1,1.0
36,281,5,1.0
36,370,2,0.0
36,460,7,0.42857142857142855
36,622,1,1.0
36,640,3,0.0
36,801,2,0.0
36,852,1,0.0
36,905,5,0.0
36,939,2,0.5
36,1006,5,0.4
36,1098,1,0.0
36,1223,21,0.23809523809523808
36,1224,4,0.25
36,1358,2,0.0
36,1535,1,1.0
38,40,1,1.0
39,56,1,1.0
39,110,1,1.0
39,370,1,0.0
39,640,2,0.0
39,1006,1,0.0
39,1224,2,0.0
39,1252,1,0.0
39,1345,1,0.0
39,1556,1,0.0
41,42,1,0.0
41,43,1,1.0
41,44,1,0.0
41,45,3,0.0
41,46,2,0.0
41,47,2,0.0
41,48,2,0.0
41,49,1,0.0
41,50,1,0.0
41,51,3,0.0
41,52,3,0.0
41,53,1,0.0
41,54,3,0.0
41,55,1,0.0
42,193,2,0.0
42,309,1,1.0
42,406,5,0.0
42,580,1,0.0
42,1102,1,0.0
42,1316,3,0.0
42,1323,3,0.6666666666666666
42,1329,1,0.0
43,294,1,0.0
43,308,1,0.0
43,700,1,1.0
43,915,1,1.0
43,1035,1,0.0
43,1081,2,1.0
43,1088,1,1.0
43,1339,2,1.0
45,810,2,0.0
45,1560,1,0.0
46,193,1,0.0
46,406,5,0.0
46,748,2,0.0
46,847,1,0.0
46,867,1,0.0
46,876,1,0.0
46,1044,1,0.0
46,1088,2,0.0
46,1224,1,0.0
46,1323,1,0.0
50,748,2,0.0
51,193,4,0.0
51,406,5,0.0
51,790,1,0.0
51,847,1,0.0
51,1102,1,0.0
51,1329,3,0.0
52,193,4,0.0
52,460,1,0.0
52,627,1,0.0
52,717,1,0.0
52,847,1,0.0
52,1102,4,0.0
52,1316,2,0.0
52,1323,1,0.0
52,1445,1,0.0
52,1518,2,0.5
53,309,1,0.0
53,607,1,0.0
53,627,1,0.0
53,638,1,0.0
53,810,3,0.0
53,828,1,0.0
53,1102,1,0.0
53,1149,1,0.0
53,1323,1,0.0
53,1445,1,0.0
54,406,5,0.0
54,1109,1,0.0
56,57,1,0.0
56,58,1,0.0
56,59,1,1.0
56,60,6,0.5
56,61,1,1.0
56,62,4,0.0
56,63,2,0.5
56,64,1,1.0
56,65,2,0.0
56,66,2,0.0
56,67,2,1.0
56,68,1,1.0
56,69,1,0.0
56,70,1,1.0
56,71,1,0.0
56,72,2,0.5
56,73,1,0.0
56,74,2,0.0
56,75,4,0.5
56,76,3,0.6666666666666666
56,77,3,0.0
56,78,1,0.0
56,79,2,0.0
56,80,2,0.5
56,81,3,0.3333333333333333
56,82,1,0.0
56,83,6,0.6666666666666666
56,84,3,0.6666666666666666
56,85,2,0.5
56,86,4,0.5
56,87,2,0.0
56,88,6,0.3333333333333333
56,89,1,0.0
56,90,1,0.0
56,91,1,1.0
56,92,2,1.0
56,93,1,1.0
56,94,3,0.3333333333333333
56,95,1,1.0
56,96,1,0.0
56,97,5,0.2
56,98,3,0.6666666666666666
56,99,1,1.0
56,100,4,0.25
56,101,1,0.0
56,102,1,1.0
56,103,5,0.4
56,104,3,0.0
56,105,1,0.0
56,106,4,0.5
56,107,2,1.0
56,108,1,0.0
56,109,1,1.0
57,216,1,0.0
57,274,2,0.0
57,406,1659,0.12236286919831224
57,539,1,0.0
57,547,1,0.0
57,583,1,0.0
57,599,1,0.0
57,610,1,1.0
57,640,11,0.3636363636363637
57,865,1,0.0
57,972,1,0.0
57,1003,1,0.0
57,1098,1,0.0
57,1184,1,0.0
57,1186,1,0.0
57,1224,5,0.8
57,1252,1,0.0
57,1294,1,0.0
57,1311,2,0.0
57,1345,3,0.0
57,1346,1,0.0
57,1349,2,0.0
57,1358,1,0.0
57,1535,1,0.0
57,1556,2,0.0
58,274,1,0.0
58,406,251,0.04780876494023904
58,539,1,0.0
58,547,1,0.0
58,583,1,0.0
58,640,4,0.0
58,1003,1,0.0
58,1098,1,0.0
58,1184,1,0.0
58,1224,1,0.0
58,1294,1,0.0
58,1311,1,0.0
58,1345,1,0.0
58,1346,1,0.0
58,1349,2,0.5
58,1358,1,0.0
58,1556,1,0.0
59,216,3,0.6666666666666666
59,583,2,1.0
59,610,1,1.0
59,825,1,0.0
59,865,1,1.0
59,1009,1,0.0
59,1053,1,0.0
59,1349,2,0.0
59,1556,1,0.0
60,154,1,1.0
60,216,1,0.0
60,274,2,0.0
60,406,74,0.10810810810810811
60,539,1,0.0
60,547,1,0.0
60,583,1,0.0
60,610,1,0.0
60,640,17,0.0
60,1045,1,0.0
60,1098,4,0.0
60,1186,5,0.0
60,1224,4,0.25
60,1252,2,0.0
60,1294,3,0.0
60,1311,4,0.0
60,1345,3,0.0
60,1346,2,0.5
60,1349,6,0.0
60,1358,9,0.1111111111111111
60,1535,3,0.0
60,1556,4,0.25
61,216,3,0.3333333333333333
61,553,3,0.0
61,612,1,1.0
61,640,7,0.2857142857142857
61,865,1,0.0
61,1009,1,0.0
61,1061,1,0.0
61,1184,1,0.0
61,1186,1,0.0
61,1224,3,0.0
61,1252,3,0.0
61,1268,2,0.0
61,1349,1,0.0
61,1358,17,0.29411764705882354
61,1556,1,0.0
62,539,1,0.0
62,583,1,0.0
62,601,1,0.0
62,612,7,1.0
62,640,10,0.4
62,773,1,0.0
62,891,1,0.0
62,999,1,0.0
62,1000,1,0.0
62,1009,1,1.0
62,1011,1,0.0
62,1045,1,0.0
62,1054,1,0.0
62,1186,2,0.0
62,1224,5,0.8
62,1268,1,0.0
62,1294,1,0.0
62,1311,2,0.5
62,1349,3,0.3333333333333333
62,1358,11,0.5454545454545454
62,1556,2,0.0
63,216,1,0.0
63,583,1,0.0
63,599,1,0.0
63,640,10,0.0
63,972,3,0.0
63,1009,2,0.0
63,1045,1,0.0
63,1098,2,0.0
63,1186,1,0.0
63,1224,3,0.3333333333333333
63,1294,3,0.0
63,1311,4,0.0
63,1345,2,0.0
63,1349,1,0.0
63,1358,2,0.0
63,1535,6,0.16666666666666666
63,1556,3,0.0
64,216,1,1.0
64,274,1,0.0
64,891,1,1.0
64,1045,1,0.0
64,1186,1,0.0
64,1252,1,0.0
64,1273,1,0.0
64,1345,2,0.5
64,1535,2,0.0
65,216,2,0.0
65,598,1,0.0
65,640,8,0.0
65,905,1,0.0
65,1009,1,0.0
65,1045,1,0.0
65,1098,2,0.0
65,1186,1,0.0
65,1223,3,0.0
65,1224,4,0.25
65,1294,3,0.0
65,1311,6,0.0
65,1345,2,0.0
65,1346,1,0.0
65,1349,1,0.0
65,1358,3,0.0
65,1535,2,0.0
65,1556,4,0.25
66,216,1,0.0
66,599,1,0.0
66,640,4,0.0
66,773,1,1.0
66,1009,1,0.0
66,1045,1,0.0
66,1054,1,1.0
66,1186,1,0.0
66,1224,1,0.0
66,1294,1,0.0
66,1311,2,0.0
66,1345,1,0.0
66,1349,2,0.0
66,1358,3,0.0
66,1535,1,0.0
66,1556,2,0.5
67,216,3,0.3333333333333333
67,583,1,0.0
67,612,1,0.0
67,640,3,0.3333333333333333
67,753,1,0.0
67,865,1,0.0
67,933,1,0.0
67,935,1,0.0
67,972,1,0.0
67,999,1,0.0
67,1004,1,0.0
67,1011,1,0.0
67,1045,1,0.0
67,1053,1,0.0
67,1061,1,0.0
67,1186,3,0.0
67,1289,1,0.0
67,1294,1,0.0
67,1311,1,0.0
67,1345,2,0.0
67,1358,3,0.3333333333333333
67,1535,2,0.0
67,1556,1,1.0
68,601,1,0.0
68,640,5,0.2
68,1098,1,0.0
68,1224,2,0.0
68,1311,4,0.0
68,1349,2,0.0
68,1358,1,0.0
69,154,2,0.5
69,216,3,0.3333333333333333
69,640,3,0.6666666666666666
69,773,1,1.0
69,1009,1,0.0
69,1053,1,1.0
69,1061,1,1.0
69,1186,2,0.0
69,1289,2,1.0
69,1294,2,0.0
69,1349,3,0.3333333333333333
69,1358,2,0.0
69,1535,2,0.5
69,1556,2,0.0
70,216,1,1.0
70,891,1,0.0
70,898,1,0.0
70,1000,1,1.0
70,1009,1,0.0
70,1252,1,0.0
70,1346,1,1.0
70,1358,1,0.0
71,539,4,0.25
71,583,1,0.0
71,640,1,0.0
71,1045,1,0.0
71,1294,1,1.0
71,1349,2,0.0
71,1358,2,0.0
71,1535,1,1.0
72,610,1,0.0
72,640,13,0.2307692307692308
72,1045,1,0.0
72,1054,1,1.0
72,1224,1,0.0
72,1252,4,0.0
72,1294,1,0.0
72,1345,2,0.0
72,1349,1,0.0
72,1358,1,0.0
72,1556,1,0.0
73,640,2,0.0
73,1224,1,0.0
73,1311,1,0.0
73,1345,1,0.0
73,1349,1,0.0
73,1358,2,0.0
73,1556,1,0.0
74,216,2,0.0
74,460,1,1.0
74,539,7,0.42857142857142855
74,640,2,0.0
74,865,1,0.0
74,898,8,0.5
74,924,4,1.0
74,1004,1,0.0
74,1017,14,0.9285714285714286
74,1186,7,0.0
74,1556,1,0.0
75,216,5,0.4
75,539,3,0.3333333333333333
75,599,1,0.0
75,640,20,0.0
75,753,1,1.0
75,773,5,0.0
75,903,1,0.0
75,905,2,0.0
75,932,2,0.5
75,972,2,0.0
75,1009,1,0.0
75,1045,3,0.0
75,1054,1,0.0
75,1098,3,0.0
75,1122,4,0.0
75,1186,4,0.0
75,1224,6,0.0
75,1294,3,0.0
75,1311,5,0.0
75,1345,4,0.0
75,1349,6,0.0
75,1358,4,0.0
75,1535,3,0.0
75,1556,4,0.0
76,640,8,0.125
76,865,1,0.0
76,1009,1,0.0
76,1045,2,0.0
76,1098,2,0.0
76,1186,2,0.0
76,1224,2,0.0
76,1294,1,0.0
76,1345,1,0.0
76,1349,2,0.5
76,1535,3,0.0
76,1556,2,0.5
77,640,1,0.0
77,1045,1,0.0
77,1535,1,0.0
79,216,1,0.0
79,274,1,0.0
79,281,1,1.0
79,460,3,1.0
79,539,4,0.25
79,553,1,0.0
79,583,2,0.0
79,601,2,0.0
79,612,1,1.0
79,640,8,0.125
79,753,2,0.5
79,773,2,0.5
79,865,2,0.0
79,891,1,1.0
79,903,2,0.0
79,932,5,0.6
79,933,2,0.5
79,999,2,0.0
79,1000,2,0.0
79,1004,2,0.0
79,1009,3,0.6666666666666666
79,1011,2,0.0
79,1012,1,0.0
79,1017,2,1.0
79,1045,1,0.0
79,1053,3,0.3333333333333333
79,1054,2,0.0
79,1057,1,0.0
79,1058,2,0.0
79,1060,2,0.0
79,1061,8,0.375
79,1066,1,1.0
79,1067,2,0.0
79,1098,2,0.0
79,1224,4,0.25
79,1251,2,0.0
79,1268,3,0.3333333333333333
79,1289,2,0.0
79,1294,3,0.0
79,1311,2,0.0
79,1345,3,0.0
79,1346,1,1.0
79,1349,5,0.0
79,1358,7,0.2857142857142857
79,1535,8,0.375
79,1556,2,0.0
80,539,3,0.0
80,553,1,0.0
80,640,2,0.5
80,865,1,0.0
80,898,4,0.25
80,1349,1,0.0
80,1358,1,0.0
80,1535,1,0.0
81,274,1,1.0
81,640,3,1.0
81,898,5,0.4
81,932,1,0.0
81,934,3,0.3333333333333333
81,1017,2,0.0
81,1045,1,0.0
81,1061,1,0.0
81,1184,1,0.0
81,1186,1,0.0
81,1294,1,0.0
81,1358,3,0.0
81,1535,5,0.0
82,216,1,0.0
82,539,7,0.0
82,640,2,0.5
82,903,1,0.0
82,1186,1,0.0
82,1311,1,0.0
82,1345,1,0.0
82,1358,1,0.0
82,1535,1,0.0
83,110,2,1.0
83,154,2,0.5
83,156,11,0.5454545454545454
83,216,4,0.0
83,526,1,0.0
83,539,11,0.2727272727272727
83,547,1,1.0
83,553,1,0.0
83,583,1,0.0
83,598,1,0.0
83,612,8,0.375
83,640,23,0.043478260869565216
83,754,1,1.0
83,799,1,0.0
83,825,8,0.375
83,852,1,1.0
83,905,5,0.2
83,972,2,0.0
83,1006,6,0.5
83,1045,1,0.0
83,1098,1,0.0
83,1122,1,1.0
83,1184,2,0.5
83,1186,5,0.0
83,1223,11,0.6363636363636364
83,1224,12,0.4166666666666667
83,1252,3,0.0
83,1294,6,0.0
83,1311,6,0.16666666666666666
83,1345,3,0.0
83,1346,2,0.5
83,1349,8,0.25
83,1358,6,0.0
83,1535,3,0.3333333333333333
83,1556,4,0.0
84,274,1,0.0
84,539,2,1.0
84,583,1,1.0
84,612,1,0.0
84,843,1,1.0
84,865,2,0.0
84,891,2,1.0
84,903,1,1.0
84,932,2,0.5
84,999,1,1.0
84,1004,1,0.0
84,1045,1,0.0
84,1054,1,1.0
84,1098,1,0.0
84,1186,1,0.0
84,1224,4,0.5
84,1294,2,0.0
84,1345,1,0.0
84,1358,2,0.0
84,1535,3,0.6666666666666666
84,1556,1,1.0
85,598,1,0.0
85,640,3,0.0
85,905,1,1.0
85,1223,3,0.0
85,1224,1,0.0
85,1358,1,0.0
86,216,1,1.0
86,539,1,0.0
86,640,4,0.5
86,865,1,0.0
86,932,2,0.5
86,999,1,1.0
86,1004,1,0.0
86,1017,4,0.5
86,1045,1,0.0
86,1053,1,1.0
86,1186,3,0.0
86,1224,3,1.0
86,1273,1,0.0
86,1535,4,0.25
87,610,1,0.0
87,640,2,0.0
87,1224,2,0.0
87,1349,1,0.0
88,216,4,0.25
88,274,2,0.5
88,526,1,1.0
88,539,14,0.6428571428571429
88,583,1,0.0
88,598,1,0.0
88,601,2,0.5
88,612,1,1.0
88,640,5,0.0
88,753,3,0.3333333333333333
88,773,7,0.42857142857142855
88,799,1,0.0
88,825,22,0.5909090909090909
88,843,1,0.0
88,865,1,0.0
88,891,1,0.0
88,903,1,0.0
88,924,2,1.0
88,932,4,0.5
88,934,4,0.25
88,972,1,0.0
88,1000,3,1.0
88,1003,4,1.0
88,1004,1,0.0
88,1009,3,0.0
88,1011,3,1.0
88,1012,1,1.0
88,1017,6,0.3333333333333333
88,1045,4,0.0
88,1053,2,0.5
88,1058,3,1.0
88,1061,1,1.0
88,1098,2,0.0
88,1183,1,1.0
88,1184,2,0.0
88,1186,10,0.0
88,1199,1,0.0
88,1224,3,0.3333333333333333
88,1251,4,0.25
88,1252,1,0.0
88,1265,2,1.0
88,1268,2,0.5
88,1286,2,1.0
88,1294,1,0.0
88,1311,2,0.0
88,1345,1,0.0
88,1346,1,0.0
88,1349,1,1.0
88,1356,1,0.0
88,1358,3,0.0
88,1535,3,0.6666666666666666
88,1556,4,0.5
90,110,1,0.0
90,216,1,0.0
90,370,2,0.5
90,539,2,0.0
90,598,1,0.0
90,640,3,0.0
90,799,1,0.0
90,905,2,0.5
90,1006,3,0.3333333333333333
90,1054,1,0.0
90,1122,2,0.0
90,1186,6,0.5
90,1224,2,0.0
90,1311,2,0.0
90,1346,1,0.0
90,1358,1,0.0
90,1556,2,0.5
92,216,1,1.0
92,601,2,1.0
92,612,1,0.0
92,640,6,0.3333333333333333
92,932,1,1.0
92,1003,1,1.0
92,1098,1,0.0
92,1184,2,0.0
92,1224,2,0.0
92,1294,1,0.0
92,1311,1,0.0
92,1345,1,0.0
92,1346,2,0.5
92,1349,4,0.5
92,1358,1,0.0
92,1535,2,0.0
93,216,1,0.0
93,274,2,0.0
93,406,706,0.026912181303116147
93,539,1,0.0
93,547,1,0.0
93,583,1,0.0
93,599,1,0.0
93,640,3,0.0
93,972,1,0.0
93,1003,1,0.0
93,1087,1,0.0
93,1098,1,0.0
93,1184,1,0.0
93,1186,1,0.0
93,1224,1,0.0
93,1311,1,0.0
93,1345,1,0.0
93,1346,1,0.0
93,1349,1,0.0
93,1358,1,0.0
93,1535,1,0.0
93,1556,1,0.0
94,216,6,0.6666666666666666
94,539,8,0.75
94,583,3,0.6666666666666666
94,601,1,0.0
94,640,10,0.4
94,753,1,1.0
94,773,1,1.0
94,865,1,1.0
94,932,1,1.0
94,999,2,0.5
94,1000,2,1.0
94,1004,2,1.0
94,1009,1,1.0
94,1011,1,0.0
94,1012,1,1.0
94,1045,2,0.0
94,1057,1,1.0
94,1066,1,1.0
94,1184,1,0.0
94,1186,1,0.0
94,1294,1,1.0
94,1345,1,0.0
94,1349,3,0.3333333333333333
94,1358,3,0.6666666666666666
94,1535,1,1.0
94,1556,6,0.6666666666666666
95,583,1,0.0
95,640,1,0.0
95,924,1,0.0
95,934,1,0.0
95,1054,1,0.0
95,1087,1,0.0
95,1098,1,0.0
95,1224,1,0.0
95,1265,2,0.0
95,1311,2,0.0
96,216,1,0.0
96,640,5,0.0
96,932,1,0.0
96,934,1,0.0
96,1045,1,0.0
96,1186,1,0.0
96,1224,2,0.0
96,1252,4,0.0
96,1294,2,0.0
96,1311,1,0.0
96,1345,1,0.0
96,1349,3,0.0
96,1358,1,0.0
96,1535,1,0.0
97,216,1,0.0
97,274,1,0.0
97,539,2,0.0
97,640,12,0.0
97,773,1,0.0
97,865,2,0.0
97,932,1,0.0
97,934,5,0.2
97,1004,1,1.0
97,1009,1,0.0
97,1045,3,0.3333333333333333
97,1054,1,0.0
97,1098,2,0.0
97,1122,3,0.0
97,1224,7,0.14285714285714285
97,1252,2,0.0
97,1294,2,0.0
97,1311,3,0.0
97,1345,3,0.0
97,1349,3,0.0
97,1358,7,0.0
97,1535,2,0.0
97,1556,3,0.0
98,216,7,0.7142857142857143
98,406,8,0.875
98,610,1,0.0
98,640,7,0.42857142857142855
98,972,1,0.0
98,1045,1,0.0
98,1186,2,0.0
98,1224,2,0.0
98,1252,3,0.0
98,1311,3,0.0
98,1345,2,0.0
98,1349,4,0.0
98,1358,1,0.0
98,1535,3,0.6666666666666666
99,154,1,1.0
99,156,1,1.0
99,216,1,0.0
99,526,1,0.0
99,539,4,0.75
99,598,1,0.0
99,612,1,1.0
99,640,3,0.0
99,773,8,0.875
99,799,1,0.0
99,825,2,0.5
99,905,2,0.5
99,1045,1,0.0
99,1098,1,0.0
99,1122,1,1.0
99,1186,2,0.5
99,1223,2,0.0
99,1224,4,0.25
99,1294,1,0.0
99,1311,2,0.0
99,1345,1,0.0
99,1346,1,0.0
99,1358,3,0.3333333333333333
99,1556,2,1.0
100,156,3,0.0
100,216,1,0.0
100,274,1,1.0
100,281,1,1.0
100,598,1,0.0
100,640,13,0.07692307692307693
100,799,1,0.0
100,825,2,0.5
100,905,1,0.0
100,939,1,0.0
100,972,2,0.0
100,1006,1,0.0
100,1009,1,0.0
100,1045,2,0.0
100,1098,2,0.0
100,1122,2,0.0
100,1186,1,0.0
100,1223,23,0.08695652173913043
100,1224,6,0.3333333333333333
100,1294,4,0.0
100,1311,6,0.0
100,1346,3,0.6666666666666666
100,1349,3,0.3333333333333333
100,1356,2,0.0
100,1358,3,0.0
100,1535,4,0.0
100,1556,4,0.0
101,216,1,0.0
101,599,1,0.0
101,640,4,0.0
101,972,1,0.0
101,1045,2,0.0
101,1294,1,0.0
101,1349,1,0.0
101,1535,3,0.3333333333333333
101,1556,1,1.0
102,156,1,1.0
102,216,2,0.0
102,526,1,0.0
102,539,3,0.3333333333333333
102,598,1,0.0
102,622,1,1.0
102,640,4,0.25
102,773,4,0.75
102,799,1,0.0
102,825,2,0.0
102,905,3,0.6666666666666666
102,1006,1,1.0
102,1009,1,0.0
102,1023,1,1.0
102,1045,2,0.0
102,1122,1,0.0
102,1186,3,0.0
102,1223,16,0.9375
102,1224,1,0.0
102,1311,3,0.0
102,1345,1,0.0
102,1346,1,0.0
102,1356,1,1.0
102,1358,3,0.0
102,1535,1,1.0
102,1556,2,0.0
103,640,8,0.0
103,773,2,1.0
103,865,1,0.0
103,960,1,1.0
103,1004,1,0.0
103,1009,1,0.0
103,1017,1,0.0
103,1045,2,0.0
103,1061,3,0.0
103,1098,2,0.0
103,1224,5,0.2
103,1294,3,0.0
103,1311,2,0.0
103,1345,2,0.0
103,1349,3,0.0
103,1358,2,0.0
103,1535,2,0.0
104,216,2,0.0
104,640,8,0.0
104,903,1,1.0
104,1045,1,0.0
104,1098,2,0.0
104,1186,1,0.0
104,1224,2,0.0
104,1252,6,0.0
104,1294,2,0.0
104,1311,3,0.0
104,1345,4,0.0
104,1349,6,0.16666666666666666
104,1358,3,0.0
104,1535,1,0.0
104,1556,1,1.0
105,640,3,0.0
105,1224,1,0.0
105,1252,1,0.0
105,1311,1,0.0
105,1345,1,0.0
105,1349,1,0.0
106,539,5,0.2
106,640,3,0.3333333333333333
106,898,2,0.5
106,932,4,0.5
106,1000,1,0.0
106,1017,2,0.0
106,1045,1,0.0
106,1054,1,1.0
106,1184,1,0.0
106,1186,2,0.0
106,1199,1,0.0
106,1349,1,1.0
106,1535,5,0.4
106,1556,1,0.0
107,216,1,1.0
109,1186,2,0.0
109,1223,2,0.0
110,111,3,0.3333333333333333
110,112,1,1.0
110,113,1,1.0
110,114,2,1.0
110,115,2,0.5
110,116,1,0.0
110,117,1,0.0
110,118,1,0.0
110,119,1,0.0
110,120,1,0.0
110,121,1,0.0
110,122,1,1.0
110,123,1,0.0
110,124,3,0.3333333333333333
110,125,1,0.0
110,126,1,1.0
110,127,1,1.0
110,128,1,0.0
110,129,1,0.0
110,130,1,0.0
110,131,1,0.0
110,132,1,0.0
110,133,1,0.0
110,134,1,0.0
110,135,1,1.0
110,136,4,0.25
110,137,2,1.0
110,138,1,0.0
110,139,8,0.5
110,140,1,1.0
110,141,1,1.0
110,142,1,1.0
110,143,3,1.0
110,144,1,1.0
110,145,1,0.0
110,146,1,0.0
110,147,1,1.0
110,148,1,0.0
110,149,1,0.0
110,150,1,1.0
111,640,2,0.0
111,1556,1,0.0
112,216,1,1.0
112,370,2,0.5
112,526,1,0.0
112,598,1,0.0
112,640,5,0.0
112,799,1,0.0
112,825,5,0.0
112,1006,1,1.0
112,1224,3,0.3333333333333333
112,1311,1,0.0
112,1345,1,0.0
112,1346,1,0.0
112,1358,5,0.0
112,1535,1,0.0
112,1556,1,0.0
114,801,2,0.5
116,457,1,1.0
116,1345,1,0.0
120,154,2,0.5
120,256,1,1.0
120,281,1,1.0
120,370,1,0.0
120,406,1,0.0
120,460,1,1.0
120,477,3,0.0
120,582,1,0.0
120,635,1,1.0
120,640,1,0.0
120,696,1,0.0
120,700,6,0.5
120,755,1,0.0
120,775,2,1.0
120,894,5,0.0
120,915,1,1.0
120,951,8,0.75
120,958,4,0.5
120,960,1,0.0
120,1035,1,1.0
120,1038,1,0.0
120,1069,1,0.0
120,1092,1,0.0
120,1095,1,1.0
120,1126,2,0.5
120,1151,1,0.0
120,1243,1,1.0
120,1363,1,0.0
120,1505,7,0.2857142857142857
121,406,2,0.0
124,583,1,0.0
124,640,7,0.0
124,972,1,0.0
124,1186,1,0.0
124,1224,3,0.0
124,1556,1,0.0
125,583,1,0.0
125,640,3,0.0
125,1556,1,0.0
126,154,1,0.0
127,852,2,0.0
127,1346,1,1.0
128,156,1,0.0
128,281,1,1.0
128,633,1,0.0
128,717,1,0.0
128,862,1,0.0
128,939,1,0.0
128,1146,1,0.0
128,1277,1,0.0
128,1333,1,0.0
128,1345,1,0.0
128,1363,2,0.5
128,1504,1,1.0
128,1539,1,1.0
129,583,1,0.0
129,640,1,0.0
129,1556,1,0.0
130,1224,1,0.0
130,1311,1,0.0
131,460,1,0.0
131,1186,1,0.0
132,406,5,0.0
132,762,1,1.0
132,786,3,0.0
134,163,1,0.0
134,181,1,0.0
134,458,1,0.0
134,579,1,1.0
134,640,1,0.0
134,773,1,1.0
134,799,1,0.0
134,913,1,0.0
134,998,1,0.0
134,1519,2,0.0
137,154,1,1.0
137,460,1,1.0
137,801,2,0.0
137,939,6,0.3333333333333333
137,951,2,1.0
137,1006,1,1.0
137,1065,1,1.0
138,370,1,0.0
138,1333,1,0.0
139,156,6,0.16666666666666666
139,281,3,1.0
139,370,2,1.0
139,460,3,0.0
139,622,1,1.0
139,905,1,0.0
140,281,1,1.0
140,460,1,0.0
140,905,3,0.0
140,1006,2,0.0
142,583,1,0.0
143,154,2,1.0
143,460,1,1.0
143,612,1,0.0
143,767,1,1.0
143,951,1,1.0
143,958,2,0.5
144,241,1,0.0
144,406,2,0.0
144,633,1,1.0
144,700,2,0.0
144,820,1,1.0
144,894,2,1.0
144,1047,1,0.0
144,1081,1,0.0
144,1151,1,0.0
144,1252,3,0.0
144,1460,1,1.0
144,1495,3,0.6666666666666666
144,1502,1,0.0
145,406,3,0.0
145,801,7,0.42857142857142855
151,152,1,0.0
151,153,1,0.0
154,155,2,0.5
155,1006,2,0.0
156,157,6,0.16666666666666666
156,158,2,1.0
156,159,1,1.0
156,160,1,0.0
156,161,2,0.5
156,162,8,0.625
157,281,2,1.0
157,370,2,0.0
157,526,1,0.0
157,612,2,0.5
157,640,2,0.0
157,754,1,1.0
157,799,1,1.0
157,852,1,0.0
157,905,3,0.0
157,1006,4,0.75
157,1122,1,0.0
157,1223,7,0.0
157,1224,2,0.0
157,1346,1,0.0
157,1358,1,0.0
158,905,1,1.0
158,1224,1,1.0
159,640,2,0.0
160,216,1,0.0
160,526,1,0.0
160,539,2,0.0
160,640,4,0.0
160,799,1,0.0
160,825,6,0.16666666666666666
160,905,1,0.0
160,1122,2,0.0
160,1223,1,0.0
160,1224,4,0.25
160,1311,2,0.0
160,1346,1,0.0
160,1358,1,0.0
160,1535,2,0.0
160,1556,3,0.0
161,370,1,0.0
161,612,1,1.0
163,164,1,0.0
163,165,1,1.0
163,166,2,0.0
163,167,1,0.0
163,168,1,1.0
163,169,1,0.0
163,170,2,0.0
163,171,1,0.0
163,172,1,1.0
163,173,1,0.0
163,174,3,0.0
163,175,1,0.0
163,176,1,1.0
163,177,1,0.0
163,178,1,0.0
163,179,1,0.0
163,180,1,1.0
164,256,4,0.25
164,406,3,0.0
164,1333,1,0.0
164,1505,1,0.0
167,256,1,0.0
167,1126,1,0.0
170,327,1,0.0
170,786,1,0.0
170,815,1,0.0
170,972,18,0.0
170,1224,1,0.0
170,1505,3,0.0
171,406,1,0.0
171,477,10,0.1
171,743,1,0.0
172,700,1,0.0
172,894,1,0.0
173,786,2,0.0
174,1075,1,0.0
181,182,1,0.0
181,183,1,0.0
181,184,1,0.0
181,185,1,0.0
181,186,1,0.0
181,187,1,0.0
181,188,1,0.0
181,189,1,0.0
181,190,1,1.0
181,191,1,0.0
181,192,1,0.0
183,1151,5,0.0
184,739,1,1.0
184,1269,1,0.0
184,1300,1,1.0
184,1363,1,0.0
188,1151,1,0.0
189,1363,2,0.0
191,1363,1,0.0
193,194,2,0.0
193,195,3,0.0
193,196,1,0.0
193,197,3,0.0
193,198,1,0.0
193,199,2,0.0
193,200,1,1.0
193,201,2,1.0
193,202,1,1.0
193,203,1,1.0
193,204,1,1.0
193,205,1,0.0
193,206,2,0.0
193,207,1,0.0
193,208,3,0.0
193,209,1,0.0
193,210,1,1.0
193,211,1,0.0
193,212,1,1.0
193,213,1,0.0
193,214,1,0.0
193,215,4,0.0
194,377,28,0.7142857142857143
194,580,1,0.0
194,810,2,0.5
194,1070,1,0.0
195,828,2,0.0
195,1185,1,0.0
195,1252,1,0.0
196,338,5,0.0
196,627,1,0.0
196,810,5,0.0
196,847,1,0.0
196,1126,1,0.0
196,1185,1,0.0
196,1445,2,0.0
197,338,1,0.0
197,406,5,0.0
197,695,1,0.0
197,784,1,0.0
197,1316,1,0.0
198,580,1,0.0
198,740,1,0.0
198,867,1,0.0
198,1306,1,0.0
198,1511,1,0.0
199,358,1,1.0
207,406,5,0.0
207,695,1,0.0
207,810,6,0.6666666666666666
207,1102,4,0.0
207,1363,2,0.0
207,1560,3,0.0
208,358,1,0.0
208,627,1,0.0
208,810,1,0.0
208,867,1,1.0
208,876,1,0.0
208,1194,1,0.0
208,1329,4,0.25
208,1445,2,0.0
209,377,1,0.0
209,1102,3,0.0
209,1445,1,0.0
210,810,3,1.0
210,1519,1,0.0
211,338,2,0.0
211,1460,1,0.0
213,972,2,0.0
213,1539,1,0.0
214,1068,1,0.0
215,309,1,0.0
215,377,1,0.0
215,627,1,0.0
215,847,1,0.0
215,876,5,0.0
215,1126,2,0.0
216,217,2,0.5
216,218,1,0.0
216,219,1,0.0
216,220,1,1.0
216,221,1,0.0
216,222,1,0.0
216,223,1,1.0
216,224,1,0.0
216,225,1,0.0
216,226,1,0.0
216,227,1,0.0
216,228,1,0.0
216,229,1,0.0
216,230,1,0.0
216,231,2,0.0
216,232,2,0.5
216,233,1,0.0
216,234,1,0.0
216,235,1,0.0
216,236,1,0.0
216,237,1,1.0
216,238,2,0.0
216,239,1,0.0
216,240,1,0.0
217,274,1,0.0
217,406,631,0.025356576862123614
217,539,2,0.5
217,583,3,0.0
217,599,1,0.0
217,640,6,0.0
217,972,1,0.0
217,1087,1,0.0
217,1098,1,0.0
217,1184,1,0.0
217,1186,2,0.0
217,1224,4,0.75
217,1252,4,0.0
217,1273,1,1.0
217,1294,1,0.0
217,1311,1,0.0
217,1345,1,0.0
217,1349,3,0.0
217,1358,2,0.0
217,1535,1,0.0
217,1556,1,0.0
218,640,2,0.0
218,1045,2,0.0
218,1252,2,0.0
218,1294,1,0.0
218,1311,1,0.0
218,1345,1,0.0
218,1535,1,1.0
219,640,2,0.0
219,972,1,0.0
219,1045,1,0.0
219,1054,1,1.0
219,1186,1,0.0
219,1224,3,0.0
219,1294,1,0.0
219,1311,1,0.0
219,1345,1,0.0
219,1535,3,0.0
220,1224,1,1.0
222,539,6,0.3333333333333333
222,934,1,0.0
222,1224,1,0.0
222,1268,9,0.7777777777777778
222,1535,1,0.0
222,1556,1,0.0
223,547,1,0.0
223,583,1,0.0
223,640,1,0.0
223,773,3,0.3333333333333333
223,825,1,0.0
223,972,1,0.0
223,1087,1,0.0
223,1184,1,0.0
223,1224,1,0.0
223,1311,1,0.0
223,1556,1,0.0
225,640,3,0.0
225,1345,1,0.0
225,1349,3,0.3333333333333333
225,1535,1,0.0
226,526,1,1.0
226,598,1,1.0
226,773,1,1.0
226,799,1,1.0
226,825,1,1.0
226,1311,1,0.0
226,1345,1,0.0
226,1346,1,0.0
226,1358,2,0.0
226,1556,1,0.0
227,526,1,0.0
227,539,4,0.25
227,640,1,0.0
227,773,1,0.0
227,1017,1,0.0
227,1224,2,0.5
227,1294,1,0.0
227,1346,1,0.0
228,274,1,1.0
228,539,4,1.0
228,640,3,0.0
228,905,2,0.5
228,1311,1,0.0
228,1345,1,0.0
228,1346,1,0.0
228,1356,1,0.0
228,1556,2,0.5
229,460,1,1.0
229,640,3,0.0
229,799,1,0.0
229,905,1,0.0
229,1098,1,0.0
229,1186,1,0.0
229,1224,2,1.0
229,1345,1,0.0
229,1358,2,0.0
229,1556,3,0.3333333333333333
231,1224,1,1.0
232,526,1,0.0
232,539,1,1.0
232,598,1,0.0
232,640,2,0.0
232,799,1,0.0
232,905,2,0.5
232,962,1,0.0
232,972,1,0.0
232,1224,1,1.0
232,1294,1,0.0
232,1311,1,0.0
232,1345,1,0.0
232,1346,2,0.5
232,1349,2,0.5
232,1358,1,0.0
232,1363,1,0.0
232,1535,1,1.0
232,1556,1,1.0
233,1349,1,1.0
234,526,1,0.0
234,640,5,0.0
234,799,1,0.0
234,825,6,0.16666666666666666
234,1224,3,0.0
234,1294,1,0.0
234,1346,1,0.0
234,1535,1,0.0
235,526,1,0.0
235,598,1,1.0
235,640,3,0.3333333333333333
235,773,5,1.0
235,799,1,0.0
235,865,1,0.0
235,932,1,0.0
235,1224,2,0.0
235,1294,1,0.0
235,1311,1,0.0
235,1345,1,0.0
235,1346,1,0.0
235,1358,2,0.0
235,1556,2,1.0
236,999,1,1.0
236,1023,1,1.0
236,1346,1,0.0
236,1349,2,1.0
237,539,2,0.5
237,553,1,1.0
237,640,5,0.2
237,825,1,1.0
237,932,5,0.4
237,1011,1,1.0
237,1017,3,0.6666666666666666
237,1045,3,0.0
237,1184,1,0.0
237,1186,2,0.0
237,1224,2,0.0
237,1294,1,1.0
237,1311,1,0.0
237,1345,3,0.0
237,1346,2,0.5
237,1358,1,0.0
237,1535,2,0.5
237,1556,1,0.0
239,640,4,0.0
239,1098,1,0.0
239,1186,1,0.0
239,1224,1,0.0
239,1294,1,0.0
239,1311,2,0.0
239,1349,1,0.0
239,1358,1,0.0
239,1556,1,0.0
241,242,1,0.0
242,350,1,0.0
242,1495,1,0.0
243,244,1,0.0
244,1031,1,1.0
244,1056,1,1.0
245,246,1,0.0
246,1172,2,0.5
246,1554,1,0.0
247,248,1,1.0
247,249,1,1.0
247,250,1,1.0
247,251,3,0.3333333333333333
247,252,5,0.4
247,253,1,1.0
247,254,1,1.0
247,255,1,1.0
248,406,4,0.0
248,477,2,0.0
248,700,2,0.5
248,774,1,0.0
248,894,5,0.4
248,1363,1,0.0
248,1539,1,0.0
255,1088,1,0.0
256,257,1,0.0
256,258,3,0.0
256,259,1,0.0
256,260,1,0.0
256,261,1,1.0
256,262,1,0.0
256,263,1,1.0
256,264,2,0.0
256,265,1,0.0
256,266,3,0.6666666666666666
256,267,1,1.0
256,268,1,1.0
256,269,1,1.0
256,270,2,0.0
256,271,3,0.3333333333333333
256,272,1,0.0
256,273,3,0.0
257,1023,1,0.0
258,1349,1,0.0
258,1436,2,0.0
260,700,3,0.3333333333333333
260,1186,1,1.0
260,1505,1,0.0
264,767,2,0.5
264,939,7,0.42857142857142855
266,281,5,1.0
266,801,1,0.0
266,852,1,0.0
266,939,1,0.0
266,958,1,1.0
267,281,1,1.0
267,939,1,1.0
270,939,1,1.0
271,281,1,0.0
271,972,1,0.0
271,1109,1,0.0
274,275,1,1.0
274,276,2,0.0
274,277,1,1.0
274,278,1,0.0
274,279,1,0.0
274,280,1,0.0
275,539,2,0.5
275,640,4,0.25
275,773,1,1.0
275,865,1,0.0
275,1004,1,1.0
275,1009,1,0.0
275,1045,1,0.0
275,1061,1,1.0
275,1098,1,0.0
275,1224,1,0.0
275,1252,2,0.0
275,1294,2,0.5
275,1311,2,0.0
275,1345,1,0.0
275,1349,1,0.0
275,1358,4,0.0
275,1535,7,0.5714285714285714
276,583,1,0.0
276,640,3,0.0
276,1003,1,0.0
276,1098,1,0.0
276,1345,1,0.0
276,1346,1,0.0
276,1358,1,0.0
276,1556,1,0.0
277,640,1,0.0
277,865,1,1.0
277,932,2,1.0
277,1045,1,0.0
277,1186,1,0.0
277,1294,1,0.0
277,1358,2,0.5
278,640,2,0.0
278,1311,1,0.0
278,1535,1,0.0
279,406,1244,0.10771704180064308
279,539,1,0.0
279,547,1,0.0
279,583,2,0.0
279,640,17,0.5294117647058824
279,865,1,0.0
279,972,1,0.0
279,1003,1,0.0
279,1087,1,0.0
279,1098,1,0.0
279,1184,1,0.0
279,1186,1,0.0
279,1224,14,0.5714285714285714
279,1252,4,0.0
279,1273,1,1.0
279,1294,1,0.0
279,1311,1,0.0
279,1345,3,0.0
279,1346,1,0.0
279,1349,6,0.3333333333333333
279,1358,1,0.0
279,1535,1,0.0
279,1556,1,0.0
280,612,1,1.0
280,640,3,0.0
280,865,2,0.5
280,934,2,0.5
280,935,1,1.0
280,1045,2,0.0
280,1054,1,1.0
280,1186,1,0.0
280,1252,2,0.0
280,1294,1,0.0
280,1311,2,0.0
280,1345,1,0.0
280,1349,2,0.0
280,1535,2,0.5
281,282,3,1.0
281,283,3,1.0
281,284,3,1.0
281,285,1,1.0
281,286,1,1.0
281,287,1,1.0
281,288,1,1.0
281,289,1,1.0
281,290,1,1.0
281,291,1,1.0
281,292,1,1.0
281,293,1,1.0
283,460,1,0.0
283,691,2,0.0
283,1363,4,0.0
286,327,1,1.0
290,939,1,1.0
293,377,1,1.0
293,852,1,1.0
293,958,1,1.0
293,969,1,1.0
293,1505,1,1.0
294,295,2,0.0
294,296,1,0.0
294,297,2,0.5
295,534,1,0.0
295,1038,4,0.0
296,327,1,1.0
296,620,1,0.0
296,962,1,0.0
296,1126,2,0.0
296,1323,1,0.0
298,299,1,1.0
299,350,2,1.0
299,1149,1,0.0
299,1495,2,0.0
300,301,3,1.0
300,302,1,0.0
300,303,1,0.0
300,304,1,1.0
300,305,1,0.0
300,306,1,1.0
301,477,2,0.0
302,477,2,0.0
309,310,4,0.5
309,311,1,0.0
309,312,1,0.0
309,313,1,1.0
309,314,1,0.0
309,315,1,0.0
309,316,1,0.0
309,317,1,0.0
309,318,1,0.0
309,319,1,0.0
309,320,1,1.0
309,321,1,1.0
309,322,1,0.0
309,323,1,0.0
309,324,1,1.0
309,325,1,0.0
309,326,1,0.0
310,580,1,0.0
310,627,1,0.0
310,810,1,0.0
310,1316,1,0.0
310,1329,6,0.6666666666666666
310,1560,1,0.0
311,580,1,0.0
311,810,3,0.6666666666666666
312,377,4,0.75
314,1126,1,1.0
314,1445,2,0.0
314,1511,1,1.0
315,717,1,0.0
315,748,1,0.0
315,1126,1,0.0
315,1445,1,0.0
316,358,1,0.0
316,406,3,0.0
316,748,2,0.0
317,345,1,0.0
317,867,1,0.0
317,1044,1,1.0
317,1088,1,0.0
317,1194,1,0.0
317,1323,2,0.0
317,1445,1,0.0
317,1560,1,1.0
321,717,1,1.0
322,406,5,0.0
322,867,3,0.3333333333333333
322,1329,4,0.0
322,1560,1,1.0
323,338,1,0.0
323,627,1,0.0
323,810,1,1.0
323,1044,1,0.0
323,1126,1,1.0
323,1323,1,0.0
323,1518,1,0.0
327,328,1,0.0
327,329,1,1.0
327,330,1,1.0
327,331,1,1.0
327,332,2,1.0
327,333,2,1.0
327,334,1,1.0
327,335,1,0.0
327,336,1,0.0
327,337,2,1.0
329,1186,1,0.0
333,939,1,1.0
333,1320,1,0.0
333,1526,1,0.0
335,1126,3,0.3333333333333333
337,1320,1,0.0
338,339,3,0.6666666666666666
338,340,1,0.0
338,341,1,0.0
338,342,1,0.0
338,343,1,0.0
338,344,1,0.0
339,1194,3,0.3333333333333333
340,358,1,0.0
340,1044,2,0.5
340,1149,1,0.0
340,1329,3,0.0
340,1560,1,0.0
341,627,1,0.0
344,876,1,0.0
344,1445,1,0.0
345,346,1,0.0
345,347,1,0.0
345,348,1,0.0
345,349,1,1.0
346,377,2,0.5
346,810,1,0.0
346,1149,1,0.0
346,1151,1,1.0
346,1323,1,0.0
346,1445,2,0.0
348,406,5,0.0
348,906,2,0.0
350,351,1,0.0
350,352,1,0.0
350,353,1,1.0
350,354,1,0.0
351,817,1,0.0
351,1075,1,0.0
351,1081,1,1.0
353,1038,1,1.0
355,356,4,0.0
355,357,1,0.0
356,695,1,1.0
356,867,2,0.0
356,1329,1,0.0
357,810,1,1.0
357,1445,1,0.0
358,359,1,0.0
358,360,1,0.0
358,361,1,0.0
358,362,1,0.0
359,406,2,0.0
359,837,1,0.0
360,775,1,0.0
360,1088,1,1.0
360,1460,27,0.7777777777777778
362,1526,1,1.0
363,364,1,0.0
363,365,1,1.0
365,1321,1,0.0
366,367,1,0.0
367,452,1,1.0
367,484,3,0.6666666666666666
367,851,4,0.25
367,1172,4,0.5
368,369,2,0.0
369,1436,1,1.0
369,1554,2,0.0
370,371,1,1.0
370,372,1,0.0
370,373,1,0.0
372,460,1,1.0
374,375,1,0.0
374,376,1,0.0
375,406,1,0.0
375,477,2,0.0
376,894,1,0.0
377,378,10,0.9
377,379,6,0.8333333333333334
377,380,3,0.3333333333333333
377,381,1,1.0
377,382,2,0.0
377,383,2,0.0
377,384,2,0.0
377,385,1,0.0
377,386,1,0.0
377,387,1,0.0
377,388,1,0.0
377,389,2,0.0
377,390,1,1.0
377,391,5,0.0
377,392,1,1.0
377,393,1,1.0
377,394,1,1.0
377,395,1,1.0
377,396,1,0.0
377,397,3,0.6666666666666666
377,398,1,0.0
377,399,1,1.0
377,400,1,0.0
377,401,1,0.0
377,402,2,0.0
377,403,1,0.0
377,404,2,1.0
377,405,1,0.0
378,1070,1,1.0
379,1102,2,0.0
383,1172,1,1.0
385,1126,1,0.0
385,1172,5,0.4
389,717,1,0.0
389,1172,1,1.0
390,775,1,0.0
390,862,1,1.0
390,875,1,1.0
390,925,3,0.0
390,936,1,1.0
390,1495,1,0.0
392,460,2,0.0
392,700,1,0.0
392,1151,1,0.0
393,460,1,0.0
393,477,3,0.6666666666666666
393,881,1,0.0
396,1126,1,0.0
405,406,2,0.0
405,460,1,1.0
405,696,1,1.0
405,700,9,0.4444444444444444
405,755,1,0.0
405,888,1,0.0
405,894,2,0.5
405,925,2,1.0
405,1038,3,0.6666666666666666
405,1252,1,0.0
405,1495,1,1.0
405,1505,2,1.0
406,407,2,0.0
406,408,1,0.0
406,409,20,0.45
406,410,192,0.046875
406,411,3,0.0
406,412,1,0.0
406,413,3,0.0
406,414,3,0.0
406,415,1,0.0
406,416,5,0.0
406,417,6,0.0
406,418,1,0.0
406,419,7,0.0
406,420,14,0.42857142857142855
406,421,5,0.0
406,422,1,0.0
406,423,1,0.0
406,424,1,0.0
406,425,1,0.0
406,426,5,0.0
406,427,2,0.0
406,428,5,0.0
406,429,5,0.0
406,430,2,0.0
406,431,15,0.0
406,432,1,0.0
406,433,5,0.0
406,434,5,0.0
406,435,3,0.0
406,436,1,0.0
406,437,1,0.0
406,438,1,0.0
406,439,1,0.0
406,440,3,0.0
406,441,4,0.0
406,442,6,0.0
406,443,2,0.0
406,444,3,0.0
406,445,35,0.02857142857142857
406,446,5,0.0
406,447,5,0.0
408,786,1,1.0
408,972,1,0.0
409,599,1,0.0
409,640,4,0.0
409,1098,1,0.0
409,1224,3,0.6666666666666666
409,1252,3,0.0
409,1273,1,1.0
409,1311,1,0.0
409,1345,2,0.0
409,1346,1,0.0
409,1349,2,0.5
409,1358,1,0.0
409,1556,1,0.0
410,612,11,0.2727272727272727
410,640,6,0.0
410,1224,3,0.6666666666666666
410,1252,3,0.0
410,1346,1,1.0
410,1349,2,0.0
412,1059,1,0.0
413,477,3,0.0
413,894,1,0.0
415,531,1,1.0
415,844,1,0.0
415,1055,1,0.0
417,786,2,0.0
419,460,1,1.0
420,1252,2,0.0
422,696,1,0.0
422,700,1,0.0
422,1505,4,0.5
424,972,1,0.0
424,1224,1,0.0
426,1323,1,0.0
430,1055,1,1.0
432,972,1,0.0
436,700,1,1.0
436,925,1,0.0
443,1252,2,0.0
447,1102,4,0.0
447,1126,3,0.0
447,1519,1,0.0
448,449,1,1.0
448,450,3,1.0
448,451,1,1.0
452,453,1,0.0
452,454,1,0.0
453,484,1,0.0
453,786,1,0.0
455,456,1,0.0
456,809,1,0.0
456,1022,2,0.0
456,1026,1,0.0
456,1062,1,0.0
458,459,1,0.0
459,972,1,1.0
459,1172,2,0.0
459,1290,1,0.0
459,1495,1,0.0
460,461,1,0.0
460,462,1,0.0
460,463,1,1.0
460,464,1,1.0
460,465,1,0.0
460,466,1,1.0
460,467,1,0.0
460,468,1,1.0
460,469,2,0.5
460,470,1,0.0
460,471,1,1.0
460,472,1,0.0
460,473,1,1.0
460,474,2,0.5
462,640,4,0.25
462,773,6,0.0
462,934,1,1.0
462,1045,2,0.0
462,1098,2,0.0
462,1186,2,0.0
462,1224,1,0.0
462,1252,2,0.0
462,1294,1,0.0
462,1358,1,0.0
462,1535,2,0.5
465,1273,1,0.0
466,638,1,0.0
466,740,1,0.0
467,528,1,0.0
467,1023,1,0.0
467,1186,1,0.0
471,700,6,0.6666666666666666
471,894,9,0.0
472,700,1,0.0
472,743,2,0.0
472,1505,2,0.0
474,612,1,1.0
474,801,1,1.0
474,939,1,1.0
475,476,1,0.0
477,478,3,0.0
477,479,2,0.0
477,480,1,0.0
477,481,1,0.0
477,482,1,0.0
477,483,4,0.0
478,640,1,0.0
479,743,1,0.0
479,1088,1,0.0
480,1363,1,0.0
481,700,2,0.0
482,1553,1,0.0
483,1505,1,0.0
484,485,3,0.3333333333333333
484,486,1,1.0
485,558,1,0.0
485,603,1,0.0
485,818,1,1.0
485,822,1,0.0
485,972,1,0.0
486,1172,4,0.0
487,488,1,0.0
487,489,1,0.0
487,490,1,0.0
487,491,1,0.0
487,492,1,0.0
487,493,2,0.0
487,494,2,0.0
487,495,1,0.0
487,496,1,0.0
487,497,1,0.0
487,498,1,1.0
487,499,1,1.0
487,500,1,0.0
487,501,1,0.0
487,502,1,1.0
487,503,1,1.0
487,504,1,0.0
487,505,1,1.0
487,506,1,0.0
487,507,2,1.0
487,508,1,1.0
487,509,1,1.0
487,510,1,0.0
487,511,1,0.0
487,512,1,1.0
487,513,2,0.0
487,514,1,0.0
487,515,1,0.0
487,516,1,0.0
487,517,1,0.0
487,518,1,0.0
487,519,1,1.0
487,520,1,1.0
487,521,1,1.0
487,522,1,1.0
487,523,1,1.0
487,524,1,0.0
487,525,1,0.0
526,527,1,1.0
528,529,1,0.0
528,530,1,0.0
529,961,1,1.0
531,532,2,0.0
531,533,1,1.0
533,1070,1,0.0
533,1172,4,0.75
534,535,1,0.0
534,536,5,0.2
537,538,2,0.0
538,557,2,0.0
538,603,1,0.0
538,1539,1,1.0
539,540,2,0.5
539,541,4,0.5
539,542,1,0.0
539,543,1,1.0
539,544,5,0.6
539,545,1,0.0
539,546,1,0.0
540,547,1,0.0
540,773,2,0.5
540,799,1,1.0
540,825,1,1.0
540,903,1,0.0
540,1098,1,0.0
540,1184,1,1.0
540,1294,2,0.0
540,1535,1,0.0
540,1556,3,0.6666666666666666
541,583,2,0.0
541,640,2,0.0
541,1186,1,0.0
541,1224,3,0.3333333333333333
541,1252,2,0.0
541,1294,1,0.0
541,1311,1,0.0
541,1345,2,0.0
541,1349,3,0.3333333333333333
541,1358,4,0.25
541,1556,1,1.0
544,583,1,0.0
544,640,2,0.0
544,1224,1,0.0
544,1294,1,0.0
544,1311,1,0.0
544,1345,1,0.0
544,1349,1,0.0
544,1358,2,0.0
544,1535,1,0.0
545,1054,1,1.0
545,1224,1,0.0
546,601,1,0.0
546,865,1,0.0
546,1009,1,1.0
546,1011,1,0.0
546,1054,1,0.0
546,1535,1,0.0
546,1556,1,0.0
547,548,1,1.0
547,549,1,1.0
547,550,1,1.0
547,551,1,1.0
547,552,1,1.0
553,554,3,0.6666666666666666
553,555,1,0.0
553,556,1,0.0
555,640,1,0.0
556,865,1,1.0
556,932,4,0.5
556,1098,1,0.0
556,1311,2,0.5
556,1346,1,1.0
556,1358,7,0.2857142857142857
558,559,15,0.0
558,560,21,0.0
558,561,6,0.0
558,562,2,0.0
558,563,6,0.0
558,564,21,0.0
558,565,6,0.0
558,566,13,0.0
558,567,14,0.0
558,568,13,0.0
558,569,3,0.0
558,570,11,0.0
558,571,10,0.0
558,572,4,0.0
558,573,22,0.0
558,574,8,0.0
558,575,1,0.0
558,576,2,0.0
558,577,1,0.0
558,578,1,0.0
580,581,1,0.0
581,810,2,0.0
581,1185,2,0.0
581,1194,2,0.0
581,1323,3,0.0
581,1329,3,0.0
581,1460,6,0.0
583,584,1,0.0
583,585,1,0.0
583,586,1,0.0
583,587,1,0.0
583,588,1,0.0
583,589,1,0.0
583,590,1,0.0
583,591,1,0.0
583,592,1,0.0
583,593,1,0.0
583,594,1,0.0
583,595,1,0.0
583,596,1,0.0
583,597,1,0.0
584,640,2,0.0
584,972,2,0.0
584,1556,1,0.0
586,640,1,0.0
587,640,1,0.0
588,599,1,0.0
588,640,1,0.0
588,1009,1,0.0
588,1054,1,0.0
588,1098,2,0.0
588,1224,1,0.0
588,1311,3,0.0
588,1556,3,0.0
589,972,1,0.0
589,1556,1,0.0
590,640,3,0.0
590,1294,1,0.0
591,972,1,0.0
591,1535,1,0.0
593,640,2,0.0
594,640,2,0.0
594,1556,1,0.0
595,640,5,0.2
595,1556,1,0.0
596,640,1,0.0
596,1098,1,0.0
596,1186,1,0.0
597,640,4,0.0
597,972,3,0.3333333333333333
599,600,1,0.0
600,972,1,0.0
600,1004,1,0.0
600,1045,1,0.0
600,1273,1,0.0
600,1311,1,0.0
601,602,1,1.0
602,932,5,0.8
602,934,4,0.5
602,1003,1,1.0
602,1045,4,0.0
602,1054,8,0.625
602,1186,4,0.0
602,1224,1,0.0
602,1252,1,0.0
602,1349,1,1.0
602,1358,3,1.0
603,604,9,1.0
603,605,2,1.0
603,606,7,1.0
607,608,1,0.0
607,609,1,0.0
610,611,1,0.0
612,613,1,0.0
612,614,1,1.0
612,615,1,0.0
612,616,4,0.25
612,617,1,0.0
612,618,1,0.0
612,619,2,1.0
613,825,1,1.0
613,1098,1,0.0
613,1224,1,0.0
613,1252,1,0.0
613,1345,3,0.3333333333333333
613,1349,1,0.0
613,1358,1,1.0
617,1006,1,0.0
617,1358,1,0.0
618,1151,1,0.0
619,640,2,0.0
620,621,1,0.0
622,623,1,0.0
624,625,1,0.0
624,626,1,0.0
625,1001,1,0.0
627,628,1,0.0
627,629,1,0.0
627,630,1,0.0
627,631,3,0.0
627,632,1,0.0
629,1316,3,0.0
630,1081,1,0.0
631,717,1,1.0
631,810,2,0.5
631,1445,1,0.0
632,810,1,0.0
632,1185,1,1.0
632,1323,1,0.0
632,1518,1,0.0
632,1560,1,0.0
633,634,1,1.0
635,636,1,0.0
635,637,1,1.0
636,696,1,1.0
636,894,4,0.5
636,1363,1,1.0
638,639,1,1.0
640,641,1,0.0
640,642,1,0.0
640,643,1,0.0
640,644,1,0.0
640,645,1,0.0
640,646,1,0.0
640,647,2,0.5
640,648,1,0.0
640,649,1,0.0
640,650,1,0.0
640,651,8,0.75
640,652,1,0.0
640,653,1,0.0
640,654,3,0.0
640,655,1,0.0
640,656,2,0.0
640,657,1,0.0
640,658,1,0.0
640,659,1,0.0
640,660,2,0.0
640,661,1,0.0
640,662,1,0.0
640,663,1,0.0
640,664,3,0.0
640,665,1,0.0
640,666,1,0.0
640,667,1,0.0
640,668,1,0.0
640,669,1,0.0
640,670,1,0.0
640,671,4,0.0
640,672,3,0.3333333333333333
640,673,2,1.0
640,674,1,0.0
640,675,1,0.0
640,676,4,0.0
640,677,1,0.0
640,678,1,0.0
640,679,1,0.0
640,680,1,0.0
640,681,2,0.0
640,682,2,0.0
640,683,1,0.0
640,684,1,0.0
640,685,1,0.0
640,686,1,0.0
640,687,3,0.0
640,688,1,0.0
640,689,1,0.0
640,690,1,0.0
643,773,1,1.0
643,1045,1,0.0
643,1252,1,0.0
643,1294,2,0.0
643,1311,1,0.0
643,1556,1,0.0
645,1224,1,0.0
645,1349,1,0.0
645,1358,1,0.0
646,1535,1,0.0
647,1224,1,0.0
647,1345,1,0.0
648,1345,1,0.0
651,1252,2,0.0
652,1186,2,0.0
652,1224,2,1.0
652,1311,1,0.0
652,1345,1,0.0
652,1349,3,0.3333333333333333
652,1535,5,0.4
653,1311,1,0.0
656,1017,1,0.0
663,1333,1,0.0
664,852,1,1.0
664,1186,2,0.0
664,1535,1,0.0
665,1098,1,0.0
665,1224,1,0.0
665,1358,1,0.0
666,773,18,0.1111111111111111
668,903,1,0.0
668,1054,1,0.0
668,1186,1,0.0
668,1294,1,0.0
668,1311,1,0.0
669,1345,1,0.0
678,972,1,0.0
678,1186,1,0.0
678,1224,1,0.0
678,1311,1,0.0
678,1345,1,0.0
678,1349,1,0.0
685,865,1,0.0
685,939,1,0.0
685,1017,2,0.5
685,1224,1,1.0
686,1345,1,0.0
686,1346,1,0.0
686,1349,1,0.0
686,1358,1,0.0
686,1556,1,0.0
689,1345,1,0.0
691,692,1,0.0
691,693,1,0.0
691,694,1,0.0
692,717,1,0.0
693,1526,2,0.0
694,1172,1,0.0
694,1519,1,1.0
694,1526,1,1.0
696,697,1,1.0
696,698,1,0.0
696,699,1,1.0
697,700,1,1.0
697,951,1,0.0
697,1100,1,0.0
697,1252,1,0.0
700,701,1,1.0
700,702,1,1.0
700,703,1,0.0
700,704,1,0.0
700,705,1,1.0
700,706,1,1.0
700,707,1,1.0
700,708,1,0.0
700,709,1,1.0
700,710,1,1.0
700,711,2,0.0
700,712,1,1.0
700,713,1,1.0
700,714,1,1.0
703,1363,1,0.0
710,1093,1,0.0
715,716,1,0.0
717,718,1,1.0
717,719,1,0.0
717,720,1,0.0
717,721,1,0.0
717,722,2,1.0
717,723,1,0.0
717,724,1,0.0
717,725,1,0.0
717,726,1,1.0
717,727,1,0.0
717,728,1,0.0
717,729,1,0.0
717,730,1,1.0
717,731,1,0.0
717,732,1,1.0
717,733,1,0.0
717,734,1,1.0
717,735,1,0.0
717,736,1,1.0
724,1363,1,0.0
727,1126,1,1.0
727,1363,1,0.0
729,810,1,1.0
730,1560,1,1.0
737,738,2,1.0
738,1436,1,1.0
741,742,1,0.0
742,880,1,0.0
742,1274,1,0.0
743,744,1,0.0
743,745,1,1.0
744,1539,1,1.0
746,747,1,0.0
748,749,1,0.0
748,750,1,1.0
748,751,1,0.0
748,752,2,0.0
752,1109,1,0.0
752,1323,1,0.0
752,1363,1,0.0
752,1518,1,0.0
756,757,1,0.0
756,758,7,0.8571428571428571
756,759,1,0.0
756,760,1,0.0
756,761,1,0.0
759,1436,1,0.0
762,763,2,0.0
764,765,1,0.0
764,766,1,0.0
767,768,2,0.5
767,769,1,0.0
767,770,1,0.0
767,771,5,1.0
767,772,4,1.0
768,852,4,0.25
768,1006,2,0.0
772,951,2,0.5
775,776,1,0.0
775,777,1,1.0
775,778,1,1.0
775,779,1,0.0
775,780,1,1.0
775,781,1,0.0
775,782,1,0.0
775,783,1,0.0
776,1075,1,0.0
776,1553,1,0.0
777,1329,1,0.0
777,1460,1,1.0
784,785,1,0.0
786,787,3,0.0
788,789,1,0.0
790,791,1,0.0
790,792,1,0.0
790,793,1,0.0
792,1126,2,0.0
793,885,2,0.0
794,795,1,1.0
794,796,1,0.0
794,797,1,1.0
794,798,1,1.0
796,1460,1,0.0
797,972,14,0.7857142857142857
797,1495,1,0.0
799,800,1,0.0
800,1186,10,1.0
800,1358,1,0.0
801,802,1,0.0
801,803,4,0.5
801,804,2,0.5
801,805,1,1.0
801,806,2,0.5
801,807,1,0.0
801,808,1,0.0
802,958,2,0.0
804,958,2,0.5
805,875,1,0.0
806,852,1,1.0
810,811,1,1.0
810,812,1,1.0
810,813,2,1.0
810,814,1,1.0
813,847,3,0.0
815,816,1,1.0
818,819,1,0.0
819,972,2,0.0
819,1363,1,1.0
820,821,2,1.0
821,925,1,0.0
823,824,1,0.0
825,826,2,0.5
825,827,1,0.0
826,1186,1,0.0
828,829,2,0.0
828,830,2,0.0
828,831,2,0.0
828,832,1,0.0
828,833,1,0.0
828,834,2,0.0
828,835,3,0.0
828,836,2,0.0
831,936,1,1.0
832,925,1,1.0
837,838,1,0.0
837,839,1,0.0
837,840,2,0.0
837,841,2,0.0
837,842,1,0.0
838,1270,2,0.5
840,851,1,0.0
842,1270,2,0.0
842,1295,2,1.0
844,845,1,1.0
844,846,1,0.0
845,972,1,1.0
845,1109,1,1.0
847,848,1,0.0
847,849,1,0.0
847,850,1,0.0
852,853,1,0.0
852,854,4,0.0
852,855,1,1.0
852,856,1,1.0
852,857,1,1.0
852,858,1,0.0
852,859,1,1.0
852,860,1,1.0
852,861,1,1.0
854,1363,1,0.0
856,1126,1,0.0
862,863,1,0.0
862,864,1,1.0
863,1075,1,0.0
863,1087,1,0.0
864,1095,1,1.0
864,1339,19,0.0
865,866,1,0.0
866,1294,1,0.0
866,1311,1,0.0
866,1358,1,0.0
867,868,1,0.0
867,869,1,0.0
867,870,1,0.0
867,871,1,0.0
867,872,1,0.0
867,873,1,0.0
867,874,2,0.0
876,877,1,0.0
876,878,1,0.0
876,879,9,0.0
877,1194,1,0.0
877,1329,2,0.0
878,1445,1,0.0
881,882,1,0.0
881,883,1,0.0
881,884,1,0.0
884,1210,3,0.0
885,886,1,0.0
885,887,1,0.0
889,890,1,0.0
891,892,1,0.0
891,893,1,1.0
892,1436,3,0.3333333333333333
893,1251,2,0.0
894,895,1,0.0
894,896,1,0.0
894,897,2,0.0
897,958,3,0.3333333333333333
897,1151,1,0.0
898,899,1,1.0
898,900,8,0.0
900,1045,1,0.0
901,902,1,1.0
902,1029,1,1.0
902,1035,1,1.0
903,904,4,0.5
906,907,1,0.0
906,908,1,0.0
907,1316,1,1.0
909,910,1,0.0
910,1306,1,0.0
911,912,2,0.0
913,914,1,1.0
916,917,1,1.0
916,918,1,0.0
916,919,1,0.0
916,920,1,0.0
916,921,1,0.0
922,923,1,1.0
925,926,2,1.0
925,927,1,0.0
925,928,1,1.0
925,929,1,0.0
925,930,1,0.0
925,931,1,1.0
927,1081,1,0.0
927,1100,1,0.0
927,1502,1,0.0
928,1038,2,1.0
937,938,1,0.0
938,1081,1,0.0
938,1539,1,0.0
939,940,1,1.0
939,941,1,1.0
939,942,1,1.0
939,943,1,1.0
939,944,1,1.0
939,945,1,1.0
939,946,1,1.0
939,947,3,1.0
939,948,1,0.0
947,958,3,1.0
949,950,5,1.0
951,952,2,1.0
951,953,2,0.5
951,954,1,1.0
951,955,1,1.0
951,956,1,1.0
951,957,1,1.0
955,1507,1,1.0
958,959,1,1.0
962,963,1,0.0
962,964,2,0.0
962,965,1,0.0
962,966,1,0.0
962,967,1,0.0
962,968,3,0.3333333333333333
969,970,1,0.0
969,971,1,0.0
972,973,5,0.0
972,974,1,1.0
972,975,1,0.0
972,976,1,0.0
972,977,3,0.0
972,978,1,1.0
972,979,2,0.5
972,980,1,0.0
972,981,4,0.25
972,982,1,0.0
972,983,1,0.0
972,984,1,1.0
972,985,1,0.0
972,986,1,1.0
972,987,1,0.0
972,988,2,0.0
972,989,1,1.0
972,990,2,0.0
972,991,2,0.5
972,992,1,0.0
972,993,1,0.0
972,994,1,0.0
972,995,1,0.0
972,996,2,0.0
972,997,1,1.0
973,1102,1,1.0
975,1186,1,0.0
979,1333,4,1.0
988,1186,1,0.0
990,1519,2,0.0
991,1333,1,0.0
993,1186,2,0.0
1001,1002,1,0.0
1002,1539,1,1.0
1004,1005,1,1.0
1005,1009,1,0.0
1005,1535,1,0.0
1006,1007,1,0.0
1006,1008,1,0.0
1009,1010,1,0.0
1013,1014,1,1.0
1013,1015,1,1.0
1013,1016,1,0.0
1018,1019,1,1.0
1018,1020,1,1.0
1018,1021,2,1.0
1023,1024,1,0.0
1023,1025,1,0.0
1024,1186,1,0.0
1027,1028,1,1.0
1029,1030,2,0.5
1031,1032,1,0.0
1033,1034,1,0.0
1035,1036,1,0.0
1035,1037,2,0.0
1038,1039,1,0.0
1038,1040,1,0.0
1038,1041,3,1.0
1038,1042,4,0.0
1038,1043,1,1.0
1045,1046,1,0.0
1047,1048,1,0.0
1049,1050,1,0.0
1051,1052,1,1.0
1063,1064,2,0.5
1064,1333,1,0.0
1070,1071,2,0.0
1070,1072,2,0.0
1073,1074,1,0.0
1075,1076,1,0.0
1075,1077,1,1.0
1075,1078,1,1.0
1075,1079,1,0.0
1075,1080,1,1.0
1076,1081,1,0.0
1081,1082,1,1.0
1081,1083,1,0.0
1081,1084,1,0.0
1081,1085,1,0.0
1081,1086,1,0.0
1086,1539,1,0.0
1088,1089,1,0.0
1088,1090,1,0.0
1088,1091,1,0.0
1089,1102,1,0.0
1093,1094,1,0.0
1095,1096,2,0.0
1095,1097,1,1.0
1097,1126,1,0.0
1097,1166,1,0.0
1097,1445,1,0.0
1097,1495,1,0.0
1098,1099,1,1.0
1099,1358,1,0.0
1100,1101,1,1.0
1101,1126,2,1.0
1102,1103,1,0.0
1102,1104,2,0.0
1102,1105,1,1.0
1102,1106,2,1.0
1102,1107,2,1.0
1102,1108,1,1.0
1109,1110,1,0.0
1109,1111,1,0.0
1109,1112,1,0.0
1109,1113,1,0.0
1109,1114,1,0.0
1109,1115,2,0.0
1109,1116,1,1.0
1109,1117,1,0.0
1109,1118,1,0.0
1109,1119,2,0.5
1109,1120,1,0.0
1109,1121,1,0.0
1122,1123,2,0.0
1123,1556,1,0.0
1124,1125,1,0.0
1126,1127,1,0.0
1126,1128,1,0.0
1126,1129,1,1.0
1126,1130,1,1.0
1126,1131,1,1.0
1126,1132,1,1.0
1126,1133,1,1.0
1126,1134,1,1.0
1126,1135,1,1.0
1126,1136,1,1.0
1126,1137,1,1.0
1126,1138,1,1.0
1126,1139,1,1.0
1126,1140,1,0.0
1126,1141,1,1.0
1126,1142,1,0.0
1126,1143,1,1.0
1126,1144,1,0.0
1126,1145,1,1.0
1128,1560,2,0.0
1146,1147,1,0.0
1146,1148,1,0.0
1149,1150,3,0.0
1151,1152,1,0.0
1151,1153,1,0.0
1151,1154,1,0.0
1151,1155,5,0.0
1151,1156,1,0.0
1151,1157,1,0.0
1151,1158,1,0.0
1151,1159,1,0.0
1151,1160,1,1.0
1151,1161,1,1.0
1151,1162,1,1.0
1151,1163,1,0.0
1151,1164,1,1.0
1151,1165,1,0.0
1152,1306,1,0.0
1152,1323,1,0.0
1166,1167,1,0.0
1168,1169,1,0.0
1170,1171,1,0.0
1172,1173,1,0.0
1172,1174,1,1.0
1172,1175,1,0.0
1172,1176,1,0.0
1172,1177,1,0.0
1172,1178,2,1.0
1172,1179,1,0.0
1172,1180,6,1.0
1172,1181,3,0.6666666666666666
1172,1182,1,1.0
1186,1187,1,0.0
1186,1188,1,0.0
1186,1189,1,1.0
1186,1190,1,0.0
1186,1191,1,0.0
1186,1192,1,0.0
1186,1193,1,0.0
1187,1224,3,0.0
1187,1311,1,0.0
1193,1346,1,1.0
1193,1535,1,0.0
1195,1196,1,0.0
1197,1198,1,0.0
1200,1201,1,1.0
1202,1203,1,0.20077744184611587
1202,1204,1,0.0
1202,1205,1,0.0
1202,1206,1,0.20077744184611587
1202,1207,1,0.0
1202,1208,1,0.0
1202,1209,2,1.0
1210,1211,3,0.0
1210,1212,1,0.0
1210,1213,1,0.0
1210,1214,2,0.0
1210,1215,1,0.0
1210,1216,1,0.0
1210,1217,1,0.0
1210,1218,1,0.0
1210,1219,2,0.0
1210,1220,2,0.0
1211,1539,1,1.0
1221,1222,1,1.0
1224,1225,1,0.0
1224,1226,1,0.0
1224,1227,1,0.0
1224,1228,2,0.0
1224,1229,1,0.0
1224,1230,1,1.0
1224,1231,1,0.0
1224,1232,1,0.0
1224,1233,1,1.0
1224,1234,1,0.0
1224,1235,1,0.0
1224,1236,1,0.0
1224,1237,1,0.0
1224,1238,2,0.0
1224,1239,1,0.0
1224,1240,1,0.0
1224,1241,1,1.0
1224,1242,2,0.5
1231,1345,1,0.0
1243,1244,1,1.0
1245,1246,1,1.0
1247,1248,1,0.0
1249,1250,1,0.0
1252,1253,1,0.0
1252,1254,1,0.0
1252,1255,2,0.0
1252,1256,1,0.0
1252,1257,1,0.0
1252,1258,1,0.0
1252,1259,1,0.0
1252,1260,1,1.0
1252,1261,1,0.0
1252,1262,1,0.0
1252,1263,1,0.0
1252,1264,1,1.0
1255,1294,1,0.0
1266,1267,1,1.0
1270,1271,1,0.0
1270,1272,1,0.0
1271,1295,1,0.0
1275,1276,1,1.0
1278,1279,1,0.0
1278,1280,1,0.0
1278,1281,2,0.0
1281,1526,1,0.0
1282,1283,1,0.0
1284,1285,1,0.0
1287,1288,1,0.0
1290,1291,3,0.0
1290,1292,2,0.0
1290,1293,2,1.0
1293,1436,1,1.0
1296,1297,1,1.0
1298,1299,1,1.0
1301,1302,1,0.0
1301,1303,1,0.0
1301,1304,2,1.0
1301,1305,1,0.0
1306,1307,1,0.0
1306,1308,1,0.0
1306,1309,1,1.0
1306,1310,1,0.0
1311,1312,1,0.0
1311,1313,1,0.0
1311,1314,1,1.0
1311,1315,1,0.0
1312,1345,2,0.5
1312,1535,1,0.0
1316,1317,1,0.0
1316,1318,8,0.0
1321,1322,1,0.0
1323,1324,2,0.0
1323,1325,1,0.0
1323,1326,1,0.0
1323,1327,1,0.0
1323,1328,1,1.0
1329,1330,1,0.0
1329,1331,1,0.0
1329,1332,2,0.5
1333,1334,1,0.0
1333,1335,2,0.5
1333,1336,2,0.0
1333,1337,1,0.0
1333,1338,1,1.0
1339,1340,1,0.0
1339,1341,1,0.0
1339,1342,12,0.0
1339,1343,1,0.0
1339,1344,194,0.35051546391752575
1346,1347,1,0.0
1346,1348,1,1.0
1349,1350,1,1.0
1349,1351,1,1.0
1349,1352,1,1.0
1349,1353,1,0.0
1349,1354,1,0.0
1349,1355,1,1.0
1356,1357,1,0.0
1357,1556,2,0.5
1358,1359,1,0.0
1358,1360,1,0.0
1358,1361,1,0.0
1358,1362,1,0.0
1363,1364,15,0.13333333333333333
1363,1365,9,0.0
1363,1366,8,0.0
1363,1367,1,1.0
1363,1368,1,0.0
1363,1369,1,1.0
1363,1370,1,0.0
1363,1371,1,0.0
1363,1372,1,0.0
1363,1373,2,0.0
1363,1374,2,1.0
1363,1375,1,1.0
1363,1376,1,0.0
1363,1377,1,0.0
1363,1378,1,0.0
1363,1379,3,0.3333333333333333
1363,1380,1,0.0
1363,1381,4,0.0
1363,1382,5,0.0
1363,1383,1,0.0
1363,1384,2,0.0
1363,1385,1,0.0
1363,1386,1,0.0
1363,1387,1,0.0
1363,1388,2,0.0
1363,1389,3,0.0
1363,1390,1,0.0
1363,1391,1,0.0
1363,1392,1,0.0
1363,1393,1,0.0
1363,1394,1,0.0
1363,1395,1,0.0
1363,1396,7,1.0
1363,1397,1,1.0
1363,1398,1,0.0
1363,1399,5,0.0
1363,1400,1,0.0
1363,1401,1,0.0
1363,1402,3,0.3333333333333333
1363,1403,1,0.0
1363,1404,1,1.0
1363,1405,1,1.0
1363,1406,1,0.0
1363,1407,1,1.0
1363,1408,4,0.0
1363,1409,6,0.0
1363,1410,6,0.16666666666666666
1363,1411,1,0.0
1363,1412,1,0.0
1363,1413,1,0.0
1363,1414,1,0.0
1363,1415,1,0.0
1363,1416,2,0.0
1363,1417,1,0.0
1363,1418,1,0.0
1363,1419,2,0.0
1363,1420,1,1.0
1363,1421,1,1.0
1363,1422,1,0.0
1363,1423,1,1.0
1363,1424,1,0.0
1363,1425,1,0.0
1363,1426,1,1.0
1363,1427,1,1.0
1363,1428,1,1.0
1363,1429,1,0.0
1363,1430,1,0.0
1363,1431,1,1.0
1363,1432,1,0.0
1363,1433,1,1.0
1363,1434,1,1.0
1363,1435,1,0.0
1413,1495,1,0.0
1436,1437,1,0.0
1436,1438,1,1.0
1436,1439,1,0.0
1436,1440,1,1.0
1436,1441,1,1.0
1436,1442,1,0.0
1436,1443,2,0.0
1436,1444,1,1.0
1441,1553,1,0.0
1445,1446,1,0.0
1445,1447,3,0.0
1445,1448,1,1.0
1445,1449,1,0.0
1445,1450,1,0.0
1445,1451,1,0.0
1445,1452,1,0.0
1445,1453,1,0.0
1445,1454,1,0.0
1445,1455,1,1.0
1445,1456,1,0.0
1445,1457,1,1.0
1445,1458,1,0.0
1445,1459,1,0.0
1460,1461,1,0.0
1460,1462,1,0.0
1460,1463,1,0.0
1460,1464,1,1.0
1460,1465,1,1.0
1460,1466,1,1.0
1460,1467,1,1.0
1460,1468,1,0.0
1460,1469,1,1.0
1460,1470,1,1.0
1460,1471,1,1.0
1460,1472,1,1.0
1460,1473,1,0.0
1460,1474,4,1.0
1460,1475,3,0.0
1460,1476,3,0.3333333333333333
1460,1477,1,1.0
1460,1478,1,1.0
1460,1479,1,1.0
1460,1480,3,1.0
1460,1481,1,0.0
1460,1482,1,1.0
1460,1483,3,1.0
1460,1484,1,1.0
1460,1485,1,0.0
1460,1486,1,0.0
1460,1487,1,1.0
1460,1488,1,1.0
1460,1489,1,1.0
1460,1490,5,0.0
1460,1491,3,0.0
1460,1492,1,1.0
1460,1493,1,0.0
1460,1494,2,0.0
1486,1495,1,1.0
1495,1496,2,0.0
1495,1497,1,1.0
1495,1498,1,0.0
1495,1499,1,0.0
1495,1500,1,0.0
1495,1501,1,1.0
1502,1503,1,1.0
1505,1506,2,1.0
1507,1508,2,0.0
1507,1509,1,0.0
1507,1510,6,1.0
1511,1512,1,1.0
1511,1513,1,1.0
1511,1514,1,1.0
1511,1515,1,1.0
1511,1516,1,0.0
1511,1517,1,0.0
1519,1520,1,0.0
1519,1521,1,0.0
1519,1522,1,0.0
1519,1523,1,0.0
1519,1524,1,0.0
1526,1527,1,1.0
1526,1528,1,0.0
1526,1529,1,0.0
1526,1530,1,1.0
1526,1531,1,0.0
1526,1532,2,0.5
1526,1533,4,0.5
1526,1534,1,0.0
1535,1536,1,0.0
1535,1537,1,0.0
1535,1538,1,1.0
1539,1540,1,1.0
1539,1541,1,1.0
1539,1542,1,0.0
1539,1543,2,1.0
1539,1544,1,0.0
1539,1545,1,1.0
1539,1546,2,1.0
1539,1547,1,0.0
1539,1548,2,0.5
1539,1549,2,1.0
1539,1550,1,0.0
1539,1551,1,0.0
1539,1552,3,1.0
1554,1555,1,1.0
1556,1557,1,1.0
1556,1558,1,0.0
1556,1559,1,0.0
1560,1561,3,0.6666666666666666
1560,1562,1,0.0
1560,1563,3,1.0
1560,1564,1,1.0
1560,1565,1,1.0
1560,1566,1,0.0
1560,1567,1,0.0
1560,1568,3,0.3333333333333333
