# index, label, _pos
0,10552_i,"array([-1.88500734, -5.44094158])"
1,22528_w,"array([-2.00817665, -5.15593159])"
2,470629_w,"array([-2.35213836, -5.90157502])"
3,480864_w,"array([-2.28099569, -5.83261183])"
4,525365_w,"array([-1.12565191, -4.97008067])"
5,11165_i,"array([-2.8533977 , -7.41106821])"
6,280588_w,"array([-2.31653811, -6.45553293])"
7,4404_w,"array([-3.08434815, -7.74724802])"
8,465770_w,"array([-2.40016621, -7.54356696])"
9,476022_w,"array([-3.23443777, -7.73078471])"
10,491007_w,"array([-2.99075008, -7.8819511 ])"
11,620178_w,"array([-3.14592079, -7.86561055])"
12,11455_i,"array([-1.68880612,  0.83767323])"
13,330456_w,"array([-1.51548059,  0.80760266])"
14,11747_i,"array([-2.91562568, -5.74032871])"
15,14064_w,"array([-2.50808383, -5.81380208])"
16,66987_w,"array([-2.77801095, -5.57966778])"
17,1217_i,"array([ 0.15466526, -5.59966119])"
18,68608_w,"array([-0.53728452, -5.690546  ])"
19,70441_w,"array([ 0.60376892, -5.47663276])"
20,12324_i,"array([-0.74500651, -5.04270586])"
21,617612_w,"array([-1.14219034, -5.36913724])"
22,12911_i,"array([-1.35744022, -7.64254128])"
23,217152_w,"array([-1.11959867, -7.07087772])"
24,253266_w,"array([-1.65161845, -8.1890664 ])"
25,274480_w,"array([-1.51855012, -7.16606035])"
26,279348_w,"array([-1.40486692, -7.32654085])"
27,28550_w,"array([-1.59204683, -7.32048295])"
28,309307_w,"array([-1.35446688, -8.11794161])"
29,317103_w,"array([-1.33951315, -7.22066739])"
30,377652_w,"array([-1.46758636, -8.22951861])"
31,379803_w,"array([-1.56361645, -8.28659403])"
32,380668_w,"array([-1.27450202, -8.2681007 ])"
33,415720_w,"array([-0.92793739, -7.18039085])"
34,416298_w,"array([-1.17359289, -7.10883403])"
35,426420_w,"array([-1.49456322, -7.09012449])"
36,471740_w,"array([-1.25741476, -7.05762149])"
37,583089_w,"array([-1.39501627, -8.32050693])"
38,610361_w,"array([-1.47417482, -8.08141856])"
39,625370_w,"array([-1.08424074, -7.00476403])"
40,13210_i,"array([-1.30019596, -7.705046  ])"
41,14092_i,"array([-1.49150236, -4.57649181])"
42,251474_w,"array([-1.54643314, -4.62988814])"
43,25279_w,"array([-2.43071399, -5.31819756])"
44,275952_w,"array([-1.10123864, -4.15970482])"
45,309875_w,"array([-1.9803876 , -4.25239067])"
46,313150_w,"array([-1.36739536, -4.98149385])"
47,317597_w,"array([-1.17785478, -4.07802417])"
48,323288_w,"array([-1.10827978, -4.34274563])"
49,330743_w,"array([-1.15457161, -4.25627256])"
50,386564_w,"array([-1.1614871 , -4.54856387])"
51,391638_w,"array([-1.30291893, -4.55775033])"
52,400872_w,"array([-1.75555571, -4.8076012 ])"
53,550639_w,"array([-1.65547624, -4.16907622])"
54,591015_w,"array([-1.05649609, -5.13317454])"
55,81093_w,"array([-1.22466154, -4.16487984])"
56,14116_i,"array([-0.57906894, -7.09611675])"
57,10344_w,"array([-0.7301613 , -6.73934035])"
58,131011_w,"array([-0.69273925, -6.68892802])"
59,137200_w,"array([-0.42534638, -7.2877198 ])"
60,139258_w,"array([-0.808834  , -6.78217734])"
61,15320_w,"array([-0.5387158 , -6.96317661])"
62,163831_w,"array([-0.44237253, -7.12453202])"
63,169932_w,"array([-0.69690369, -6.83345649])"
64,17812_w,"array([-0.64454426, -6.72345836])"
65,202245_w,"array([-0.716382  , -7.16778323])"
66,205376_w,"array([-0.6568024, -7.0594716])"
67,233413_w,"array([-0.49267138, -6.98949652])"
68,247379_w,"array([-0.32688798, -7.07675035])"
69,247452_w,"array([-0.67479915, -7.21260896])"
70,254731_w,"array([-0.36486316, -6.8619592 ])"
71,26050_w,"array([-0.52714709, -7.30779938])"
72,267033_w,"array([-0.71376233, -6.88218275])"
73,276332_w,"array([-0.85319753, -6.94149025])"
74,293664_w,"array([-0.6440185 , -7.11091083])"
75,30285_w,"array([-0.66741606, -7.00841313])"
76,308881_w,"array([-0.47973468, -6.93386347])"
77,312484_w,"array([-0.32899338, -7.41197784])"
78,319269_w,"array([ 0.18222379, -7.29606174])"
79,33393_w,"array([-0.44393798, -7.01878073])"
80,360235_w,"array([-0.26293527, -6.97599831])"
81,361535_w,"array([-0.42430837, -7.17393758])"
82,37934_w,"array([-0.6213294 , -7.33506998])"
83,385936_w,"array([-0.92996833, -6.9569476 ])"
84,393558_w,"array([-0.4580861 , -7.07243732])"
85,415695_w,"array([-0.68005893, -7.39225042])"
86,44664_w,"array([-0.32850365, -6.91201495])"
87,448873_w,"array([-0.41606642, -7.38199964])"
88,449445_w,"array([-0.39924193, -7.00342243])"
89,45373_w,"array([ 0.11622614, -7.57770847])"
90,454920_w,"array([-0.94775995, -7.08534628])"
91,472275_w,"array([ 0.05687189, -6.81691282])"
92,476574_w,"array([-0.60568287, -6.94739642])"
93,484102_w,"array([-0.75751119, -6.68944127])"
94,492729_w,"array([-0.37198489, -7.13265131])"
95,498191_w,"array([-0.39487526, -6.74087527])"
96,510152_w,"array([-0.64837165, -6.89298836])"
97,51616_w,"array([-0.56813216, -6.91979957])"
98,5202_w,"array([-0.86316653, -6.72746898])"
99,525412_w,"array([-0.85293608, -7.15569239])"
100,53215_w,"array([-0.90416034, -7.02217544])"
101,573018_w,"array([-0.65918297, -6.78796947])"
102,573045_w,"array([-0.85436324, -7.23417395])"
103,619151_w,"array([-0.69687199, -6.93482011])"
104,619920_w,"array([-0.52077872, -6.89033182])"
105,625653_w,"array([-0.50476698, -6.67265574])"
106,629794_w,"array([-0.33139196, -7.22815636])"
107,65630_w,"array([-0.52153122, -7.61609449])"
108,72034_w,"array([-0.02866433, -7.52868184])"
109,79573_w,"array([-0.28112461, -7.12669304])"
110,14403_i,"array([-1.69258144, -6.85531115])"
111,124864_w,"array([-1.22585456, -7.23093968])"
112,13_w,"array([-1.00561439, -7.11563238])"
113,235100_w,"array([-1.94343463, -6.69525456])"
114,237450_w,"array([-2.00569089, -7.33952763])"
115,263063_w,"array([-2.13132146, -6.98109775])"
116,264129_w,"array([-1.28943337, -7.45306807])"
117,281576_w,"array([-2.13282968, -7.38661881])"
118,302328_w,"array([-2.13890878, -7.29698224])"
119,311116_w,"array([-2.10740227, -6.89155657])"
120,3120_w,"array([-2.00065819, -6.28727707])"
121,320207_w,"array([-1.52576784, -6.2631234 ])"
122,323447_w,"array([-1.9539542 , -7.42464418])"
123,329728_w,"array([-2.04590329, -7.06569748])"
124,341135_w,"array([-1.0195735, -6.8128457])"
125,347576_w,"array([-1.12892678, -7.26990805])"
126,359599_w,"array([-1.68739032, -7.22241542])"
127,426990_w,"array([-1.4717592, -6.904974 ])"
128,43685_w,"array([-2.19275532, -6.34961675])"
129,43926_w,"array([-1.14508649, -7.19320085])"
130,46279_w,"array([-1.13817123, -6.76483766])"
131,46505_w,"array([-1.3217212 , -6.74386872])"
132,4664_w,"array([-1.76377648, -6.29517756])"
133,471189_w,"array([-2.05232815, -7.42270344])"
134,47434_w,"array([-1.31126684, -6.41904698])"
135,48111_w,"array([-1.71801808, -7.34050323])"
136,482489_w,"array([-1.88340582, -7.34203902])"
137,484640_w,"array([-1.76289394, -7.1425091 ])"
138,488370_w,"array([-1.84694954, -7.1635965 ])"
139,492704_w,"array([-1.45250849, -7.00018387])"
140,543051_w,"array([-1.38478634, -6.89629264])"
141,60555_w,"array([-1.79367373, -7.3894492 ])"
142,615759_w,"array([-1.24991198, -6.8160666 ])"
143,625112_w,"array([-1.7018245 , -7.13328932])"
144,63333_w,"array([-2.22455158, -5.50647732])"
145,67442_w,"array([-1.63313342, -6.49614695])"
146,699857_w,"array([-2.04770046, -7.16124293])"
147,700770_w,"array([-2.06143873, -7.25453033])"
148,702110_w,"array([-2.00080647, -6.8778376 ])"
149,702111_w,"array([-1.86698883, -7.44461862])"
150,75193_w,"array([-2.19736643, -7.06640028])"
151,14695_i,"array([-3.22836026,  1.20297858])"
152,329512_w,"array([-3.40003949,  1.12590162])"
153,86646_w,"array([-3.05854707,  1.2779784 ])"
154,15271_i,"array([-1.34947506, -6.99871203])"
155,331191_w,"array([-1.47260374, -7.5263269 ])"
156,15_i,"array([-1.32007793, -7.12485291])"
157,205423_w,"array([-1.17602996, -7.04176194])"
158,280671_w,"array([-1.06268023, -7.32242233])"
159,334085_w,"array([-1.11631907, -7.5738017 ])"
160,471208_w,"array([-0.8939153 , -7.13210141])"
161,569033_w,"array([-1.35382202, -7.52108655])"
162,610631_w,"array([-1.41234382, -7.77227598])"
163,16141_i,"array([-1.68354615, -6.02168329])"
164,257723_w,"array([-1.71998145, -6.44456157])"
165,258829_w,"array([-2.02588712, -6.09378561])"
166,313580_w,"array([-1.45620131, -5.95536266])"
167,315426_w,"array([-1.76923487, -5.98484744])"
168,325027_w,"array([-2.05709602, -5.97712189])"
169,333189_w,"array([-1.5209584 , -6.13021121])"
170,365418_w,"array([-1.07760758, -6.07188492])"
171,394196_w,"array([-2.02248358, -5.86595122])"
172,397330_w,"array([-2.1381944 , -6.05714367])"
173,49035_w,"array([-1.79803712, -5.68893215])"
174,500382_w,"array([-1.54443159, -5.57084713])"
175,620972_w,"array([-1.88829132, -5.74238026])"
176,693888_w,"array([-1.85122894, -6.2442427 ])"
177,700637_w,"array([-1.54776281, -6.01825221])"
178,702793_w,"array([-1.53151312, -5.86464911])"
179,703957_w,"array([-1.84966231, -6.1223704 ])"
180,72992_w,"array([-1.74530337, -5.84588906])"
181,16434_i,"array([-2.75179675, -6.466276  ])"
182,146236_w,"array([-2.92782312, -6.71591042])"
183,277830_w,"array([-3.00344969, -6.09860253])"
184,303677_w,"array([-3.62790433, -6.78558591])"
185,332554_w,"array([-3.02358   , -6.33411659])"
186,332615_w,"array([-3.07812724, -6.42638707])"
187,476542_w,"array([-3.07900152, -6.57196536])"
188,55517_w,"array([-3.07870544, -6.04199343])"
189,596257_w,"array([-2.89628722, -6.59485522])"
190,699520_w,"array([-3.16307738, -6.43567484])"
191,75843_w,"array([-2.99743056, -6.63359159])"
192,84613_w,"array([-3.13159667, -6.30338775])"
193,16723_i,"array([-1.63467226, -4.37563736])"
194,147474_w,"array([-1.69924995, -4.67491614])"
195,229342_w,"array([-1.16695847, -5.03667761])"
196,256047_w,"array([-1.75330742, -4.28978911])"
197,257591_w,"array([-1.40218296, -4.50742989])"
198,266351_w,"array([-2.01247013, -3.95071477])"
199,283931_w,"array([-1.42587803, -4.11325379])"
200,300921_w,"array([-1.26821324, -3.99277856])"
201,322806_w,"array([-1.38451119, -3.98990193])"
202,324116_w,"array([-1.43856639, -3.89948465])"
203,324704_w,"array([-1.55646314, -3.91165597])"
204,332042_w,"array([-1.55373022, -3.79268768])"
205,332102_w,"array([-1.31891254, -3.89582035])"
206,367395_w,"array([-1.63765874, -3.86274682])"
207,407770_w,"array([-2.07186823, -5.08810119])"
208,424176_w,"array([-1.71948414, -4.06557797])"
209,441111_w,"array([-1.84673162, -4.48267913])"
210,457074_w,"array([-1.30689535, -4.71829001])"
211,576225_w,"array([-2.23281075, -3.82948989])"
212,578244_w,"array([-1.76337502, -3.8983564 ])"
213,61719_w,"array([-2.12763044, -5.52373073])"
214,629023_w,"array([-1.42278866, -3.58424428])"
215,629536_w,"array([-1.71586815, -4.5173988 ])"
216,17021_i,"array([-0.58724053, -7.15493884])"
217,141323_w,"array([-0.81228381, -6.68415966])"
218,204335_w,"array([-0.5584741 , -6.70446093])"
219,207514_w,"array([-0.60346726, -6.74128438])"
220,261984_w,"array([-0.18686391, -7.37135382])"
221,265061_w,"array([-0.15021532, -7.67989888])"
222,273899_w,"array([-0.27243083, -7.22949224])"
223,301588_w,"array([-0.74497326, -6.78341338])"
224,332739_w,"array([ 0.04316542, -7.71222418])"
225,392921_w,"array([-0.46734945, -7.34687547])"
226,404350_w,"array([-0.97651306, -7.21418079])"
227,432616_w,"array([-0.59851541, -7.26317301])"
228,443884_w,"array([-0.72732414, -7.26136167])"
229,451617_w,"array([-0.99861121, -6.90472558])"
230,51365_w,"array([-0.06789495, -7.70913923])"
231,58494_w,"array([-0.03491212, -6.90059294])"
232,588567_w,"array([-1.21968537, -6.8851739 ])"
233,590707_w,"array([-0.10358834, -7.39894936])"
234,597746_w,"array([-0.78868159, -7.22299899])"
235,605225_w,"array([-0.7715054 , -7.15095487])"
236,611439_w,"array([-0.60032892, -7.48909713])"
237,622510_w,"array([-0.53293529, -7.16069185])"
238,83068_w,"array([-0.05305008, -7.61417778])"
239,8557_w,"array([-0.61530714, -7.20660206])"
240,86196_w,"array([-0.22193938, -7.7437662 ])"
241,17558_i,"array([-2.63303826, -5.19782593])"
242,397952_w,"array([-2.87614448, -4.93860121])"
243,17822_i,"array([ 0.38048944, -3.69519285])"
244,458168_w,"array([ 0.03082385, -3.99669464])"
245,1813_i,"array([ 0.243061  , -3.88769707])"
246,539986_w,"array([-0.05885164, -4.24870655])"
247,18324_i,"array([-3.33836008, -5.21946827])"
248,197034_w,"array([-2.63494485, -5.82635538])"
249,278257_w,"array([-3.74942078, -5.00301646])"
250,587928_w,"array([-3.79589824, -4.83605677])"
251,62396_w,"array([-3.86496634, -4.94690749])"
252,62623_w,"array([-3.82030346, -5.14530132])"
253,699773_w,"array([-3.6795478 , -4.86856931])"
254,700462_w,"array([-3.91285963, -5.07094716])"
255,71354_w,"array([-2.95853537, -4.82292709])"
256,18828_i,"array([-1.63701989, -7.02701605])"
257,255001_w,"array([-1.47107008, -7.66555489])"
258,260901_w,"array([-0.48335926, -6.38497394])"
259,264873_w,"array([-2.11464523, -7.53719064])"
260,312161_w,"array([-1.60913224, -6.59008187])"
261,317023_w,"array([-1.92254298, -7.01104976])"
262,332677_w,"array([-2.05198596, -7.63070457])"
263,332951_w,"array([-1.87867886, -7.69705533])"
264,344344_w,"array([-1.79747068, -7.55018004])"
265,441691_w,"array([-1.70252428, -7.59561721])"
266,442247_w,"array([-1.82070519, -6.95683954])"
267,55972_w,"array([-1.70065364, -6.94757107])"
268,57360_w,"array([-1.99968872, -7.5352645 ])"
269,59644_w,"array([-1.60690201, -7.57285359])"
270,597445_w,"array([-1.86661411, -7.08291878])"
271,603730_w,"array([-1.17555424, -6.23345882])"
272,73431_w,"array([-1.94771596, -7.63948009])"
273,85504_w,"array([-1.89454566, -7.55720715])"
274,19078_i,"array([-0.48878693, -6.82216579])"
275,254063_w,"array([-0.62822319, -6.84178094])"
276,258973_w,"array([-0.77373669, -6.84774014])"
277,268232_w,"array([-0.51935923, -7.23820012])"
278,3376_w,"array([-0.16000141, -7.03889303])"
279,591650_w,"array([-0.72835506, -6.63953187])"
280,617332_w,"array([-0.58143126, -6.80282741])"
281,19328_i,"array([-1.49855634, -6.79456889])"
282,100525_w,"array([-1.64536649, -7.40105273])"
283,16059_w,"array([-1.94666606, -6.19638279])"
284,184773_w,"array([-1.59968038, -7.22965656])"
285,200163_w,"array([-1.55197261, -7.42080637])"
286,273815_w,"array([-1.10445853, -6.26133694])"
287,332827_w,"array([-1.48119121, -6.60220093])"
288,333249_w,"array([-1.78607239, -6.6982205 ])"
289,369318_w,"array([-1.77151503, -7.26003627])"
290,486226_w,"array([-1.74811406, -7.02582916])"
291,486940_w,"array([-1.78094383, -6.80161036])"
292,693406_w,"array([-1.90479521, -6.77708487])"
293,72288_w,"array([-1.75918948, -6.1307964 ])"
294,19580_i,"array([-2.62695037, -5.35933905])"
295,277104_w,"array([-2.9413111 , -5.47695811])"
296,363472_w,"array([-1.92717769, -5.55276178])"
297,60324_w,"array([-3.11258591, -5.0749801 ])"
298,19854_i,"array([-3.30176586, -4.24297136])"
299,593795_w,"array([-2.80608584, -4.5229202 ])"
300,20354_i,"array([-3.30356695, -7.50629405])"
301,313231_w,"array([-2.78505804, -7.01034819])"
302,319804_w,"array([-2.8117695 , -6.92266348])"
303,328726_w,"array([-3.72454236, -7.73081675])"
304,331861_w,"array([-3.67750471, -7.87695785])"
305,332891_w,"array([-3.50970977, -7.91489823])"
306,521017_w,"array([-3.57705718, -7.7737992 ])"
307,20607_i,"array([-3.01481854, -5.91095661])"
308,21112_i,"array([-2.91223395, -5.21409161])"
309,2112_i,"array([-1.5278199 , -4.17762132])"
310,155678_w,"array([-1.79718876, -4.11469161])"
311,20555_w,"array([-1.96665295, -4.07004546])"
312,211494_w,"array([-1.77543838, -4.64562666])"
313,224260_w,"array([-1.22239305, -3.65964988])"
314,262600_w,"array([-1.91316952, -3.96058147])"
315,295168_w,"array([-1.96488309, -4.458934  ])"
316,310995_w,"array([-1.31621502, -4.84739469])"
317,315751_w,"array([-1.92547682, -4.15845314])"
318,316943_w,"array([-1.28890586, -3.57783315])"
319,325936_w,"array([-1.50641238, -3.65272504])"
320,3633_w,"array([-1.13617677, -3.72583621])"
321,440550_w,"array([-2.13345306, -4.33330692])"
322,50219_w,"array([-1.62963394, -4.52012994])"
323,5179_w,"array([-1.7683865 , -4.39540819])"
324,602529_w,"array([-1.28797699, -3.75582571])"
325,73213_w,"array([-1.36555347, -3.68108255])"
326,76281_w,"array([-1.18740492, -3.82941833])"
327,21606_i,"array([-0.79252356, -5.68895582])"
328,235842_w,"array([-0.43239279, -5.56845726])"
329,276932_w,"array([-0.69457117, -6.28164149])"
330,312833_w,"array([-0.32199812, -5.58450827])"
331,330173_w,"array([-0.36293923, -5.46419456])"
332,35053_w,"array([-0.29243369, -5.687574  ])"
333,501454_w,"array([-0.61087728, -5.96228689])"
334,547064_w,"array([-0.50058633, -5.46103943])"
335,623821_w,"array([-1.30479562, -5.22612702])"
336,80656_w,"array([-0.24571551, -5.50024038])"
337,89941_w,"array([-0.18262201, -5.64864322])"
338,21850_i,"array([-1.7424527 , -3.80409152])"
339,261647_w,"array([-1.85696048, -3.42187687])"
340,270136_w,"array([-1.83761396, -4.04846271])"
341,278371_w,"array([-1.69563237, -3.70931452])"
342,329277_w,"array([-1.76283152, -3.21265309])"
343,333130_w,"array([-1.64060261, -3.20948531])"
344,541729_w,"array([-1.77999205, -3.58720506])"
345,22093_i,"array([-1.77841203, -4.19662401])"
346,188206_w,"array([-2.27375888, -4.67164597])"
347,332493_w,"array([-2.04273186, -3.69911537])"
348,431490_w,"array([-1.1934705 , -4.70771865])"
349,452726_w,"array([-1.92807217, -3.67242471])"
350,22116_i,"array([-3.16392246, -4.74566666])"
351,261958_w,"array([-2.46096427, -4.89112793])"
352,314992_w,"array([-3.66140489, -4.5533195 ])"
353,563359_w,"array([-3.13567085, -5.19498074])"
354,699965_w,"array([-3.59612033, -4.4237805 ])"
355,22357_i,"array([-2.09699293, -3.56392018])"
356,282009_w,"array([-1.85073867, -3.82742857])"
357,590402_w,"array([-2.15610844, -3.91421275])"
358,22597_i,"array([-1.35963241, -4.36926365])"
359,218037_w,"array([-0.89024592, -4.94373282])"
360,269511_w,"array([-2.23313053, -4.27509513])"
361,401429_w,"array([-1.07609205, -3.97355683])"
362,52987_w,"array([-0.52386659, -4.53584576])"
363,23081_i,"array([-8.06601914, -8.03033309])"
364,221211_w,"array([-8.13324563, -7.85042612])"
365,255479_w,"array([-7.99307499, -8.22312871])"
366,24074_i,"array([-0.75493734, -5.22263927])"
367,264454_w,"array([-0.83921875, -5.17226096])"
368,24795_i,"array([-0.37167679, -5.05010283])"
369,399152_w,"array([ 0.30283053, -5.00682651])"
370,25258_i,"array([-1.43582468, -7.167664  ])"
371,325530_w,"array([-1.59797535, -7.86522968])"
372,387834_w,"array([-1.59414465, -6.83922254])"
373,699948_w,"array([-1.50451744, -7.82609978])"
374,25959_i,"array([-2.37945654, -6.0021205 ])"
375,228531_w,"array([-1.95548588, -5.96020237])"
376,62170_w,"array([-2.60166518, -6.0104751 ])"
377,26633_i,"array([-1.98387805, -5.23660034])"
378,145422_w,"array([-1.47008254, -5.00455128])"
379,212480_w,"array([-1.65616387, -4.94326184])"
380,237458_w,"array([-2.06231215, -5.44511818])"
381,238257_w,"array([-2.0149282 , -4.90603206])"
382,275135_w,"array([-2.13136215, -4.89607106])"
383,287703_w,"array([-1.28472023, -4.94410542])"
384,310140_w,"array([-2.4677144 , -5.00365325])"
385,310969_w,"array([-1.4329017 , -4.89361803])"
386,318193_w,"array([-1.76116476, -5.24407333])"
387,342416_w,"array([-2.42156569, -5.08412911])"
388,343055_w,"array([-2.2653113 , -5.06419724])"
389,369959_w,"array([-1.72119347, -4.86155235])"
390,391002_w,"array([-2.10066016, -5.32769274])"
391,420225_w,"array([-1.76817217, -5.13301875])"
392,434316_w,"array([-2.1430966 , -5.88620464])"
393,526492_w,"array([-2.49244982, -5.9685242 ])"
394,539525_w,"array([-2.34813791, -4.87959408])"
395,539964_w,"array([-2.25355224, -5.26944282])"
396,574623_w,"array([-1.8462302 , -5.05398594])"
397,689662_w,"array([-1.98933835, -5.35739079])"
398,698158_w,"array([-2.3041292 , -5.15160561])"
399,698534_w,"array([-2.15906858, -5.22163675])"
400,700434_w,"array([-2.19229677, -4.99038278])"
401,700787_w,"array([-1.88345024, -5.27780012])"
402,701418_w,"array([-2.35155359, -5.23813584])"
403,701981_w,"array([-1.8854063 , -5.15671917])"
404,702794_w,"array([-2.08625055, -4.98880417])"
405,72314_w,"array([-1.93947881, -5.87358544])"
406,26657_i,"array([-1.3400511, -5.7233039])"
407,14554_w,"array([-1.29733469, -5.605098  ])"
408,161786_w,"array([-1.34158519, -5.97773508])"
409,215405_w,"array([-0.84516285, -6.62035743])"
410,243940_w,"array([-0.96083401, -6.6119723 ])"
411,256690_w,"array([-0.91238323, -5.54256424])"
412,257905_w,"array([-1.21311415, -5.69426994])"
413,262577_w,"array([-1.87401735, -5.98737191])"
414,266641_w,"array([-1.06995456, -5.28499615])"
415,272098_w,"array([-0.68425126, -5.16389364])"
416,27287_w,"array([-1.50504562, -5.3296762 ])"
417,276611_w,"array([-1.56740264, -5.69027972])"
418,276670_w,"array([-1.60481562, -5.49665787])"
419,276730_w,"array([-1.40214638, -6.10396494])"
420,281204_w,"array([-1.02753386, -5.94285551])"
421,282365_w,"array([-0.89860785, -5.68697059])"
422,309385_w,"array([-1.93192112, -6.066687  ])"
423,316264_w,"array([-1.49489397, -5.43690724])"
424,316343_w,"array([-0.91146302, -6.23278024])"
425,316425_w,"array([-1.18185938, -5.2749652 ])"
426,318865_w,"array([-1.64759196, -5.2053033 ])"
427,320314_w,"array([-1.06009289, -5.68561696])"
428,325106_w,"array([-0.91490643, -5.33507987])"
429,325189_w,"array([-1.02546325, -5.48738833])"
430,329586_w,"array([-0.74292313, -5.49570161])"
431,334818_w,"array([-0.81302885, -5.57799098])"
432,368028_w,"array([-1.12790335, -5.91319089])"
433,37444_w,"array([-0.85120171, -5.45521252])"
434,37698_w,"array([-1.42512685, -5.50669281])"
435,45144_w,"array([-1.02915331, -5.37232689])"
436,530869_w,"array([-1.99865029, -5.68810411])"
437,533777_w,"array([-1.65085935, -5.60552787])"
438,559343_w,"array([-1.40132679, -5.30418804])"
439,57133_w,"array([-1.06091714, -5.57150727])"
440,594711_w,"array([-0.96875572, -5.62443925])"
441,595645_w,"array([-1.20470963, -5.52641853])"
442,60097_w,"array([-1.41257436, -5.60925112])"
443,607534_w,"array([-1.14947673, -6.00841381])"
444,628248_w,"array([-1.10237358, -5.77889021])"
445,66761_w,"array([-0.97952942, -5.76365507])"
446,74759_w,"array([-1.15049093, -5.61268974])"
447,92109_w,"array([-1.3195904 , -5.12340932])"
448,26792_i,"array([  2.57210556, -11.28261347])"
449,18539_w,"array([  2.69868393, -11.43311707])"
450,524023_w,"array([  2.3815291, -11.3124641])"
451,69051_w,"array([  2.67157345, -11.11054497])"
452,26922_i,"array([-0.89341307, -5.09206541])"
453,279265_w,"array([-1.30776476, -5.48883789])"
454,71808_w,"array([-0.55661266, -4.79348313])"
455,27049_i,"array([-7.81668644, -3.35915801])"
456,1042_w,"array([-8.02363198, -3.30953662])"
457,27421_i,"array([-1.21578821, -8.10709007])"
458,27540_i,"array([-1.26761835, -5.89797986])"
459,155653_w,"array([-1.23734568, -5.41279583])"
460,27664_i,"array([-1.51909394, -6.49770452])"
461,113695_w,"array([-1.82621907, -6.46482548])"
462,135151_w,"array([-0.87897465, -6.79601715])"
463,256622_w,"array([-1.84026061, -6.58573461])"
464,268577_w,"array([-1.51269999, -6.37973963])"
465,277049_w,"array([-1.19858968, -6.47262491])"
466,310705_w,"array([-1.62590923, -5.39452702])"
467,321711_w,"array([-1.20610843, -7.50583099])"
468,331982_w,"array([-1.6318823 , -6.34279174])"
469,389733_w,"array([-1.93807809, -6.57659171])"
470,506337_w,"array([-1.74038019, -6.56892488])"
471,519935_w,"array([-2.07228556, -6.36552739])"
472,524808_w,"array([-2.0841489 , -6.18897607])"
473,556291_w,"array([-1.41551982, -6.31719804])"
474,577840_w,"array([-1.55110092, -6.97572561])"
475,27790_i,"array([ 5.51701074, -3.20257854])"
476,701433_w,"array([ 5.39664966, -3.07705242])"
477,27909_i,"array([-2.25376746, -6.27141942])"
478,12830_w,"array([-1.44355922, -6.72270837])"
479,17789_w,"array([-2.3400423 , -5.55769575])"
480,313396_w,"array([-2.70167484, -6.53971703])"
481,35552_w,"array([-2.5406712, -6.3246535])"
482,555093_w,"array([-1.61381404, -5.80651128])"
483,571825_w,"array([-2.108591  , -6.27584726])"
484,27933_i,"array([-1.42221884, -5.82183425])"
485,106736_w,"array([-2.24241414, -6.86911134])"
486,226048_w,"array([-0.97443882, -5.21382437])"
487,28058_i,"array([ 2.920101  , -0.42518566])"
488,199883_w,"array([ 2.96699013, -0.86759633])"
489,24516_w,"array([ 2.65958407, -0.57916235])"
490,326604_w,"array([ 2.50442039, -0.5570755 ])"
491,326685_w,"array([ 2.91733887, -0.73482924])"
492,326767_w,"array([ 2.57197398, -0.69023264])"
493,326847_w,"array([ 3.13510264, -0.22321281])"
494,326953_w,"array([ 2.8135516 , -0.84745427])"
495,327033_w,"array([2.84070043, 0.00780123])"
496,327113_w,"array([ 3.33445802, -0.59692739])"
497,327192_w,"array([ 3.02625196, -0.12521529])"
498,327433_w,"array([ 2.69729202, -0.0349828 ])"
499,327512_w,"array([ 3.07250379, -0.52931557])"
500,327591_w,"array([ 2.47542572, -0.41070347])"
501,327672_w,"array([ 2.67693945, -0.78778972])"
502,327804_w,"array([ 2.51000282, -0.27069013])"
503,327884_w,"array([ 3.34479298, -0.27823604])"
504,327967_w,"array([ 2.97833545, -0.26528223])"
505,328048_w,"array([ 3.06366454, -0.69707096])"
506,328130_w,"array([ 3.36246617, -0.44058096])"
507,328211_w,"array([2.99088105, 0.01112238])"
508,328293_w,"array([ 2.7353724 , -0.16412189])"
509,4149_w,"array([ 3.10992788, -0.82757012])"
510,505771_w,"array([ 3.24063492, -0.74278776])"
511,703466_w,"array([ 2.61033712, -0.43669893])"
512,703467_w,"array([ 3.08437602, -0.38057919])"
513,76714_w,"array([ 2.65008231, -0.28479721])"
514,76955_w,"array([ 2.77657993, -0.68843611])"
515,77173_w,"array([ 3.25720846, -0.15128051])"
516,77387_w,"array([ 2.94076424, -0.59529057])"
517,77602_w,"array([ 3.22359316, -0.47954581])"
518,77818_w,"array([ 2.82681627, -0.27526935])"
519,78034_w,"array([ 3.22331268, -0.33669708])"
520,78252_w,"array([ 2.74767936, -0.40191692])"
521,78430_w,"array([ 2.79954863, -0.54253652])"
522,78470_w,"array([ 3.18884006, -0.61756365])"
523,78684_w,"array([ 2.58170099, -0.14035472])"
524,78900_w,"array([ 3.145922  , -0.04735182])"
525,83287_w,"array([ 2.8804897 , -0.12821259])"
526,28300_i,"array([-0.99994058, -7.05143914])"
527,349574_w,"array([-1.24699236, -6.65332829])"
528,28427_i,"array([-1.16452062, -8.44957442])"
529,250844_w,"array([-1.09215072, -9.03849112])"
530,74519_w,"array([-1.18808689, -8.88248585])"
531,28796_i,"array([-0.26195766, -4.6807392 ])"
532,587016_w,"array([ 0.1071366 , -4.37324475])"
533,625396_w,"array([-0.5939409 , -4.62029496])"
534,28924_i,"array([-3.27918994, -5.59711095])"
535,29533_w,"array([-3.75813236, -5.58566259])"
536,621743_w,"array([-3.77040837, -5.42574498])"
537,29195_i,"array([-4.46716949, -6.46537883])"
538,561063_w,"array([-3.99865424, -6.42375307])"
539,29533_i,"array([-0.52352156, -7.06904904])"
540,153610_w,"array([-0.50997096, -7.12538263])"
541,190238_w,"array([-0.83446145, -6.86126139])"
542,330242_w,"array([ 0.20090118, -7.51400237])"
543,331402_w,"array([ 0.23349909, -7.3688178 ])"
544,547949_w,"array([-0.79695649, -6.91260333])"
545,592876_w,"array([-0.10296361, -6.83753913])"
546,72262_w,"array([-0.21948373, -6.89046397])"
547,29653_i,"array([-0.198489  , -6.64888968])"
548,219182_w,"array([ 0.44145258, -6.43369432])"
549,316184_w,"array([ 0.49689799, -6.6722793 ])"
550,317946_w,"array([ 0.40999079, -6.56349358])"
551,597773_w,"array([ 0.52149231, -6.53582073])"
552,63082_w,"array([ 0.36041186, -6.3479579 ])"
553,30012_i,"array([-0.3657311 , -6.54666399])"
554,329443_w,"array([ 0.19936583, -6.19934723])"
555,39859_w,"array([-0.19053185, -6.72486572])"
556,83310_w,"array([-0.46336467, -6.74548081])"
557,30133_i,"array([-4.43575517, -6.61758033])"
558,30253_i,"array([-3.18104201, -8.36739708])"
559,333370_w,"array([-3.13637378, -8.68143467])"
560,333431_w,"array([-3.38601922, -8.43190234])"
561,333520_w,"array([-3.6406342 , -8.67768344])"
562,333580_w,"array([-2.97912345, -8.71580736])"
563,333638_w,"array([-3.64475316, -8.39689194])"
564,333698_w,"array([-3.54708986, -8.78733398])"
565,333758_w,"array([-3.43473599, -8.88003656])"
566,333819_w,"array([-3.23379592, -8.9260037 ])"
567,333879_w,"array([-3.42191646, -8.73187528])"
568,333937_w,"array([-3.17952449, -8.80680292])"
569,333999_w,"array([-3.39115376, -8.58579623])"
570,334060_w,"array([-3.24192058, -8.55351891])"
571,334147_w,"array([-3.04304579, -8.5679283 ])"
572,334208_w,"array([-3.66659779, -8.54009426])"
573,334271_w,"array([-3.50839189, -8.33134558])"
574,334335_w,"array([-3.52622935, -8.49727313])"
575,334397_w,"array([-3.285669  , -8.69494145])"
576,334459_w,"array([-3.05596649, -8.847749  ])"
577,334520_w,"array([-3.51903113, -8.63520641])"
578,334583_w,"array([-3.32145988, -8.82859099])"
579,30371_i,"array([-1.1234034 , -6.16108925])"
580,30518_i,"array([-1.8588844 , -4.27816536])"
581,351978_w,"array([-2.13318907, -4.09782211])"
582,30631_i,"array([-2.24937242, -6.53521017])"
583,30749_i,"array([-0.603543  , -7.04360627])"
584,11082_w,"array([-0.78019222, -6.60024353])"
585,128952_w,"array([ 0.13842244, -7.42198647])"
586,246561_w,"array([-0.36886852, -7.62403199])"
587,248122_w,"array([-0.44441967, -7.58368261])"
588,249606_w,"array([-0.54255346, -6.83957936])"
589,252746_w,"array([-0.56486758, -6.49915326])"
590,271979_w,"array([-0.5197031 , -7.50947533])"
591,289488_w,"array([-0.65297746, -6.48798017])"
592,331333_w,"array([ 0.07868836, -6.91822885])"
593,334757_w,"array([-0.27026543, -7.497286  ])"
594,360260_w,"array([-0.67570119, -7.52947791])"
595,382107_w,"array([-0.22760045, -7.05883916])"
596,436624_w,"array([-0.8659197 , -7.42243334])"
597,536905_w,"array([-0.57008691, -6.58360408])"
598,30867_i,"array([-0.98229552, -7.27184519])"
599,30980_i,"array([-0.67198172, -6.57670747])"
600,270601_w,"array([-0.89143294, -6.64066078])"
601,31192_i,"array([-0.14186154, -6.9195939 ])"
602,415670_w,"array([-0.35166655, -6.69345914])"
603,31298_i,"array([-3.43099762, -6.99251733])"
604,317184_w,"array([-3.78422666, -7.36967492])"
605,318783_w,"array([-3.89486451, -7.27004664])"
606,318945_w,"array([-3.93698303, -7.10698545])"
607,31499_i,"array([-1.5182305 , -3.29431377])"
608,330598_w,"array([-1.34722048, -2.82137029])"
609,333071_w,"array([-1.50671271, -2.81255652])"
610,31522_i,"array([-0.7709788 , -7.31428199])"
611,21047_w,"array([-0.89597791, -8.08559106])"
612,31625_i,"array([-1.06270483, -7.18540502])"
613,165870_w,"array([-0.93302913, -6.83290949])"
614,266819_w,"array([-1.17724499, -7.8077012 ])"
615,315995_w,"array([-1.27102367, -7.83236772])"
616,479786_w,"array([-1.13973521, -7.91257828])"
617,604052_w,"array([-1.10702391, -7.4733031 ])"
618,74301_w,"array([-1.96764614, -6.46423335])"
619,8824_w,"array([-0.90073   , -7.70061173])"
620,31830_i,"array([-2.50597262, -5.36646973])"
621,594405_w,"array([-3.00690637, -5.17036413])"
622,31934_i,"array([-1.38163887, -7.42348535])"
623,332431_w,"array([-1.62126131, -8.02365826])"
624,32031_i,"array([-5.7826819 , -4.77517434])"
625,469009_w,"array([-5.40388467, -4.93028452])"
626,703902_w,"array([-6.0561494 , -4.66757851])"
627,32131_i,"array([-1.86960507, -4.19118487])"
628,105889_w,"array([-1.65693254, -3.62108983])"
629,353241_w,"array([-1.50829308, -3.98974445])"
630,40572_w,"array([-2.45927279, -4.55819071])"
631,44638_w,"array([-2.32083459, -4.2277906 ])"
632,511236_w,"array([-1.97133504, -4.3558512 ])"
633,32234_i,"array([-2.41244792, -5.84203077])"
634,276318_w,"array([-2.59935089, -5.71786559])"
635,32439_i,"array([-2.169022  , -6.80125497])"
636,268874_w,"array([-2.5468342 , -6.49870007])"
637,356414_w,"array([-2.57725489, -7.23674353])"
638,32539_i,"array([-1.44549597, -4.69629129])"
639,41284_w,"array([-1.0744576 , -4.45636494])"
640,32563_i,"array([-0.6589997 , -7.28050594])"
641,126901_w,"array([-0.32863798, -7.78837448])"
642,1299_w,"array([ 0.03857403, -7.64007189])"
643,135125_w,"array([-0.82644097, -7.08432647])"
644,193904_w,"array([ 0.07923238, -7.13526964])"
645,213456_w,"array([-0.41383804, -6.66479096])"
646,214441_w,"array([-0.19047913, -7.47574133])"
647,239859_w,"array([-0.21277909, -7.12014846])"
648,240675_w,"array([-0.6274736 , -7.60164661])"
649,241466_w,"array([-0.1370549 , -7.99668214])"
650,246493_w,"array([-0.20135382, -7.82989564])"
651,249897_w,"array([-1.00756953, -6.71028239])"
652,251792_w,"array([-0.3232121 , -7.02259245])"
653,267660_w,"array([-0.353176  , -7.53013916])"
654,269629_w,"array([-0.03910708, -7.90180981])"
655,283907_w,"array([-0.09888204, -7.80468393])"
656,313315_w,"array([-0.15279559, -7.57800457])"
657,319350_w,"array([-0.22725311, -7.94097982])"
658,319484_w,"array([-0.29321215, -7.87132582])"
659,328968_w,"array([-0.57417672, -7.97998035])"
660,329050_w,"array([ 0.01953019, -7.80786379])"
661,331123_w,"array([-0.1370117 , -7.89802508])"
662,341777_w,"array([-0.50207229, -8.0488762 ])"
663,348825_w,"array([-1.47618564, -7.34746918])"
664,384012_w,"array([-1.16987705, -6.95830361])"
665,394823_w,"array([-0.72729203, -7.36520523])"
666,42258_w,"array([-0.79326471, -7.56126931])"
667,428698_w,"array([-0.38704811, -7.90693614])"
668,43208_w,"array([-0.5680495 , -7.37518097])"
669,455989_w,"array([-0.98395364, -7.51848107])"
670,46051_w,"array([-0.78572109, -8.05701591])"
671,461410_w,"array([-0.59327656, -7.89260379])"
672,481932_w,"array([-0.69949833, -8.12699879])"
673,481957_w,"array([-0.4210251 , -7.81799022])"
674,503638_w,"array([-0.77783552, -7.94392745])"
675,504182_w,"array([-0.61160798, -8.06826409])"
676,504720_w,"array([-0.55703241, -8.14425942])"
677,52074_w,"array([-0.33281855, -8.09173184])"
678,527_w,"array([-0.62313185, -6.64639913])"
679,532897_w,"array([-0.47285601, -7.95440469])"
680,53922_w,"array([-0.23887135, -8.04626146])"
681,577045_w,"array([-0.50047146, -7.86278148])"
682,580635_w,"array([-0.40287667, -8.01828688])"
683,603120_w,"array([-0.87297707, -7.95968892])"
684,613066_w,"array([-0.31751872, -7.97707017])"
685,622255_w,"array([-0.92191298, -6.90791209])"
686,62850_w,"array([-0.8005762 , -7.38882938])"
687,66538_w,"array([-0.68377088, -7.91754139])"
688,75627_w,"array([-0.43818141, -8.1242766 ])"
689,84177_w,"array([-0.89288696, -7.5341103 ])"
690,84396_w,"array([-0.69070207, -8.01592535])"
691,32868_i,"array([-1.28749375, -5.33353508])"
692,23043_w,"array([-1.97592263, -5.04209527])"
693,318518_w,"array([-0.51740179, -4.96946313])"
694,319401_w,"array([-0.58975309, -5.03160108])"
695,32974_i,"array([-1.85753648, -4.39978988])"
696,3351_i,"array([-2.27354065, -6.3532842 ])"
697,20307_w,"array([-1.90127359, -6.36774223])"
698,206723_w,"array([-2.56696053, -6.6178795 ])"
699,333310_w,"array([-2.66786125, -6.64711531])"
700,33583_i,"array([-2.42395345, -6.12899945])"
701,213442_w,"array([-2.8187767 , -6.10415809])"
702,237915_w,"array([-2.67217408, -6.31463528])"
703,25304_w,"array([-2.85895423, -6.41374878])"
704,253090_w,"array([-2.81901704, -5.97577577])"
705,262340_w,"array([-2.72331641, -6.00786494])"
706,287678_w,"array([-2.71783049, -6.22489583])"
707,289612_w,"array([-2.90321454, -6.04413096])"
708,408916_w,"array([-2.82194695, -6.21662806])"
709,450466_w,"array([-2.89093838, -6.29477774])"
710,465745_w,"array([-2.91358978, -6.80906956])"
711,598363_w,"array([-2.92144276, -6.18297669])"
712,603706_w,"array([-2.70829665, -6.1158899 ])"
713,82850_w,"array([-2.78030319, -6.33911788])"
714,89789_w,"array([-2.65130108, -6.41823272])"
715,33682_i,"array([-8.44869918, -6.4826808 ])"
716,616807_w,"array([-8.42490253, -6.30618845])"
717,33787_i,"array([-2.65737095, -4.78594166])"
718,247005_w,"array([-2.88763111, -4.28883791])"
719,279960_w,"array([-3.08115802, -4.51860659])"
720,281838_w,"array([-2.89680068, -4.3985018 ])"
721,322057_w,"array([-3.30607438, -4.55046429])"
722,323956_w,"array([-3.01131622, -4.59900546])"
723,324196_w,"array([-3.13001639, -4.31934697])"
724,447787_w,"array([-2.97488086, -5.61054368])"
725,467422_w,"array([-2.95867154, -4.49358677])"
726,473315_w,"array([-3.26799877, -4.66692107])"
727,473849_w,"array([-2.61432416, -5.51093604])"
728,48809_w,"array([-3.15165252, -4.62954034])"
729,576625_w,"array([-2.51696788, -4.42630524])"
730,621997_w,"array([-2.64613735, -4.20067136])"
731,63561_w,"array([-3.13476653, -4.42704762])"
732,65378_w,"array([-3.01917207, -4.39513659])"
733,695289_w,"array([-3.19547667, -4.53155228])"
734,695290_w,"array([-3.06111998, -4.70229024])"
735,695459_w,"array([-3.24724957, -4.42559789])"
736,85280_w,"array([-3.01283305, -4.28026564])"
737,34197_i,"array([ 1.55874158, -5.52890906])"
738,49311_w,"array([ 1.16799603, -5.57754634])"
739,34305_i,"array([-4.13370562, -6.96627938])"
740,34509_i,"array([-1.86555284, -4.65308534])"
741,34611_i,"array([0.80002725, 0.34836039])"
742,584719_w,"array([0.85776582, 0.5345942 ])"
743,34635_i,"array([-2.56961899, -5.89308459])"
744,439998_w,"array([-3.15972765, -5.86432355])"
745,535576_w,"array([-3.01864741, -5.803773  ])"
746,34741_i,"array([  1.7715102 , -12.03337426])"
747,328644_w,"array([  1.9465554 , -12.01418157])"
748,34950_i,"array([-1.36365564, -4.76936489])"
749,321549_w,"array([-0.86212285, -4.53432104])"
750,326122_w,"array([-0.9985979 , -4.56209004])"
751,330527_w,"array([-0.89714084, -4.64661965])"
752,598960_w,"array([-1.78625731, -5.44205205])"
753,35056_i,"array([-0.14595177, -7.15886399])"
754,35159_i,"array([-1.31384986, -7.30220485])"
755,35264_i,"array([-2.20682195, -6.13198916])"
756,35572_i,"array([-0.06236229, -4.54896728])"
757,263449_w,"array([ 0.16519907, -4.14279262])"
758,283406_w,"array([ 0.26767754, -4.28060662])"
759,299677_w,"array([ 0.42218454, -5.05684316])"
760,387200_w,"array([ 0.2984869, -4.1325862])"
761,79791_w,"array([ 0.3938593, -4.2395574])"
762,35673_i,"array([-2.28982624, -6.7237464 ])"
763,75411_w,"array([-2.70402912, -7.16073426])"
764,35697_i,"array([ 4.56897741, -5.85347195])"
765,328454_w,"array([ 4.55499703, -5.66338569])"
766,700918_w,"array([ 4.58789388, -6.04497176])"
767,35906_i,"array([-1.97803899, -7.94371245])"
768,318029_w,"array([-1.7287223 , -7.48989709])"
769,318108_w,"array([-1.98744502, -8.44600074])"
770,325611_w,"array([-2.227276  , -8.35760838])"
771,470339_w,"array([-2.12265961, -8.45332028])"
772,5714_w,"array([-2.33093882, -7.7739676 ])"
773,36318_i,"array([-0.79214756, -7.03682543])"
774,36423_i,"array([-2.89279987, -5.62011766])"
775,3655_i,"array([-2.29298794, -4.95282173])"
776,260275_w,"array([-1.56857955, -5.14573828])"
777,319375_w,"array([-2.40805176, -4.13720296])"
778,52758_w,"array([-2.75848455, -4.69888879])"
779,695267_w,"array([-2.69862211, -4.57927404])"
780,701629_w,"array([-2.54006784, -4.64552594])"
781,702324_w,"array([-2.64815265, -4.67370078])"
782,703287_w,"array([-2.59225193, -4.54746273])"
783,83525_w,"array([-2.55088367, -4.75817499])"
784,36630_i,"array([-1.04183794, -3.85315552])"
785,694871_w,"array([-0.80817576, -3.37170106])"
786,36761_i,"array([-1.71872793, -5.74880747])"
787,249096_w,"array([-1.79452263, -5.56417099])"
788,36864_i,"array([ 4.02891122, -9.5707817 ])"
789,331921_w,"array([ 4.06400191, -9.39796272])"
790,36970_i,"array([-0.95399152, -3.78646425])"
791,102592_w,"array([-0.63306408, -3.36077697])"
792,433182_w,"array([-1.43788707, -4.29053084])"
793,619406_w,"array([-0.60757494, -3.11154006])"
794,37074_i,"array([-2.37339683, -4.48353789])"
795,259206_w,"array([-2.6707407 , -4.06104322])"
796,307307_w,"array([-2.77944239, -3.98564482])"
797,403753_w,"array([-1.79703316, -5.36176479])"
798,86422_w,"array([-2.54864281, -3.97903187])"
799,37180_i,"array([-0.9950042 , -6.98773336])"
800,506881_w,"array([-1.00616963, -7.40451915])"
801,37478_i,"array([-1.87457673, -7.24379083])"
802,259088_w,"array([-2.25850607, -7.26818106])"
803,277894_w,"array([-2.18750277, -7.75412029])"
804,278198_w,"array([-2.28728472, -7.18358946])"
805,469542_w,"array([-2.09675479, -6.63120675])"
806,509046_w,"array([-2.17522758, -7.20738751])"
807,696236_w,"array([-2.08721764, -7.84147849])"
808,703572_w,"array([-2.1752155 , -7.89487173])"
809,37589_i,"array([-8.01002368, -3.52943576])"
810,37702_i,"array([-2.06053749, -4.47809737])"
811,271168_w,"array([-2.380977  , -3.99833376])"
812,334705_w,"array([-2.28580066, -3.95397988])"
813,335385_w,"array([-1.60549813, -4.26430262])"
814,601640_w,"array([-2.48576567, -4.08648271])"
815,37815_i,"array([-0.33335314, -5.824635  ])"
816,589181_w,"array([ 0.20618109, -5.77243999])"
817,37839_i,"array([-2.88140455, -4.64657859])"
818,38201_i,"array([-2.38122758, -6.77406895])"
819,380838_w,"array([-2.08146321, -6.49535715])"
820,38313_i,"array([-2.43592985, -5.49409646])"
821,346282_w,"array([-2.53668728, -5.45974456])"
822,38536_i,"array([-1.64562619, -6.1329976 ])"
823,38760_i,"array([ -6.87279319, -10.27145215])"
824,694431_w,"array([ -6.70708508, -10.32828356])"
825,38872_i,"array([-0.83748924, -7.30841522])"
826,542613_w,"array([-0.73023894, -7.62034199])"
827,73647_w,"array([-1.00006454, -8.01353941])"
828,39123_i,"array([-0.97001266, -4.10807094])"
829,281512_w,"array([-0.50920272, -3.86347638])"
830,301226_w,"array([-0.70797498, -3.69806082])"
831,60783_w,"array([-1.20898816, -4.43471167])"
832,61034_w,"array([-1.63290473, -4.66075512])"
833,69283_w,"array([-0.62936733, -3.80312427])"
834,69511_w,"array([-0.61046885, -3.61283364])"
835,69732_w,"array([-0.52584693, -3.71630942])"
836,69958_w,"array([-0.76479064, -3.58376305])"
837,39574_i,"array([-0.17100595, -4.79981741])"
838,112956_w,"array([ 0.40351493, -4.55113772])"
839,15564_w,"array([ 0.19444379, -4.52251151])"
840,252883_w,"array([ 0.03477698, -4.66241901])"
841,272040_w,"array([ 0.24323256, -4.66033452])"
842,620206_w,"array([ 0.61690594, -4.58721819])"
843,3959_i,"array([ 0.02066188, -7.29344262])"
844,39685_i,"array([-0.57734088, -5.24188522])"
845,157713_w,"array([-0.63962924, -5.66758027])"
846,318274_w,"array([-0.25182   , -4.95326815])"
847,39800_i,"array([-1.28422801, -4.35868591])"
848,26792_w,"array([-0.82088184, -3.9749157 ])"
849,275110_w,"array([-0.83836388, -4.08822509])"
850,616025_w,"array([-0.93940206, -3.95738325])"
851,40027_i,"array([-0.34756744, -4.82066628])"
852,40163_i,"array([-1.87594746, -6.85520776])"
853,223841_w,"array([-2.35565372, -6.91686738])"
854,262395_w,"array([-2.50853401, -6.75710257])"
855,300994_w,"array([-2.28119314, -6.98757282])"
856,320555_w,"array([-1.85519419, -5.87972063])"
857,322886_w,"array([-2.28115344, -7.36352383])"
858,324546_w,"array([-2.23596027, -7.45094617])"
859,704873_w,"array([-2.39267123, -7.21013159])"
860,76060_w,"array([-2.39140215, -7.05211412])"
861,82201_w,"array([-2.37570721, -7.31532041])"
862,40266_i,"array([-2.08132286, -5.74424996])"
863,429827_w,"array([-1.4537397 , -5.71210138])"
864,555968_w,"array([-2.58162802, -5.60673625])"
865,40370_i,"array([-0.44615226, -6.8822341 ])"
866,48577_w,"array([-0.31783901, -7.17326404])"
867,40469_i,"array([-1.44129746, -3.7986378 ])"
868,16304_w,"array([-1.41029709, -3.18369695])"
869,286182_w,"array([-1.26394147, -3.21425579])"
870,316757_w,"array([-1.13804474, -3.25490618])"
871,319566_w,"array([-1.04191287, -3.35255519])"
872,324624_w,"array([-1.14699321, -3.40467444])"
873,350093_w,"array([-1.25321454, -3.34612299])"
874,51592_w,"array([-1.36374414, -3.30066428])"
875,41090_i,"array([-2.20830273, -5.9720654 ])"
876,41194_i,"array([-1.60076119, -4.04542043])"
877,19785_w,"array([-1.79716129, -3.68799825])"
878,443334_w,"array([-1.88742021, -3.56813897])"
879,57584_w,"array([-1.4391158 , -3.47375862])"
880,41322_i,"array([1.05005178, 0.56401828])"
881,41531_i,"array([-3.72673244, -5.91111766])"
882,324465_w,"array([-4.19090144, -6.07033497])"
883,330387_w,"array([-4.27208103, -5.93669862])"
884,63788_w,"array([-4.5653768 , -5.81711099])"
885,41629_i,"array([-0.3509389 , -2.58560149])"
886,45825_w,"array([-0.29349454, -2.24633778])"
887,85974_w,"array([-0.12230591, -2.33153888])"
888,41732_i,"array([-2.18124164, -5.77964519])"
889,42039_i,"array([  3.76783963, -10.36448378])"
890,86874_w,"array([  3.93034045, -10.29743915])"
891,42142_i,"array([-0.0321543 , -6.77923417])"
892,409472_w,"array([ 0.46606914, -6.20627764])"
893,70211_w,"array([ 0.55874685, -6.90054127])"
894,42270_i,"array([-2.30704424, -6.06165041])"
895,20281_w,"array([-2.55609157, -6.1020571 ])"
896,250179_w,"array([-2.59710412, -6.1993594 ])"
897,308558_w,"array([-2.46818796, -6.23851046])"
898,42579_i,"array([-0.05761918, -7.30277305])"
899,307650_w,"array([ 0.51000356, -7.60758887])"
900,64924_w,"array([ 0.06343131, -7.48563985])"
901,4266_i,"array([-4.34829856, -6.16993106])"
902,87773_w,"array([-3.88156101, -6.03389384])"
903,42889_i,"array([-0.34250908, -7.33516861])"
904,305897_w,"array([ 0.23485231, -7.78668997])"
905,42993_i,"array([-1.07205896, -7.12703021])"
906,43096_i,"array([-0.69363592, -4.10288273])"
907,48351_w,"array([-0.83431587, -3.83916004])"
908,555535_w,"array([-0.31161826, -3.73535252])"
909,43300_i,"array([-3.80656426, -3.89490228])"
910,517189_w,"array([-3.37195971, -4.06293175])"
911,43325_i,"array([ 4.38984132, -1.76128202])"
912,319646_w,"array([ 4.45077481, -1.9261555 ])"
913,43534_i,"array([-0.67007324, -6.12071381])"
914,329347_w,"array([-0.08727339, -5.93008904])"
915,43740_i,"array([-2.3100814 , -5.74268785])"
916,43842_i,"array([-0.18867422,  0.9276738 ])"
917,27782_w,"array([-0.39815663,  0.99257836])"
918,58967_w,"array([-0.06026879,  0.75365595])"
919,693996_w,"array([-0.31617897,  0.75140014])"
920,695890_w,"array([0.01600789, 1.00010964])"
921,699014_w,"array([-0.19218188,  1.14544213])"
922,43946_i,"array([ 4.46183061, -4.18847475])"
923,329656_w,"array([ 4.41570402, -4.01746015])"
924,44048_i,"array([-0.05601962, -6.98770489])"
925,44381_i,"array([-2.31845247, -5.37272343])"
926,23539_w,"array([-2.77696697, -5.23748708])"
927,250350_w,"array([-2.56217569, -5.28615023])"
928,278137_w,"array([-2.71208757, -5.44004868])"
929,322139_w,"array([-2.66509105, -5.05576861])"
930,695899_w,"array([-2.72314176, -5.31506448])"
931,698068_w,"array([-2.57252979, -5.10368927])"
932,44484_i,"array([-0.33893829, -6.96827644])"
933,44791_i,"array([-0.24032503, -6.58773017])"
934,44996_i,"array([-0.29789934, -6.82008946])"
935,45101_i,"array([-0.08788219, -6.64929049])"
936,45541_i,"array([-1.63644218, -4.83433864])"
937,45646_i,"array([-4.09805113, -4.92038815])"
938,23291_w,"array([-3.61263304, -5.14928685])"
939,45750_i,"array([-1.56096649, -7.11835704])"
940,114785_w,"array([-1.78001079, -7.67024095])"
941,319965_w,"array([-1.95272174, -7.1738899 ])"
942,320046_w,"array([-1.76794465, -7.76288901])"
943,320125_w,"array([-1.70016168, -7.83237021])"
944,322624_w,"array([-1.67125747, -7.70587622])"
945,326864_w,"array([-1.83219993, -7.83684427])"
946,388726_w,"array([-1.95871295, -7.27897015])"
947,477635_w,"array([-1.9997034, -6.9872448])"
948,586709_w,"array([-1.57972896, -7.72505102])"
949,4576_i,"array([-7.49711026, -2.07054629])"
950,72768_w,"array([-7.32543742, -2.11133314])"
951,45851_i,"array([-2.30330796, -7.08809441])"
952,17048_w,"array([-2.61657433, -7.66511298])"
953,319024_w,"array([-2.7231122 , -7.37657464])"
954,346884_w,"array([-2.77200223, -7.50385267])"
955,618895_w,"array([-2.52044953, -8.01441783])"
956,66081_w,"array([-2.64624417, -7.51209549])"
957,66311_w,"array([-2.72225056, -7.61442836])"
958,45954_i,"array([-2.05744554, -6.77715589])"
959,463051_w,"array([-2.49328706, -7.1446371 ])"
960,46059_i,"array([-1.35589031, -6.56241513])"
961,46162_i,"array([-1.05256632, -9.42259935])"
962,46265_i,"array([-2.20011584, -6.63320291])"
963,216271_w,"array([-2.51013506, -7.00312204])"
964,241430_w,"array([-2.50290468, -6.88872885])"
965,308478_w,"array([-2.60824676, -6.78167588])"
966,319885_w,"array([-2.6091022 , -6.95362774])"
967,80008_w,"array([-2.65873934, -6.86828185])"
968,98460_w,"array([-2.61154215, -7.06085417])"
969,46470_i,"array([-1.36562305, -5.40345245])"
970,585553_w,"array([-1.00333549, -5.04828805])"
971,694361_w,"array([-1.17203103, -5.13886527])"
972,46495_i,"array([-1.01585252, -6.32964515])"
973,196000_w,"array([-1.12980311, -5.45828626])"
974,228568_w,"array([-0.69345668, -6.01952051])"
975,235028_w,"array([-0.64267475, -6.38302457])"
976,236645_w,"array([-0.531198  , -5.85885727])"
977,242249_w,"array([-0.63844868, -5.85390337])"
978,253479_w,"array([-0.77927284, -6.08105579])"
979,257616_w,"array([-1.65893698, -6.6919594 ])"
980,303175_w,"array([-0.87256914, -6.01560219])"
981,306827_w,"array([-0.72220221, -5.90494534])"
982,312671_w,"array([-0.5310649 , -6.22077225])"
983,322464_w,"array([-0.79325837, -5.96922505])"
984,325211_w,"array([-1.30258203, -6.21282803])"
985,329870_w,"array([-1.24038494, -6.09594353])"
986,36261_w,"array([-0.58705834, -6.080682  ])"
987,369000_w,"array([-0.62377552, -6.20216203])"
988,37467_w,"array([-0.94577285, -6.47721387])"
989,406615_w,"array([-0.77651361, -6.18999086])"
990,474932_w,"array([-0.72986747, -5.77741319])"
991,47890_w,"array([-1.57626569, -6.71241844])"
992,557623_w,"array([-0.92359715, -5.91392497])"
993,624079_w,"array([-0.77107475, -6.39168836])"
994,6741_w,"array([-0.96753371, -6.05147018])"
995,695858_w,"array([-0.50048303, -6.05540276])"
996,700212_w,"array([-0.83307013, -5.86525015])"
997,9072_w,"array([-0.51926966, -5.96150593])"
998,46597_i,"array([-1.02575651, -6.18525581])"
999,46699_i,"array([-0.20231493, -7.28050335])"
1000,46803_i,"array([-0.11831716, -7.23552526])"
1001,46906_i,"array([-4.93053731, -5.14240787])"
1002,317783_w,"array([-4.34931959, -5.39412153])"
1003,47008_i,"array([-0.47590867, -6.57665757])"
1004,47109_i,"array([-0.3821441 , -6.79974591])"
1005,319186_w,"array([-0.11204658, -6.75911554])"
1006,47213_i,"array([-1.24454125, -7.33329996])"
1007,331263_w,"array([-1.40657062, -7.94663544])"
1008,703127_w,"array([-1.28740482, -7.97996706])"
1009,47314_i,"array([-0.39013525, -7.07621459])"
1010,319725_w,"array([ 0.32680956, -7.45771336])"
1011,47418_i,"array([-0.11037724, -7.08997753])"
1012,47522_i,"array([ 0.00960006, -7.18654255])"
1013,47547_i,"array([ 5.14450807, -3.84547812])"
1014,413961_w,"array([ 5.03757305, -4.00623933])"
1015,630049_w,"array([ 5.33681752, -3.87139308])"
1016,74083_w,"array([ 5.0538892 , -3.67142236])"
1017,47650_i,"array([-0.38824029, -7.22806555])"
1018,47754_i,"array([ 6.08306724, -6.43205753])"
1019,325449_w,"array([ 6.11220555, -6.62951248])"
1020,697531_w,"array([ 6.18172193, -6.26711263])"
1021,699838_w,"array([ 5.88536824, -6.44299253])"
1022,47858_i,"array([-7.90986429, -3.12074079])"
1023,47960_i,"array([-1.01499903, -7.86021919])"
1024,321628_w,"array([-0.96125775, -7.62416447])"
1025,321790_w,"array([-0.94252384, -8.44067463])"
1026,48064_i,"array([-8.16025611, -3.14209698])"
1027,48269_i,"array([-4.62071262,  0.39733697])"
1028,700028_w,"array([-4.74857983,  0.51828132])"
1029,48372_i,"array([-4.5135652 , -6.11279412])"
1030,332308_w,"array([-4.90797768, -6.17745347])"
1031,48476_i,"array([-0.43070192, -4.64575586])"
1032,36968_w,"array([-0.05014686, -4.37114629])"
1033,48580_i,"array([ -3.45932043, -12.44937564])"
1034,326522_w,"array([ -3.29616415, -12.51434006])"
1035,48605_i,"array([-2.91814729, -5.89937666])"
1036,697028_w,"array([-3.42356076, -5.93395704])"
1037,70672_w,"array([-3.51084694, -5.85263705])"
1038,48630_i,"array([-2.67754426, -5.66590754])"
1039,315344_w,"array([-3.00654676, -5.35561292])"
1040,693887_w,"array([-3.07816285, -5.68999733])"
1041,695685_w,"array([-3.11237709, -5.32716548])"
1042,699832_w,"array([-3.09946694, -5.56690614])"
1043,74978_w,"array([-3.12614463, -5.44063789])"
1044,48733_i,"array([-1.50264983, -4.43436446])"
1045,4878_i,"array([-0.54839687, -7.03144109])"
1046,85750_w,"array([-0.26871757, -7.66862387])"
1047,48833_i,"array([-2.86681679, -5.31888995])"
1048,55289_w,"array([-3.30979682, -5.08401245])"
1049,48920_i,"array([ 5.07056644, -7.35701852])"
1050,79359_w,"array([ 4.91937216, -7.26731761])"
1051,49004_i,"array([-1.23613212,  1.39434016])"
1052,328806_w,"array([-1.10258614,  1.50728978])"
1053,49087_i,"array([-0.18213115, -6.98205941])"
1054,49172_i,"array([-0.393412  , -6.91943933])"
1055,49256_i,"array([-0.66888707, -5.31819673])"
1056,49340_i,"array([ 0.23645964, -3.60224572])"
1057,49425_i,"array([-0.01901003, -7.41854701])"
1058,49507_i,"array([ 0.08955512, -7.01048475])"
1059,49533_i,"array([-1.22400133, -5.7940236 ])"
1060,49615_i,"array([ 0.17698716, -6.82853532])"
1061,49697_i,"array([-0.45970524, -7.22953062])"
1062,49777_i,"array([-8.22212651, -3.39816381])"
1063,49861_i,"array([-2.67502365, -8.24954211])"
1064,268205_w,"array([-2.4905109, -7.8204819])"
1065,50024_i,"array([-1.997736  , -7.76970625])"
1066,50108_i,"array([ 0.09843736, -7.26990204])"
1067,50188_i,"array([ 0.28394694, -7.05963901])"
1068,50269_i,"array([-1.24830886, -3.04382834])"
1069,50351_i,"array([-2.3512141 , -6.23733244])"
1070,50456_i,"array([-1.0376004 , -4.71070622])"
1071,302403_w,"array([-0.69535095, -4.32411461])"
1072,334878_w,"array([-0.67262317, -4.45499212])"
1073,50540_i,"array([1.37836869, 1.13500447])"
1074,620529_w,"array([1.23581743, 1.23968817])"
1075,51225_i,"array([-1.43202907, -5.15911712])"
1076,570629_w,"array([-2.17108119, -5.12044445])"
1077,694075_w,"array([-1.16793335, -4.84042746])"
1078,699300_w,"array([-0.94184108, -4.82089612])"
1079,71123_w,"array([-1.06536771, -4.81610702])"
1080,80443_w,"array([-1.01810698, -4.91468833])"
1081,5178_i,"array([-2.86270811, -5.12510966])"
1082,316103_w,"array([-3.44190203, -4.93121614])"
1083,694943_w,"array([-3.4119708 , -4.79892964])"
1084,694985_w,"array([-3.30240487, -4.83407739])"
1085,703399_w,"array([-3.32792192, -4.95321456])"
1086,81765_w,"array([-3.42059066, -5.28997917])"
1087,52076_i,"array([-0.8810124 , -6.13545815])"
1088,52923_i,"array([-2.23669844, -4.7539466 ])"
1089,323208_w,"array([-1.81999423, -4.56209068])"
1090,44903_w,"array([-2.63078019, -4.42224746])"
1091,72543_w,"array([-2.55546033, -4.3052753 ])"
1092,54499_i,"array([-2.38764142, -6.37277663])"
1093,5491_i,"array([-3.47023988, -7.34860884])"
1094,303415_w,"array([-3.88838112, -7.61089645])"
1095,55261_i,"array([-2.42548231, -5.66735689])"
1096,322966_w,"array([-2.82205995, -5.46926105])"
1097,46982_w,"array([-2.40930218, -4.69255893])"
1098,56572_i,"array([-0.75203814, -6.93766322])"
1099,556838_w,"array([-1.09042474, -6.68684055])"
1100,57150_i,"array([-2.21314833, -5.68903808])"
1101,417952_w,"array([-2.18303353, -5.35825499])"
1102,57799_i,"array([-1.3591428 , -4.63461144])"
1103,280413_w,"array([-1.27015662, -4.2507565 ])"
1104,310222_w,"array([-0.84732967, -4.38286715])"
1105,376373_w,"array([-0.97835277, -4.33396033])"
1106,464123_w,"array([-0.94254962, -4.43484281])"
1107,464660_w,"array([-0.9957336 , -4.23028119])"
1108,697593_w,"array([-0.88014684, -4.26345673])"
1109,58202_i,"array([-0.46780195, -5.33004935])"
1110,105674_w,"array([-0.00714107, -5.12858169])"
1111,105880_w,"array([ 0.10762197, -5.0971038 ])"
1112,303520_w,"array([-0.1057532 , -5.04801721])"
1113,315262_w,"array([-0.13448696, -4.93999012])"
1114,324787_w,"array([-0.02756451, -4.90413524])"
1115,357673_w,"array([ 0.07940988, -5.21667249])"
1116,392288_w,"array([-0.04280786, -5.24813975])"
1117,468993_w,"array([-0.12466813, -5.16182127])"
1118,476178_w,"array([ 0.08451122, -5.32993375])"
1119,61264_w,"array([ 0.05506348, -5.44489011])"
1120,696972_w,"array([-0.04334188, -5.36286624])"
1121,702244_w,"array([ 0.01949223, -5.01006923])"
1122,58644_i,"array([-0.92466762, -7.33912144])"
1123,630591_w,"array([-0.78896166, -7.70418111])"
1124,58737_i,"array([-8.47097326, -5.25828523])"
1125,324036_w,"array([-8.51983375, -5.43047837])"
1126,59122_i,"array([-1.91195109, -4.97048839])"
1127,265709_w,"array([-2.21269845, -4.83708976])"
1128,276498_w,"array([-2.15530167, -4.4387604 ])"
1129,281697_w,"array([-2.0757064 , -4.58168649])"
1130,2867_w,"array([-2.28456841, -4.57777094])"
1131,330076_w,"array([-2.08750364, -4.68619414])"
1132,334939_w,"array([-1.69387396, -5.04767371])"
1133,343697_w,"array([-1.55415939, -4.89137139])"
1134,544842_w,"array([-1.89765243, -4.85320709])"
1135,609825_w,"array([-1.95953848, -4.57017474])"
1136,614956_w,"array([-2.35980484, -4.98627173])"
1137,68832_w,"array([-1.79644965, -4.94357718])"
1138,694490_w,"array([-1.51805227, -4.78452519])"
1139,695670_w,"array([-2.08560619, -4.78587203])"
1140,698066_w,"array([-1.57871158, -5.00861113])"
1141,698517_w,"array([-1.61062329, -4.7441332 ])"
1142,698607_w,"array([-2.17405619, -4.65807154])"
1143,698849_w,"array([-1.97648417, -4.76718737])"
1144,700613_w,"array([-2.17896006, -4.55172034])"
1145,700669_w,"array([-2.34139758, -4.77080095])"
1146,59216_i,"array([-3.10716713, -6.17136812])"
1147,325773_w,"array([-3.61354488, -5.99800862])"
1148,328375_w,"array([-3.71700864, -6.08383425])"
1149,59543_i,"array([-2.26053999, -4.16564694])"
1150,328888_w,"array([-2.53704367, -3.82264597])"
1151,59610_i,"array([-2.80918292, -5.69285105])"
1152,314506_w,"array([-2.59125376, -4.91317651])"
1153,323368_w,"array([-3.39217936, -5.77763902])"
1154,329206_w,"array([-3.44738345, -5.68160551])"
1155,347459_w,"array([-3.23540435, -5.35514452])"
1156,552859_w,"array([-3.38888821, -5.60916159])"
1157,553299_w,"array([-3.33804993, -5.40353087])"
1158,695263_w,"array([-3.43275432, -5.51413108])"
1159,696255_w,"array([-3.30751333, -5.7078525 ])"
1160,697251_w,"array([-3.31744026, -5.49593154])"
1161,698535_w,"array([-3.25554523, -5.92460219])"
1162,69982_w,"array([-3.29474098, -5.8245105 ])"
1163,700284_w,"array([-3.19779034, -5.75717323])"
1164,702162_w,"array([-3.19759242, -5.64560414])"
1165,703513_w,"array([-3.21307784, -5.50689088])"
1166,59893_i,"array([-2.91662339, -4.165074  ])"
1167,703137_w,"array([-3.34225283, -3.92811729])"
1168,60094_i,"array([-2.25187333,  1.41982512])"
1169,250325_w,"array([-2.17107366,  1.26594808])"
1170,60235_i,"array([ -5.51176672, -11.4564457 ])"
1171,315074_w,"array([ -5.34524236, -11.51852246])"
1172,60613_i,"array([-0.74396726, -4.68050241])"
1173,265832_w,"array([-0.36935005, -4.44061743])"
1174,274314_w,"array([-0.29984755, -4.21523547])"
1175,274373_w,"array([-0.29381087, -4.54071313])"
1176,309712_w,"array([-0.47298147, -4.39076261])"
1177,377649_w,"array([-0.40691606, -4.28387819])"
1178,378286_w,"array([-0.22984522, -4.4339152 ])"
1179,615226_w,"array([-0.53819847, -4.28092975])"
1180,622789_w,"array([-0.52817431, -4.16487227])"
1181,629279_w,"array([-0.29105982, -4.33087614])"
1182,697357_w,"array([-0.40673439, -4.15213314])"
1183,60821_i,"array([ 0.35710193, -7.13030816])"
1184,61084_i,"array([-0.59034756, -6.87805811])"
1185,61136_i,"array([-1.55434502, -4.50180236])"
1186,61159_i,"array([-0.72511929, -6.98971335])"
1187,232576_w,"array([-0.24757114, -6.7643139 ])"
1188,266463_w,"array([-0.65277228, -7.68900813])"
1189,318621_w,"array([-0.26171973, -7.58071431])"
1190,321870_w,"array([-0.1467787 , -6.54960971])"
1191,329129_w,"array([-0.34082265, -6.44014048])"
1192,460344_w,"array([-0.44398467, -7.68441307])"
1193,568985_w,"array([-1.08935417, -6.87529765])"
1194,61311_i,"array([-1.95507857, -3.7834417 ])"
1195,61362_i,"array([ -4.51819339, -12.02373858])"
1196,314426_w,"array([ -4.40237191, -12.16032288])"
1197,61413_i,"array([ 4.58765784, -8.58635789])"
1198,458982_w,"array([ 4.66891756, -8.43100541])"
1199,61466_i,"array([ 0.20200116, -7.17423881])"
1200,61519_i,"array([ 5.18074642, -8.03793466])"
1201,316507_w,"array([ 5.34752567, -7.982339  ])"
1202,61570_i,"array([ 5.41591098, -5.68724681])"
1203,175578_w,"array([ 5.22615199, -5.55220432])"
1204,266935_w,"array([ 5.40107211, -5.44795533])"
1205,380185_w,"array([ 5.64591669, -5.72209577])"
1206,467413_w,"array([ 5.52570633, -5.89386517])"
1207,510666_w,"array([ 5.19562451, -5.75536086])"
1208,549962_w,"array([ 5.5897274 , -5.52553049])"
1209,85055_w,"array([ 5.32542254, -5.91176123])"
1210,61620_i,"array([-5.24450082, -5.69275619])"
1211,19291_w,"array([-4.48552684, -5.66822143])"
1212,289920_w,"array([-5.42495753, -5.93970969])"
1213,310300_w,"array([-5.66130914, -5.77757559])"
1214,317266_w,"array([-5.59003848, -5.91443426])"
1215,317350_w,"array([-5.48254184, -5.77312832])"
1216,317433_w,"array([-5.38229987, -5.51144089])"
1217,317678_w,"array([-5.52011134, -5.62085465])"
1218,64243_w,"array([-5.61588024, -5.48685801])"
1219,64471_w,"array([-5.68283377, -5.63065223])"
1220,695684_w,"array([-5.4817    , -5.39449081])"
1221,61672_i,"array([-6.50340919, -0.80295719])"
1222,318702_w,"array([-6.3548528 , -0.89471788])"
1223,61695_i,"array([-0.9124104 , -7.27241434])"
1224,61718_i,"array([-0.54037477, -6.76233988])"
1225,116591_w,"array([ 0.10306392, -6.59771616])"
1226,239209_w,"array([-0.05059346, -6.22636508])"
1227,252526_w,"array([ 0.24721806, -6.83727897])"
1228,265892_w,"array([ 0.0086377 , -6.54247442])"
1229,266009_w,"array([ 0.2091349 , -6.55006425])"
1230,282185_w,"array([ 0.18994604, -6.45228237])"
1231,307146_w,"array([-0.7369714 , -7.45563572])"
1232,315914_w,"array([ 0.20230822, -6.64156313])"
1233,317866_w,"array([-0.04157033, -6.34151021])"
1234,331679_w,"array([ 0.12741737, -6.36642042])"
1235,41048_w,"array([-0.05421229, -6.45527742])"
1236,410591_w,"array([ 0.25144213, -6.72207298])"
1237,451072_w,"array([ 0.12936387, -7.1737011 ])"
1238,465195_w,"array([ 0.04967868, -6.28635695])"
1239,536456_w,"array([ 0.03560194, -6.41321822])"
1240,557596_w,"array([-0.13998451, -6.38055003])"
1241,598068_w,"array([ 0.09583819, -6.49522672])"
1242,628766_w,"array([-0.14977323, -6.28363456])"
1243,61771_i,"array([-2.41654474, -6.55703023])"
1244,82637_w,"array([-2.76687872, -6.7551393 ])"
1245,61824_i,"array([-5.12811706, -0.08830457])"
1246,67213_w,"array([-5.26019404,  0.03139048])"
1247,61877_i,"array([-5.8959966 , -0.27912882])"
1248,68152_w,"array([-5.8522479 , -0.45098287])"
1249,61930_i,"array([ 4.45629302, -2.48848895])"
1250,29037_w,"array([ 4.6311453 , -2.52043121])"
1251,61980_i,"array([ 0.18135785, -7.03723231])"
1252,619_i,"array([-0.86845048, -6.38495885])"
1253,222282_w,"array([-0.22913694, -6.13571668])"
1254,253407_w,"array([-0.2816438 , -6.23071083])"
1255,256113_w,"array([-1.05323877, -6.54986783])"
1256,256180_w,"array([-0.45012469, -6.14512873])"
1257,302253_w,"array([-0.39248152, -6.26622822])"
1258,330814_w,"array([-0.41121553, -5.95702029])"
1259,330979_w,"array([-0.23451041, -6.04303128])"
1260,335376_w,"array([-0.36044317, -6.064361  ])"
1261,478158_w,"array([-1.10257502, -6.38435702])"
1262,478698_w,"array([-0.35901767, -6.16639139])"
1263,479241_w,"array([-1.21595793, -6.3328908 ])"
1264,552416_w,"array([-0.30659533, -5.97196657])"
1265,62031_i,"array([ 0.10977702, -6.73468958])"
1266,62081_i,"array([-3.03550121,  0.53537985])"
1267,618638_w,"array([-2.86516113,  0.59322966])"
1268,62134_i,"array([-0.24898586, -7.33659922])"
1269,62187_i,"array([-4.15001142, -6.83351659])"
1270,62235_i,"array([ 0.93126442, -4.38393472])"
1271,322704_w,"array([ 1.27514352, -4.39890758])"
1272,71582_w,"array([ 1.27191842, -4.23920256])"
1273,62261_i,"array([-0.76580469, -6.49249528])"
1274,62313_i,"array([0.72450059, 0.67910056])"
1275,62367_i,"array([-6.86425806, -1.45007634])"
1276,698711_w,"array([-7.02466997, -1.37843047])"
1277,62420_i,"array([-2.44096976, -6.64802848])"
1278,62472_i,"array([ 1.32097439, -4.11069145])"
1279,278970_w,"array([ 1.55731664, -3.85311103])"
1280,389102_w,"array([ 1.66055585, -4.01307608])"
1281,65858_w,"array([ 0.81555763, -4.5009982 ])"
1282,62525_i,"array([ 4.72076728, -9.43150693])"
1283,478682_w,"array([ 4.79488706, -9.27399294])"
1284,62578_i,"array([  0.94456271, -12.37829322])"
1285,328536_w,"array([  0.810472 , -12.2680106])"
1286,62630_i,"array([ 0.37780492, -6.84268297])"
1287,62683_i,"array([ 4.21691895, -3.08486386])"
1288,330007_w,"array([ 4.38954874, -3.11421116])"
1289,62735_i,"array([-0.40075358, -7.46626223])"
1290,62788_i,"array([-0.36922608, -5.33634747])"
1291,332249_w,"array([ 0.22641984, -5.3199466 ])"
1292,581039_w,"array([ 0.22364175, -5.19253604])"
1293,8815_w,"array([ 0.26571182, -5.45500407])"
1294,62813_i,"array([-0.73271896, -7.02803292])"
1295,62864_i,"array([ 1.07708566, -4.48244066])"
1296,62918_i,"array([-4.05047505,  0.75925043])"
1297,278602_w,"array([-4.09808367,  0.93011256])"
1298,62970_i,"array([ 5.33811828, -4.63488605])"
1299,331533_w,"array([ 5.51036884, -4.59333891])"
1300,63021_i,"array([-4.09890226, -7.09011343])"
1301,63358_i,"array([ -0.79445687, -12.71635733])"
1302,235800_w,"array([ -0.72516933, -12.91106376])"
1303,25003_w,"array([ -0.59080701, -12.65609535])"
1304,314588_w,"array([ -0.85480129, -12.52097581])"
1305,339190_w,"array([ -0.99454766, -12.77649377])"
1306,63906_i,"array([-2.70492472, -4.29444875])"
1307,329799_w,"array([-3.16912556, -4.05635792])"
1308,332163_w,"array([-2.938694  , -3.88550545])"
1309,425033_w,"array([-3.07946526, -3.90694311])"
1310,699779_w,"array([-3.04063995, -4.01978616])"
1311,64455_i,"array([-0.64861648, -6.97157151])"
1312,208230_w,"array([-0.22111199, -7.19403707])"
1313,331471_w,"array([-0.2263299, -6.4664914])"
1314,331741_w,"array([ 0.02206052, -7.05986511])"
1315,579033_w,"array([-0.84438876, -7.62499627])"
1316,6463_i,"array([-1.3295568 , -4.12424914])"
1317,279411_w,"array([-0.96565523, -3.64841387])"
1318,523714_w,"array([-1.07033203, -3.58464463])"
1319,65005_i,"array([-0.75834279, -4.93222051])"
1320,66092_i,"array([-0.06854215, -5.77231354])"
1321,67154_i,"array([-7.92048001, -8.4111993 ])"
1322,61945_w,"array([-7.84954761, -8.59025929])"
1323,67180_i,"array([-1.98124176, -4.67216495])"
1324,314750_w,"array([-2.25272478, -4.39498782])"
1325,314831_w,"array([-2.42515102, -4.26760861])"
1326,361967_w,"array([-2.10915951, -4.20888953])"
1327,517741_w,"array([-2.32749961, -4.33421345])"
1328,80875_w,"array([-2.40816126, -4.38537754])"
1329,68259_i,"array([-1.73791609, -3.98180444])"
1330,286400_w,"array([-1.57636766, -3.4425595 ])"
1331,331801_w,"array([-1.68401511, -3.473064  ])"
1332,699310_w,"array([-1.72347294, -3.37676856])"
1333,69345_i,"array([-2.13324057, -7.11821139])"
1334,260635_w,"array([-2.50956369, -7.60167437])"
1335,261346_w,"array([-2.429358  , -7.68184152])"
1336,301155_w,"array([-2.48833536, -7.4805383 ])"
1337,324383_w,"array([-2.31335191, -7.63422491])"
1338,328562_w,"array([-2.56455406, -7.40585449])"
1339,69789_i,"array([-3.02499175, -5.48212925])"
1340,114988_w,"array([-3.52688823, -5.37426144])"
1341,255431_w,"array([-3.46693408, -5.12675888])"
1342,27534_w,"array([-3.52753753, -5.23929407])"
1343,82420_w,"array([-3.59120773, -5.47931574])"
1344,9327_w,"array([-3.63031902, -5.3182615 ])"
1345,7026_i,"array([-0.82123317, -6.99231145])"
1346,70642_i,"array([-0.87048694, -7.06044074])"
1347,270544_w,"array([-1.1621401 , -7.66400508])"
1348,315831_w,"array([-1.06530845, -7.75793038])"
1349,71067_i,"array([-0.43143526, -6.96339582])"
1350,30025_w,"array([ 0.41056436, -7.05290539])"
1351,322543_w,"array([ 0.29549625, -6.93436018])"
1352,324358_w,"array([ 0.3305804 , -7.30630222])"
1353,326015_w,"array([ 0.38410548, -6.9572022 ])"
1354,333011_w,"array([ 0.39893444, -7.21435674])"
1355,56680_w,"array([ 0.29420499, -7.20892076])"
1356,71486_i,"array([-0.52347672, -7.4168892 ])"
1357,563762_w,"array([-0.06470691, -7.17332473])"
1358,71905_i,"array([-0.75538205, -7.08666713])"
1359,271427_w,"array([-0.95525515, -7.76624147])"
1360,285437_w,"array([-1.04197311, -7.6697878 ])"
1361,525954_w,"array([-0.87797272, -7.82354452])"
1362,604349_w,"array([-0.53493924, -7.72732248])"
1363,71928_i,"array([-3.0172556 , -6.47737782])"
1364,114962_w,"array([-3.7841724 , -6.69225595])"
1365,116979_w,"array([-3.58420777, -6.51211683])"
1366,118951_w,"array([-3.5092123 , -6.32741639])"
1367,15049_w,"array([-3.26897222, -6.41864589])"
1368,151544_w,"array([-3.46545411, -6.21945442])"
1369,155421_w,"array([-3.48690563, -6.49246129])"
1370,178082_w,"array([-3.40523487, -6.54064667])"
1371,195603_w,"array([-3.50902857, -6.59304599])"
1372,20029_w,"array([-3.6650966 , -6.43408959])"
1373,22774_w,"array([-3.75867362, -6.38398828])"
1374,230417_w,"array([-3.55020884, -6.69445208])"
1375,232565_w,"array([-3.09420904, -6.86367727])"
1376,247958_w,"array([-3.18925141, -6.85888453])"
1377,248879_w,"array([-3.14821068, -6.66981895])"
1378,271041_w,"array([-3.70635346, -6.61843364])"
1379,273838_w,"array([-3.15173609, -7.1835298 ])"
1380,275424_w,"array([-3.56886971, -6.25211868])"
1381,275479_w,"array([-3.53218942, -7.10760309])"
1382,275535_w,"array([-3.2121752 , -6.56748387])"
1383,288450_w,"array([-3.14529347, -6.96306234])"
1384,289921_w,"array([-3.54314428, -6.13995583])"
1385,292912_w,"array([-3.78280601, -6.4803081 ])"
1386,308962_w,"array([-3.2934666 , -6.31822372])"
1387,314333_w,"array([-3.36932831, -7.0775283 ])"
1388,315155_w,"array([-3.55465099, -6.99206107])"
1389,317514_w,"array([-3.0865782, -7.0665752])"
1390,318354_w,"array([-3.49519781, -6.90319115])"
1391,318436_w,"array([-3.36781324, -7.17112999])"
1392,319105_w,"array([-3.65409688, -6.2138205 ])"
1393,322221_w,"array([-2.96511302, -7.07916008])"
1394,322304_w,"array([-3.27677575, -7.06679191])"
1395,322385_w,"array([-3.2828581 , -6.87848858])"
1396,324278_w,"array([-3.7384795 , -6.77831178])"
1397,325693_w,"array([-3.24058375, -6.9691725 ])"
1398,327355_w,"array([-3.36260134, -6.2039038 ])"
1399,349641_w,"array([-3.63234885, -6.33928676])"
1400,368671_w,"array([-2.99776734, -6.86946847])"
1401,378924_w,"array([-3.25371055, -7.17448961])"
1402,394824_w,"array([-3.39887599, -6.30804966])"
1403,404325_w,"array([-3.37888292, -6.8826731 ])"
1404,408338_w,"array([-3.29852273, -6.11089906])"
1405,42495_w,"array([-3.53759595, -6.8016153 ])"
1406,47209_w,"array([-3.43433197, -6.64494627])"
1407,483525_w,"array([-3.18420889, -7.07255059])"
1408,492173_w,"array([-3.43642447, -6.82298787])"
1409,494897_w,"array([-3.45292034, -6.40013694])"
1410,495443_w,"array([-3.46350305, -6.73478585])"
1411,511760_w,"array([-3.59399424, -6.88102302])"
1412,551966_w,"array([-3.33617144, -6.62230517])"
1413,568187_w,"array([-2.81472039, -5.80366259])"
1414,607820_w,"array([-3.68528448, -6.52658577])"
1415,608966_w,"array([-2.94228845, -6.96860009])"
1416,613600_w,"array([-3.04125242, -7.16344326])"
1417,617074_w,"array([-3.36776618, -6.72914729])"
1418,622701_w,"array([-3.3366692 , -6.97171732])"
1419,627454_w,"array([-3.30297729, -6.52245765])"
1420,6483_w,"array([-3.65110643, -6.96847046])"
1421,694608_w,"array([-3.19362654, -6.76239641])"
1422,695416_w,"array([-3.46414588, -7.06160518])"
1423,695461_w,"array([-3.04796362, -6.97300331])"
1424,697179_w,"array([-3.56056953, -6.41587706])"
1425,697556_w,"array([-3.73180901, -6.28886363])"
1426,698948_w,"array([-3.2472879 , -6.22006592])"
1427,699029_w,"array([-3.30097474, -6.78664196])"
1428,700348_w,"array([-3.60425597, -6.6077648 ])"
1429,702574_w,"array([-3.07148815, -6.75593311])"
1430,702575_w,"array([-3.80212132, -6.58243132])"
1431,703895_w,"array([-3.36636284, -6.43255506])"
1432,704718_w,"array([-3.25937738, -6.67875871])"
1433,8095_w,"array([-3.65472745, -6.69654107])"
1434,84832_w,"array([-3.70532321, -6.87325393])"
1435,8816_w,"array([-3.42629335, -6.10620522])"
1436,7240_i,"array([ 0.52109909, -5.65844145])"
1437,248717_w,"array([ 0.87598319, -5.38308801])"
1438,326872_w,"array([ 0.86465104, -5.54092682])"
1439,41520_w,"array([ 0.87774024, -5.70411797])"
1440,463589_w,"array([ 1.03531152, -5.73943804])"
1441,471182_w,"array([-0.107025  , -5.51124148])"
1442,500920_w,"array([ 0.99775987, -5.59796589])"
1443,528673_w,"array([ 0.9355331 , -5.84659162])"
1444,73868_w,"array([ 1.00237173, -5.44893766])"
1445,72770_i,"array([-2.09503689, -3.81885833])"
1446,270748_w,"array([-1.95837352, -3.21362637])"
1447,278547_w,"array([-2.38268625, -3.43314685])"
1448,282405_w,"array([-2.26453347, -3.46185116])"
1449,316591_w,"array([-2.09143295, -3.3078242 ])"
1450,327274_w,"array([-2.417876  , -3.27205895])"
1451,330670_w,"array([-2.48582542, -3.3763828 ])"
1452,334644_w,"array([-2.0442301, -3.4147503])"
1453,46958_w,"array([-2.31997504, -3.20091058])"
1454,54375_w,"array([-2.08904115, -3.19547128])"
1455,575424_w,"array([-2.2030453 , -3.16204416])"
1456,593489_w,"array([-1.95749448, -3.32062113])"
1457,695765_w,"array([-2.31186165, -3.33683387])"
1458,697754_w,"array([-2.17189598, -3.4020675 ])"
1459,697840_w,"array([-2.21223063, -3.2826616 ])"
1460,73608_i,"array([-2.97668484, -3.67598285])"
1461,263627_w,"array([-3.47339652, -3.47625886])"
1462,273393_w,"array([-3.20943337, -3.45420142])"
1463,277165_w,"array([-3.15284077, -3.04674927])"
1464,301367_w,"array([-3.42465573, -3.37271228])"
1465,320637_w,"array([-3.27819538, -3.08931655])"
1466,320720_w,"array([-3.55104146, -3.68390242])"
1467,320799_w,"array([-3.20237353, -3.31314465])"
1468,320879_w,"array([-2.84227173, -3.38043826])"
1469,320962_w,"array([-3.27053514, -3.21168842])"
1470,321044_w,"array([-3.4805919 , -3.25748302])"
1471,321150_w,"array([-3.35510031, -3.28008859])"
1472,321231_w,"array([-3.22116833, -3.58958439])"
1473,321311_w,"array([-3.46805868, -3.59520151])"
1474,321390_w,"array([-3.5818461 , -3.52946569])"
1475,321468_w,"array([-3.30062023, -3.38415576])"
1476,321976_w,"array([-3.28061873, -3.71715526])"
1477,323528_w,"array([-3.55198997, -3.37854078])"
1478,323634_w,"array([-3.05876924, -3.14306839])"
1479,323714_w,"array([-2.84379246, -3.25893418])"
1480,323876_w,"array([-3.09088776, -3.26184342])"
1481,325292_w,"array([-2.78515162, -3.15856829])"
1482,325371_w,"array([-3.01679239, -3.036113  ])"
1483,354533_w,"array([-2.97141357, -3.44654403])"
1484,419670_w,"array([-2.95276064, -3.18656094])"
1485,485170_w,"array([-3.09607198, -3.38449537])"
1486,512306_w,"array([-2.74465233, -4.37826724])"
1487,567388_w,"array([-3.35260603, -3.61199632])"
1488,573828_w,"array([-3.38995093, -3.15892294])"
1489,574229_w,"array([-3.17177441, -3.16764039])"
1490,579430_w,"array([-3.43178424, -3.7445008 ])"
1491,6228_w,"array([-2.97734125, -3.30944869])"
1492,624338_w,"array([-3.09740269, -3.5279497 ])"
1493,630307_w,"array([-2.89292265, -3.07754107])"
1494,69058_w,"array([-3.34475587, -3.48934849])"
1495,74026_i,"array([-2.43618905, -5.16466765])"
1496,28794_w,"array([-2.85397093, -4.81255772])"
1497,411151_w,"array([-2.80919641, -5.01444733])"
1498,524259_w,"array([-2.76550707, -4.84541446])"
1499,61494_w,"array([-2.95497771, -5.03815606])"
1500,65155_w,"array([-2.98376109, -4.93574117])"
1501,94304_w,"array([-2.72604692, -4.93888695])"
1502,74439_i,"array([-2.74193649, -5.15193629])"
1503,47663_w,"array([-3.1764736 , -4.92900808])"
1504,75273_i,"array([-2.48026919, -6.43539474])"
1505,76104_i,"array([-1.71545743, -6.20941634])"
1506,33633_w,"array([-1.64191873, -5.93657959])"
1507,76127_i,"array([-2.62091318, -8.7877794 ])"
1508,315670_w,"array([-2.79507319, -9.1283922 ])"
1509,379555_w,"array([-2.53857254, -9.14296955])"
1510,551528_w,"array([-2.67242786, -9.21867518])"
1511,76554_i,"array([-2.00781475, -3.06673692])"
1512,255362_w,"array([-1.81873873, -2.6264963 ])"
1513,281028_w,"array([-1.94477875, -2.69372046])"
1514,419117_w,"array([-1.97841538, -2.5496715 ])"
1515,697002_w,"array([-2.10327839, -2.70240083])"
1516,700366_w,"array([-2.13660962, -2.56222923])"
1517,81980_w,"array([-2.25873783, -2.67503113])"
1518,7686_i,"array([-1.84916648, -4.76981669])"
1519,76972_i,"array([-0.77818714, -5.36913372])"
1520,326285_w,"array([-0.42092661, -5.1812114 ])"
1521,326365_w,"array([-0.29051019, -5.10923396])"
1522,326443_w,"array([-0.30472033, -5.21757551])"
1523,700506_w,"array([-0.24026078, -5.31267236])"
1524,76496_w,"array([-0.47535793, -5.07860718])"
1525,78231_i,"array([-2.73246632, -5.87300539])"
1526,79058_i,"array([ 0.15623788, -4.92559634])"
1527,230956_w,"array([ 0.50037055, -4.57781299])"
1528,292175_w,"array([ 0.69165326, -4.75644145])"
1529,314911_w,"array([ 0.60568844, -4.87746227])"
1530,330314_w,"array([ 0.48218442, -4.83122749])"
1531,454351_w,"array([ 0.57825494, -4.49459027])"
1532,534663_w,"array([ 0.55039304, -4.72995536])"
1533,59419_w,"array([ 0.62904351, -5.02389726])"
1534,67926_w,"array([ 0.73072952, -4.9083949 ])"
1535,80015_i,"array([-0.58701865, -7.00005089])"
1536,133068_w,"array([ 0.02503715, -6.68468287])"
1537,311809_w,"array([ 0.17178288, -6.94196975])"
1538,406654_w,"array([ 0.06428115, -7.37613082])"
1539,80039_i,"array([-3.58380267, -5.70932102])"
1540,2327_w,"array([-4.03259337, -5.91928056])"
1541,264517_w,"array([-4.06764645, -5.72115318])"
1542,289944_w,"array([-4.12494697, -5.83638244])"
1543,312565_w,"array([-4.06535853, -5.59703729])"
1544,332367_w,"array([-3.95862922, -5.80092868])"
1545,332802_w,"array([-4.16428804, -5.4844938 ])"
1546,410826_w,"array([-4.0441592, -5.468913 ])"
1547,450121_w,"array([-3.93530983, -5.5235221 ])"
1548,588235_w,"array([-3.94261092, -5.66318133])"
1549,603756_w,"array([-4.19425633, -5.73032581])"
1550,695996_w,"array([-4.08117576, -5.35193788])"
1551,703787_w,"array([-3.94822301, -5.36581428])"
1552,79142_w,"array([-4.19308149, -5.609149  ])"
1553,8135_i,"array([-0.9480633 , -5.43447952])"
1554,8604_i,"array([ 0.42958118, -4.40186363])"
1555,382739_w,"array([ 0.76070123, -4.10595868])"
1556,9270_i,"array([-0.70414917, -7.10113615])"
1557,392295_w,"array([-0.69712467, -7.78796614])"
1558,417396_w,"array([-0.78150753, -7.81158155])"
1559,432022_w,"array([-0.59899085, -7.78321984])"
1560,9481_i,"array([-2.24445851, -4.05817899])"
1561,16800_w,"array([-2.659788  , -3.69004329])"
1562,310540_w,"array([-2.49823073, -3.55363621])"
1563,320393_w,"array([-2.40627483, -3.72169894])"
1564,352614_w,"array([-2.67881435, -3.80449451])"
1565,523174_w,"array([-2.61361503, -3.58320128])"
1566,538658_w,"array([-2.39238843, -3.59950454])"
1567,605795_w,"array([-2.5260411 , -3.68800746])"
1568,68379_w,"array([-2.28178036, -3.63259408])"
