# source, target, weight
0,1,100
0,2,54
0,3,73
0,4,31
0,5,67
0,6,31
0,7,3
0,8,5
0,9,40
0,10,8
0,11,7
0,12,19
0,13,33
0,14,9
0,15,16
0,16,27
0,17,26
0,18,21
0,19,7
0,20,25
0,21,22
0,22,21
0,23,21
0,24,9
0,26,17
0,27,7
0,28,14
0,29,10
0,30,16
0,31,15
0,33,12
0,34,13
0,35,2
0,36,17
0,37,17
0,38,7
0,39,14
0,40,12
0,41,11
0,42,12
0,45,8
0,47,16
0,48,3
0,49,4
0,50,2
0,51,1
0,53,15
0,54,15
0,55,5
0,56,1
0,57,3
0,58,14
0,59,1
0,60,1
0,61,2
0,62,2
0,63,2
0,64,4
0,65,1
0,66,6
0,67,3
0,71,1
0,72,5
0,73,6
0,74,11
0,75,1
0,76,1
0,77,1
0,78,3
0,79,4
0,80,3
0,81,7
0,82,1
0,83,9
0,84,1
0,85,1
0,86,2
0,89,4
0,90,9
0,91,2
0,92,2
0,93,3
0,94,4
0,96,2
0,97,3
0,98,8
0,99,2
0,100,1
0,103,5
0,104,3
0,105,2
0,106,8
0,107,8
0,108,1
0,109,3
0,110,2
0,111,2
0,112,2
0,113,6
0,115,2
0,119,6
0,120,1
0,121,6
0,122,2
0,123,7
0,124,6
0,126,2
0,127,1
0,128,3
0,129,1
0,131,1
0,132,3
0,134,1
0,135,1
0,138,2
0,140,4
0,141,1
0,143,2
0,144,2
0,145,1
0,146,4
0,147,1
0,149,1
0,152,6
0,153,5
0,154,5
0,156,3
0,159,1
0,160,5
0,163,4
0,164,4
0,165,4
0,167,1
0,168,2
0,171,6
0,172,1
0,175,2
0,179,3
0,190,6
0,194,1
0,195,3
0,197,1
0,199,1
0,200,5
0,202,5
0,203,1
0,205,1
0,206,1
0,207,2
0,212,2
0,214,1
0,215,1
0,218,5
0,219,1
0,220,5
0,221,3
0,223,1
0,224,5
0,228,3
0,229,1
0,231,1
0,233,1
0,234,1
0,236,1
0,238,2
0,240,3
0,243,1
0,245,1
0,247,1
0,248,3
0,249,4
0,250,4
0,253,1
0,254,2
0,256,3
0,258,1
0,259,1
0,260,2
0,263,1
0,266,4
0,267,1
0,274,1
0,278,3
0,280,2
0,284,1
0,289,1
0,291,1
0,295,1
0,296,3
0,301,1
0,302,3
0,304,1
0,305,4
0,306,4
0,307,4
0,308,1
0,311,4
0,313,1
0,317,2
0,318,4
0,325,1
0,327,3
0,333,3
0,350,3
0,356,1
0,358,1
0,360,3
0,364,3
0,366,1
0,371,1
0,373,3
0,374,3
0,379,1
0,380,1
0,381,1
0,387,3
0,389,1
0,393,1
0,403,3
0,405,2
0,406,3
0,408,1
0,410,2
0,412,1
0,418,2
0,424,1
0,425,1
0,427,1
0,428,3
0,435,1
0,444,1
0,446,1
0,451,2
0,456,1
0,459,1
0,460,2
0,461,1
0,462,2
0,466,1
0,472,1
0,479,2
0,480,1
0,482,1
0,487,2
0,488,1
0,489,1
0,503,2
0,506,2
0,515,1
0,516,1
0,522,2
0,523,2
0,528,1
0,539,1
0,552,2
0,557,1
0,559,1
0,560,1
0,569,1
0,576,1
0,577,1
0,578,2
0,579,2
0,588,2
0,591,1
0,596,1
0,601,1
0,602,1
0,603,2
0,606,2
0,608,1
0,613,1
0,629,2
0,630,2
0,631,1
0,632,1
0,640,2
0,641,2
0,648,1
0,651,1
0,663,1
0,668,1
0,673,2
0,676,2
0,678,1
0,689,2
0,691,1
0,693,2
0,695,1
0,696,1
0,699,1
0,701,2
0,704,1
0,715,1
0,720,1
0,729,2
0,733,1
0,734,1
0,736,1
0,753,1
0,754,1
0,758,2
0,759,2
0,775,1
0,787,1
0,800,1
0,807,1
0,813,2
0,817,1
0,823,1
0,824,1
0,863,1
0,933,1
0,959,1
0,971,1
0,974,1
0,981,1
0,984,1
0,985,1
0,989,1
0,992,1
0,1028,1
0,1054,1
0,1062,1
0,1102,1
0,1111,1
0,1121,1
0,1123,1
0,1152,1
0,1155,1
0,1173,1
0,1177,1
0,1181,1
0,1189,1
0,1190,1
0,1193,1
0,1215,1
0,1222,1
0,1226,1
0,1240,1
0,1247,1
0,1258,1
0,1295,1
0,1317,1
0,1334,1
0,1345,1
0,1357,1
0,1395,1
0,1425,1
0,1432,1
0,1449,1
0,1483,1
0,1485,1
0,1579,1
0,1616,1
0,1619,1
0,1623,1
0,1631,1
0,1639,1
0,1656,1
0,1665,1
0,1673,1
0,1674,1
0,1750,1
1,2,78
1,3,27
1,4,4
1,5,4
1,6,3
1,9,6
1,10,1
1,11,1
1,12,4
1,13,12
1,14,32
1,15,1
1,16,4
1,17,5
1,18,26
1,20,6
1,21,7
1,22,14
1,23,4
1,24,3
1,26,20
1,27,2
1,28,12
1,31,18
1,33,4
1,34,3
1,35,17
1,36,5
1,37,3
1,38,1
1,39,4
1,40,17
1,41,9
1,42,16
1,45,15
1,47,12
1,53,5
1,54,1
1,58,11
1,59,1
1,60,13
1,64,12
1,67,12
1,70,3
1,71,3
1,74,2
1,75,1
1,76,1
1,79,1
1,80,10
1,83,8
1,85,2
1,86,1
1,89,3
1,90,7
1,91,3
1,92,3
1,96,2
1,97,6
1,98,4
1,99,3
1,100,4
1,101,2
1,102,2
1,103,8
1,106,2
1,107,7
1,109,1
1,110,1
1,111,5
1,112,6
1,113,4
1,119,6
1,120,5
1,123,7
1,124,7
1,128,7
1,131,1
1,138,3
1,139,4
1,140,7
1,141,1
1,149,2
1,150,2
1,152,6
1,153,2
1,154,2
1,160,2
1,163,4
1,164,2
1,166,2
1,168,6
1,173,5
1,174,5
1,175,3
1,179,1
1,183,1
1,184,2
1,185,1
1,186,2
1,189,6
1,194,2
1,195,2
1,199,1
1,204,1
1,206,1
1,213,3
1,214,2
1,215,2
1,218,1
1,220,1
1,223,2
1,224,1
1,228,1
1,230,5
1,231,3
1,236,1
1,237,1
1,241,5
1,245,1
1,248,3
1,249,5
1,250,3
1,253,1
1,254,3
1,256,3
1,258,2
1,259,1
1,265,2
1,266,2
1,267,1
1,274,2
1,281,3
1,282,2
1,291,1
1,292,1
1,293,3
1,299,4
1,302,2
1,307,1
1,310,1
1,313,1
1,314,2
1,317,2
1,318,1
1,319,3
1,326,1
1,333,3
1,344,3
1,351,1
1,360,3
1,364,2
1,365,1
1,366,1
1,373,1
1,388,2
1,390,1
1,400,1
1,406,1
1,412,3
1,428,1
1,431,1
1,444,1
1,451,1
1,459,1
1,466,1
1,476,1
1,481,2
1,482,1
1,487,2
1,499,1
1,505,1
1,516,1
1,517,2
1,522,1
1,523,1
1,526,1
1,528,1
1,534,1
1,539,1
1,544,1
1,552,2
1,556,1
1,559,1
1,569,1
1,573,2
1,588,2
1,600,1
1,601,1
1,607,1
1,612,1
1,614,1
1,629,1
1,634,1
1,640,1
1,648,2
1,660,1
1,665,1
1,669,1
1,683,1
1,692,1
1,697,1
1,701,1
1,732,2
1,755,1
1,773,1
1,774,2
1,800,1
1,810,2
1,823,1
1,830,1
1,833,1
1,843,1
1,853,1
1,863,1
1,880,1
1,915,1
1,931,1
1,943,1
1,968,1
1,981,1
1,989,1
1,992,1
1,1008,1
1,1020,1
1,1067,1
1,1093,1
1,1106,1
1,1120,1
1,1152,1
1,1174,1
1,1183,1
1,1222,1
1,1226,1
1,1240,1
1,1258,1
1,1277,1
1,1318,1
1,1342,1
1,1345,1
1,1346,1
1,1353,1
1,1358,1
1,1454,1
1,1471,1
1,1518,1
1,1531,1
1,1538,1
1,1578,1
1,1623,1
1,1684,1
1,1722,1
1,1767,1
2,3,30
2,4,1
2,5,2
2,8,2
2,9,8
2,12,3
2,13,2
2,14,17
2,15,2
2,17,1
2,18,14
2,20,1
2,21,18
2,22,5
2,23,4
2,24,4
2,26,6
2,28,7
2,31,7
2,33,1
2,35,6
2,36,2
2,37,6
2,41,6
2,42,4
2,44,2
2,45,16
2,46,3
2,47,2
2,53,4
2,54,1
2,58,2
2,59,1
2,60,4
2,63,1
2,64,5
2,65,1
2,66,1
2,67,9
2,70,1
2,73,1
2,74,1
2,80,4
2,81,1
2,83,9
2,85,5
2,89,9
2,91,1
2,92,1
2,96,3
2,98,4
2,99,2
2,100,3
2,106,1
2,107,1
2,109,1
2,110,2
2,111,1
2,112,1
2,119,6
2,120,3
2,122,1
2,123,1
2,124,5
2,125,4
2,127,1
2,132,1
2,140,2
2,147,1
2,152,3
2,153,2
2,154,2
2,157,1
2,158,1
2,165,1
2,166,2
2,167,1
2,168,3
2,191,1
2,199,1
2,205,1
2,206,1
2,213,1
2,220,1
2,223,2
2,224,2
2,228,5
2,229,2
2,230,3
2,231,4
2,236,2
2,244,2
2,250,2
2,254,2
2,258,1
2,265,2
2,266,1
2,267,2
2,270,1
2,271,3
2,274,1
2,279,1
2,281,2
2,283,1
2,293,2
2,306,1
2,310,1
2,314,1
2,318,1
2,321,1
2,322,1
2,323,1
2,324,2
2,328,2
2,333,2
2,334,2
2,344,1
2,354,3
2,360,2
2,364,3
2,366,2
2,375,1
2,379,1
2,380,1
2,386,1
2,390,1
2,419,1
2,424,3
2,446,1
2,450,1
2,451,1
2,456,1
2,466,1
2,476,2
2,481,2
2,482,1
2,502,1
2,518,2
2,539,1
2,545,1
2,552,1
2,557,1
2,575,2
2,603,1
2,604,1
2,631,2
2,632,1
2,633,1
2,640,1
2,648,2
2,668,1
2,697,2
2,715,1
2,717,1
2,732,1
2,734,1
2,736,1
2,756,1
2,770,1
2,775,1
2,804,1
2,823,1
2,838,1
2,863,1
2,891,1
2,914,1
2,928,1
2,934,1
2,947,1
2,998,1
2,1008,1
2,1012,1
2,1020,1
2,1096,1
2,1171,1
2,1185,1
2,1195,1
2,1197,1
2,1250,1
2,1268,1
2,1294,1
2,1327,1
2,1389,1
2,1432,1
2,1437,1
2,1469,1
2,1471,1
2,1496,1
2,1547,1
2,1548,1
2,1555,1
2,1569,1
2,1576,1
2,1616,1
2,1619,1
2,1622,1
2,1699,1
2,1715,1
2,1738,1
2,1739,1
3,4,67
3,5,1
3,6,1
3,7,5
3,8,5
3,9,3
3,10,3
3,11,1
3,12,2
3,13,3
3,14,1
3,15,4
3,16,24
3,17,3
3,18,3
3,19,17
3,21,23
3,23,5
3,24,21
3,26,1
3,27,20
3,28,2
3,29,2
3,30,2
3,31,5
3,33,2
3,34,1
3,36,1
3,37,11
3,38,5
3,40,4
3,41,16
3,42,1
3,45,4
3,50,5
3,54,5
3,57,14
3,59,1
3,60,1
3,61,2
3,62,5
3,63,6
3,64,1
3,65,5
3,72,1
3,73,1
3,74,2
3,77,1
3,81,10
3,83,5
3,86,3
3,89,2
3,95,1
3,97,2
3,98,2
3,103,1
3,107,1
3,108,8
3,109,7
3,110,8
3,113,1
3,114,1
3,115,1
3,116,7
3,117,7
3,119,5
3,120,3
3,122,7
3,125,1
3,126,6
3,131,6
3,132,7
3,140,2
3,141,7
3,144,2
3,147,4
3,148,2
3,149,6
3,159,1
3,160,1
3,166,4
3,167,2
3,173,1
3,175,2
3,176,1
3,177,6
3,182,6
3,183,4
3,187,1
3,195,3
3,197,1
3,199,5
3,204,2
3,205,3
3,207,2
3,210,1
3,213,1
3,218,1
3,223,2
3,224,2
3,225,4
3,229,4
3,235,2
3,239,4
3,242,2
3,244,2
3,246,1
3,248,1
3,249,3
3,250,1
3,261,3
3,267,3
3,268,4
3,278,1
3,279,4
3,283,4
3,284,1
3,286,1
3,292,1
3,293,2
3,300,4
3,313,2
3,314,3
3,318,3
3,319,1
3,320,1
3,335,1
3,349,1
3,363,1
3,371,2
3,375,1
3,378,1
3,381,2
3,382,2
3,388,3
3,400,2
3,420,2
3,425,1
3,428,1
3,431,2
3,438,2
3,448,1
3,460,1
3,461,1
3,462,1
3,467,2
3,473,2
3,485,1
3,489,1
3,491,2
3,511,1
3,525,2
3,556,1
3,567,1
3,590,1
3,591,1
3,603,2
3,607,1
3,614,2
3,621,2
3,641,2
3,645,1
3,664,1
3,668,2
3,692,1
3,703,1
3,715,1
3,729,1
3,730,1
3,732,1
3,733,1
3,736,1
3,773,2
3,775,2
3,792,1
3,793,1
3,800,1
3,813,1
3,825,1
3,830,1
3,853,1
3,854,1
3,856,1
3,864,1
3,884,1
3,931,1
3,943,1
3,953,1
3,954,1
3,959,1
3,1012,1
3,1027,1
3,1029,1
3,1054,1
3,1065,1
3,1071,1
3,1094,1
3,1102,1
3,1118,1
3,1142,1
3,1171,1
3,1229,1
3,1230,1
3,1256,1
3,1287,1
3,1293,1
3,1296,1
3,1321,1
3,1345,1
3,1351,1
3,1353,1
3,1454,1
3,1472,1
3,1574,1
3,1639,1
3,1708,1
3,1727,1
3,1766,1
4,9,2
4,16,25
4,17,1
4,18,9
4,19,25
4,22,1
4,23,3
4,24,2
4,27,12
4,28,1
4,34,1
4,36,1
4,37,1
4,41,3
4,44,1
4,50,2
4,54,14
4,57,7
4,65,2
4,73,9
4,74,1
4,86,8
4,98,1
4,107,1
4,109,2
4,122,1
4,125,1
4,126,7
4,128,1
4,131,7
4,141,3
4,149,2
4,163,1
4,175,1
4,176,6
4,177,1
4,182,2
4,187,1
4,213,1
4,216,5
4,218,2
4,220,1
4,224,1
4,240,3
4,249,4
4,261,4
4,266,4
4,268,2
4,270,1
4,271,4
4,278,1
4,279,1
4,286,1
4,308,1
4,309,1
4,313,1
4,314,1
4,320,3
4,339,1
4,349,3
4,363,3
4,371,2
4,381,3
4,388,2
4,393,3
4,405,3
4,420,3
4,425,1
4,431,1
4,460,1
4,461,1
4,467,2
4,490,1
4,491,2
4,502,1
4,504,1
4,506,1
4,587,1
4,590,1
4,591,1
4,603,1
4,703,2
4,731,1
4,736,2
4,748,1
4,766,1
4,792,1
4,803,1
4,817,1
4,831,1
4,992,1
4,1071,1
4,1081,1
4,1282,1
4,1449,1
4,1452,1
4,1455,1
4,1529,1
4,1729,1
5,6,66
5,8,5
5,9,22
5,10,4
5,11,5
5,12,6
5,14,1
5,15,25
5,17,4
5,20,13
5,21,1
5,23,10
5,25,3
5,28,5
5,30,14
5,33,4
5,34,3
5,36,7
5,38,6
5,39,6
5,41,1
5,48,2
5,49,3
5,51,3
5,52,2
5,54,1
5,55,8
5,61,3
5,63,2
5,66,8
5,72,1
5,74,2
5,77,1
5,78,3
5,79,3
5,106,1
5,107,2
5,113,5
5,114,1
5,115,1
5,121,7
5,129,1
5,130,1
5,134,3
5,135,3
5,138,1
5,139,1
5,163,2
5,171,2
5,193,1
5,198,4
5,200,4
5,202,4
5,212,2
5,214,3
5,215,2
5,224,1
5,234,5
5,237,1
5,246,1
5,247,4
5,266,1
5,274,4
5,278,2
5,282,1
5,286,2
5,356,3
5,368,3
5,384,1
5,405,3
5,425,1
5,428,2
5,448,2
5,515,2
5,516,1
5,613,1
5,625,2
5,667,1
5,693,1
5,740,1
5,758,2
5,788,1
5,795,1
5,981,1
5,989,1
5,992,1
5,1043,1
5,1127,1
5,1190,1
5,1290,1
5,1295,1
5,1445,1
5,1567,1
6,9,14
6,12,1
6,15,16
6,17,7
6,18,2
6,20,1
6,26,1
6,30,19
6,41,1
6,54,2
6,61,10
6,72,7
6,78,9
6,79,9
6,107,1
6,110,1
6,113,3
6,114,2
6,121,2
6,125,1
6,134,1
6,135,1
6,154,1
6,163,3
6,171,1
6,173,1
6,198,4
6,234,1
6,237,1
6,246,2
6,247,5
6,274,2
6,286,1
6,308,1
6,356,2
6,364,1
6,404,2
6,405,1
6,506,1
6,534,1
6,578,1
6,625,2
6,693,2
6,704,1
6,740,1
6,795,1
6,1051,1
6,1417,1
6,1531,1
6,1538,1
7,8,52
7,10,3
7,12,1
7,14,1
7,17,8
7,25,6
7,32,2
7,33,2
7,43,2
7,44,2
7,46,16
7,115,2
7,125,1
7,193,1
7,197,2
7,201,5
7,219,2
7,315,1
7,316,1
7,321,1
7,322,1
7,336,1
7,391,1
7,392,3
7,586,1
7,608,1
7,690,1
7,714,2
7,750,1
7,751,1
7,786,1
7,1080,1
7,1102,1
7,1124,1
7,1125,1
7,1372,1
7,1381,1
7,1400,1
7,1447,1
7,1473,1
7,1482,1
7,1486,1
7,1546,1
7,1584,1
7,1612,1
7,1723,1
7,1771,1
8,10,3
8,11,1
8,12,1
8,17,9
8,23,3
8,25,20
8,32,11
8,33,4
8,43,5
8,44,9
8,46,15
8,59,14
8,115,8
8,125,4
8,133,2
8,155,1
8,180,1
8,181,1
8,193,5
8,196,1
8,197,4
8,201,4
8,219,5
8,269,3
8,270,1
8,308,2
8,309,1
8,315,1
8,316,1
8,321,1
8,322,1
8,368,3
8,391,1
8,392,3
8,414,1
8,464,2
8,510,1
8,566,1
8,587,1
8,598,1
8,608,2
8,613,1
8,711,1
8,712,1
8,714,2
8,717,2
8,750,1
8,751,1
8,799,1
8,1080,1
8,1102,1
8,1188,1
8,1209,1
8,1372,1
8,1381,1
8,1400,1
8,1447,1
8,1473,1
8,1486,1
8,1546,1
8,1723,1
8,1743,1
8,1771,1
9,10,1
9,11,2
9,12,13
9,13,3
9,14,3
9,15,28
9,16,3
9,17,2
9,18,1
9,20,1
9,21,9
9,22,1
9,23,2
9,24,1
9,26,2
9,28,2
9,29,2
9,33,18
9,34,1
9,35,1
9,36,1
9,37,3
9,39,2
9,41,1
9,48,1
9,49,2
9,52,1
9,53,7
9,54,1
9,56,1
9,60,3
9,67,4
9,80,4
9,83,1
9,92,1
9,93,2
9,101,1
9,103,1
9,104,1
9,106,2
9,107,2
9,113,1
9,121,4
9,124,2
9,128,1
9,146,1
9,156,2
9,157,1
9,158,1
9,161,1
9,163,2
9,171,1
9,172,1
9,179,1
9,191,2
9,195,3
9,198,1
9,200,1
9,202,4
9,203,1
9,211,1
9,221,1
9,234,2
9,247,2
9,266,2
9,278,1
9,280,1
9,282,1
9,308,2
9,325,1
9,326,1
9,333,1
9,361,2
9,362,2
9,366,1
9,400,3
9,405,1
9,410,2
9,425,3
9,435,1
9,440,1
9,441,1
9,444,1
9,446,3
9,447,3
9,480,1
9,489,1
9,504,2
9,545,1
9,556,1
9,575,2
9,587,1
9,625,1
9,638,1
9,642,1
9,662,1
9,666,2
9,693,1
9,720,1
9,758,1
9,797,2
9,801,2
9,814,1
9,825,1
9,841,1
9,846,1
9,871,1
9,917,1
9,992,1
9,1205,1
9,1206,1
9,1247,1
9,1354,1
9,1620,1
9,1709,1
10,11,34
10,12,25
10,14,1
10,16,1
10,17,2
10,20,1
10,33,1
10,41,3
10,53,1
10,56,2
10,75,1
10,76,3
10,87,9
10,98,1
10,106,4
10,118,3
10,145,1
10,160,1
10,161,1
10,162,1
10,171,1
10,202,1
10,219,1
10,244,1
10,273,2
10,276,1
10,279,1
10,343,2
10,369,2
10,407,1
10,413,2
10,425,1
10,427,1
10,432,2
10,437,1
10,442,3
10,455,3
10,457,3
10,498,1
10,541,1
10,542,1
10,554,1
10,605,1
10,683,1
10,787,2
10,1670,1
10,1735,1
11,12,34
11,13,1
11,16,2
11,17,1
11,33,1
11,41,1
11,53,1
11,56,10
11,75,1
11,76,2
11,87,2
11,106,2
11,118,6
11,160,1
11,179,1
11,219,1
11,273,2
11,413,2
11,432,1
11,442,1
11,455,1
11,457,1
11,565,1
11,787,1
11,1670,1
11,1735,1
12,15,2
12,17,3
12,18,3
12,22,2
12,26,1
12,30,1
12,33,13
12,36,1
12,38,1
12,39,2
12,41,1
12,56,14
12,75,11
12,84,9
12,89,2
12,94,1
12,98,2
12,106,5
12,107,1
12,113,2
12,118,7
12,127,1
12,128,4
12,129,5
12,146,4
12,151,6
12,160,1
12,172,1
12,179,2
12,194,1
12,197,1
12,203,3
12,219,1
12,220,2
12,248,1
12,273,1
12,298,1
12,301,4
12,312,4
12,374,1
12,413,1
12,422,1
12,432,1
12,442,1
12,472,1
12,787,1
12,918,1
12,919,1
12,974,1
12,1173,1
12,1344,1
12,1495,1
12,1661,1
12,1735,1
13,17,19
13,21,7
13,22,3
13,26,2
13,29,19
13,40,1
13,42,3
13,45,1
13,58,4
13,73,1
13,74,1
13,79,1
13,83,3
13,90,3
13,103,2
13,119,1
13,120,1
13,122,1
13,123,3
13,146,1
13,152,1
13,168,2
13,212,2
13,220,5
13,223,5
13,243,5
13,293,1
13,318,1
13,390,1
13,459,1
13,487,2
13,575,1
13,648,1
13,691,1
13,736,1
13,773,1
13,912,1
13,977,1
13,1012,1
13,1087,1
13,1225,1
13,1241,1
13,1656,1
14,22,1
14,28,1
14,35,15
14,36,1
14,45,1
14,47,1
14,53,4
14,60,4
14,66,1
14,67,8
14,68,2
14,69,2
14,70,6
14,71,6
14,76,2
14,80,3
14,82,1
14,85,9
14,88,2
14,89,1
14,91,1
14,92,2
14,99,1
14,101,1
14,107,1
14,150,1
14,166,1
14,185,1
14,186,2
14,195,5
14,204,3
14,230,4
14,231,1
14,245,3
14,281,4
14,289,1
14,291,2
14,310,1
14,395,1
14,400,2
14,424,1
14,428,1
14,446,1
14,456,1
14,505,1
14,512,1
14,517,2
14,539,1
14,592,2
14,634,1
14,738,1
14,739,1
14,756,1
14,765,1
14,879,1
14,923,1
14,997,1
14,1129,1
14,1174,1
14,1195,1
14,1365,1
14,1366,1
14,1395,1
14,1547,1
14,1556,1
14,1728,1
15,16,1
15,21,4
15,24,1
15,33,13
15,67,1
15,98,1
15,106,4
15,161,1
15,162,1
15,202,1
15,211,1
15,361,1
15,362,1
15,405,3
15,441,1
15,444,1
15,489,1
15,601,2
15,666,2
15,844,1
15,875,1
15,924,1
15,1014,1
15,1309,1
15,1328,1
15,1443,1
15,1444,1
16,18,1
16,19,5
16,21,1
16,22,1
16,23,1
16,26,2
16,28,1
16,34,1
16,36,4
16,37,7
16,40,1
16,54,4
16,56,1
16,67,1
16,79,1
16,90,1
16,98,1
16,107,1
16,109,8
16,116,1
16,118,1
16,126,1
16,131,1
16,145,1
16,149,3
16,166,1
16,175,1
16,195,1
16,216,2
16,218,2
16,224,1
16,240,5
16,243,1
16,248,1
16,256,1
16,266,1
16,278,3
16,283,1
16,302,4
16,339,1
16,350,2
16,352,1
16,373,1
16,389,1
16,405,2
16,410,3
16,420,1
16,438,3
16,444,1
16,445,3
16,456,1
16,457,1
16,463,2
16,480,1
16,482,2
16,485,1
16,539,1
16,569,2
16,612,1
16,621,1
16,626,2
16,700,1
16,720,2
16,728,1
16,729,1
16,733,1
16,736,1
16,755,1
16,806,2
16,817,1
16,872,1
16,971,1
16,1001,1
16,1067,1
16,1071,1
16,1099,1
16,1107,1
16,1152,1
16,1205,1
16,1206,1
16,1240,1
16,1283,1
16,1317,1
16,1357,1
16,1378,1
16,1382,1
16,1477,1
16,1487,1
16,1578,1
16,1597,1
16,1606,1
16,1722,1
17,19,1
17,21,1
17,22,2
17,28,3
17,29,12
17,30,1
17,44,1
17,74,1
17,90,2
17,98,1
17,121,1
17,123,2
17,129,1
17,145,1
17,157,1
17,158,1
17,163,1
17,218,1
17,220,2
17,228,1
17,243,1
17,249,1
17,268,1
17,447,1
17,534,1
17,689,1
17,843,1
17,1008,1
17,1177,1
17,1247,1
18,19,3
18,21,3
18,23,3
18,24,1
18,26,8
18,27,2
18,28,4
18,30,1
18,33,8
18,34,2
18,37,1
18,38,1
18,40,4
18,41,1
18,54,1
18,62,1
18,67,5
18,72,1
18,73,11
18,74,2
18,77,1
18,83,4
18,84,2
18,90,1
18,103,1
18,113,2
18,127,1
18,128,4
18,131,1
18,150,1
18,163,3
18,164,2
18,168,1
18,175,1
18,176,2
18,194,3
18,213,5
18,218,1
18,220,2
18,224,1
18,231,2
18,248,1
18,249,2
18,254,1
18,265,1
18,278,1
18,291,2
18,293,1
18,313,1
18,314,1
18,329,3
18,330,3
18,340,1
18,341,1
18,344,1
18,377,3
18,393,3
18,405,1
18,426,1
18,459,1
18,460,2
18,461,1
18,466,1
18,502,2
18,506,1
18,646,1
18,648,1
18,706,1
18,731,1
18,766,1
18,769,2
18,770,1
18,781,2
18,810,1
18,834,1
18,837,1
18,885,1
18,886,1
18,893,1
18,925,1
18,928,1
18,959,1
18,973,1
18,981,1
18,993,1
18,1020,1
18,1023,1
18,1062,1
18,1096,1
18,1114,1
18,1136,1
18,1182,1
18,1191,1
18,1271,1
18,1370,1
18,1374,1
18,1452,1
18,1458,1
18,1466,1
18,1520,1
18,1552,1
19,21,1
19,27,1
19,28,1
19,33,1
19,57,1
19,71,1
19,73,2
19,74,1
19,76,1
19,81,1
19,95,1
19,101,1
19,102,1
19,110,1
19,126,1
19,141,1
19,150,1
19,163,1
19,175,1
19,176,1
19,183,1
19,187,1
19,211,1
19,212,1
19,216,2
19,220,1
19,254,1
19,261,3
19,293,1
19,378,3
19,390,1
19,393,2
19,405,2
19,420,1
19,434,1
19,448,1
19,491,1
19,502,1
19,512,1
19,549,1
19,550,1
19,561,1
19,580,1
19,661,1
19,775,1
19,819,1
19,821,1
19,1031,1
19,1099,1
19,1107,1
19,1207,1
19,1214,1
19,1449,1
19,1583,1
19,1751,1
19,1766,1
20,23,4
20,26,1
20,28,2
20,30,2
20,33,2
20,41,2
20,51,1
20,55,14
20,66,6
20,98,1
20,134,1
20,138,5
20,139,5
20,146,1
20,154,4
20,163,2
20,165,6
20,179,1
20,206,3
20,213,1
20,220,2
20,224,5
20,228,1
20,253,1
20,266,4
20,274,1
20,278,2
20,306,2
20,307,3
20,333,1
20,364,2
20,427,1
20,444,1
20,451,2
20,503,1
20,530,1
20,601,2
20,651,1
20,663,1
20,765,2
20,787,1
20,1193,1
20,1240,1
20,1442,1
20,1623,1
21,24,3
21,29,5
21,31,1
21,36,1
21,37,1
21,40,1
21,50,1
21,59,1
21,62,3
21,63,4
21,74,1
21,83,7
21,89,2
21,98,1
21,101,1
21,103,1
21,107,1
21,110,4
21,122,7
21,132,1
21,141,3
21,164,1
21,166,6
21,183,6
21,195,2
21,205,1
21,207,5
21,211,1
21,212,1
21,214,1
21,215,1
21,216,1
21,224,2
21,239,4
21,243,1
21,244,1
21,274,1
21,314,1
21,331,1
21,333,1
21,366,1
21,382,3
21,386,3
21,441,1
21,456,1
21,489,2
21,511,1
21,525,1
21,537,2
21,575,2
21,614,1
21,631,2
21,632,1
21,640,1
21,756,1
21,776,2
21,805,2
21,823,1
21,1008,1
21,1164,1
21,1225,1
21,1286,1
21,1351,1
21,1437,1
21,1527,1
21,1544,1
21,1631,1
21,1690,1
21,1727,1
22,26,1
22,31,2
22,34,1
22,40,1
22,42,1
22,45,2
22,47,5
22,53,3
22,56,1
22,58,4
22,59,1
22,80,1
22,89,1
22,98,1
22,103,4
22,111,1
22,112,2
22,119,2
22,120,1
22,123,3
22,124,2
22,125,2
22,140,1
22,160,2
22,168,1
22,175,2
22,195,2
22,218,2
22,220,1
22,250,1
22,256,1
22,289,2
22,302,1
22,318,2
22,327,1
22,367,1
22,403,1
22,406,1
22,410,1
22,433,1
22,481,1
22,489,1
22,523,2
22,573,2
22,669,2
22,676,1
22,694,1
22,736,1
22,810,1
22,826,1
22,827,1
22,919,1
22,986,1
22,1226,1
22,1395,1
22,1483,1
23,26,2
23,27,1
23,28,4
23,30,3
23,33,2
23,34,4
23,36,6
23,37,2
23,38,4
23,39,5
23,44,3
23,48,3
23,49,3
23,51,5
23,52,1
23,59,5
23,66,12
23,74,1
23,81,1
23,104,3
23,105,2
23,106,4
23,113,1
23,125,1
23,127,2
23,128,1
23,129,1
23,163,1
23,164,1
23,166,1
23,179,1
23,190,2
23,194,1
23,202,1
23,220,1
23,221,1
23,266,2
23,267,1
23,272,1
23,279,1
23,280,1
23,313,2
23,314,2
23,332,1
23,333,2
23,334,1
23,350,1
23,371,3
23,373,1
23,405,1
23,431,1
23,471,2
23,497,1
23,557,1
23,593,1
23,638,1
23,639,1
23,655,1
23,663,1
23,741,1
23,758,1
23,792,1
23,793,1
23,798,1
23,911,1
23,981,1
23,1077,1
23,1130,1
23,1181,1
23,1190,1
23,1254,1
23,1388,1
23,1420,1
23,1493,1
23,1614,1
23,1639,1
23,1715,1
24,26,1
24,27,10
24,37,5
24,41,3
24,50,15
24,54,1
24,62,3
24,63,3
24,65,12
24,74,1
24,81,7
24,86,3
24,95,9
24,98,2
24,107,2
24,108,2
24,110,1
24,113,1
24,141,2
24,144,1
24,176,1
24,182,1
24,183,3
24,199,3
24,205,2
24,210,2
24,224,3
24,229,4
24,244,5
24,245,1
24,267,4
24,279,3
24,378,1
24,389,1
24,454,3
24,462,1
24,463,1
24,489,1
24,544,1
24,742,2
24,798,1
24,847,1
24,884,1
24,983,1
24,1164,1
24,1526,1
24,1605,1
25,32,18
25,43,10
25,44,11
25,59,3
25,115,2
25,133,7
25,155,2
25,181,1
25,193,3
25,252,1
25,257,2
25,269,1
25,321,1
25,368,2
25,414,2
25,450,3
25,566,1
25,613,1
25,750,1
25,751,1
25,768,1
25,799,1
25,855,1
25,1052,1
25,1102,1
25,1372,1
25,1447,1
25,1723,1
25,1757,1
26,28,20
26,30,1
26,31,1
26,33,8
26,34,6
26,37,2
26,39,1
26,40,1
26,41,1
26,42,3
26,45,2
26,51,1
26,53,2
26,55,1
26,56,1
26,58,1
26,59,1
26,64,1
26,72,1
26,74,2
26,77,2
26,89,1
26,98,1
26,101,1
26,124,1
26,127,1
26,128,2
26,145,1
26,146,3
26,152,1
26,159,2
26,163,3
26,164,3
26,175,1
26,190,1
26,194,2
26,220,1
26,221,2
26,223,1
26,231,1
26,233,1
26,244,1
26,248,3
26,249,1
26,267,1
26,278,1
26,284,1
26,291,1
26,304,1
26,318,1
26,357,1
26,408,1
26,441,2
26,454,1
26,462,1
26,481,1
26,488,1
26,496,2
26,559,1
26,573,1
26,584,1
26,602,1
26,603,1
26,607,1
26,616,1
26,617,1
26,665,1
26,692,1
26,735,1
26,769,1
26,770,1
26,782,1
26,783,1
26,788,1
26,810,1
26,915,1
26,951,1
26,977,1
26,987,1
26,1013,1
26,1145,1
26,1151,1
26,1192,1
26,1260,1
26,1396,1
26,1457,1
26,1608,1
26,1644,1
26,1714,1
26,1744,1
27,28,1
27,34,1
27,41,6
27,50,1
27,65,3
27,86,9
27,95,4
27,131,4
27,177,1
27,224,3
27,320,1
27,349,1
27,371,3
27,454,1
27,459,1
27,800,1
27,983,1
27,1130,1
27,1136,1
27,1605,1
28,30,2
28,33,13
28,34,18
28,38,9
28,39,11
28,45,4
28,51,10
28,52,1
28,53,2
28,62,1
28,66,1
28,72,3
28,74,2
28,77,11
28,106,1
28,119,1
28,127,7
28,128,2
28,130,1
28,146,1
28,159,3
28,163,4
28,164,4
28,169,2
28,194,1
28,212,1
28,214,1
28,221,1
28,246,1
28,248,3
28,255,2
28,256,2
28,272,1
28,275,2
28,276,2
28,277,2
28,291,1
28,310,1
28,314,1
28,327,1
28,332,1
28,350,1
28,353,2
28,361,1
28,362,1
28,365,2
28,366,3
28,388,1
28,403,1
28,448,3
28,459,1
28,471,1
28,496,1
28,497,2
28,526,1
28,607,1
28,616,2
28,617,2
28,637,1
28,660,1
28,671,1
28,694,2
28,728,2
28,770,1
28,781,1
28,811,1
28,832,1
28,892,1
28,894,1
28,900,1
28,902,1
28,911,1
28,931,1
28,951,1
28,965,1
28,1028,1
28,1111,1
28,1136,1
28,1151,1
28,1179,1
28,1259,1
28,1286,1
28,1349,1
28,1350,1
28,1396,1
28,1406,1
28,1479,1
28,1500,1
28,1528,1
28,1555,1
28,1710,1
28,1732,1
29,47,1
29,74,1
29,90,3
29,122,1
29,123,1
29,220,2
29,243,3
29,691,1
29,912,1
29,1225,1
30,34,2
30,36,1
30,38,3
30,39,4
30,55,5
30,61,12
30,66,3
30,72,12
30,78,8
30,79,8
30,106,2
30,110,1
30,114,1
30,121,1
30,141,1
30,163,2
30,173,1
30,176,1
30,182,2
30,198,1
30,212,1
30,247,1
30,291,1
30,292,1
30,293,2
30,303,1
30,325,1
30,375,1
30,404,3
30,462,1
30,506,1
30,563,1
30,578,1
30,753,2
30,984,1
30,985,1
30,1121,1
30,1344,1
30,1375,1
30,1417,1
30,1485,1
30,1495,1
31,36,2
31,37,1
31,40,4
31,47,6
31,62,1
31,64,2
31,83,1
31,97,2
31,98,1
31,103,1
31,107,1
31,123,3
31,140,5
31,160,3
31,248,1
31,254,1
31,260,1
31,292,1
31,311,1
31,360,1
31,434,1
31,476,2
31,516,1
31,567,1
31,648,1
31,697,2
31,729,1
31,732,1
31,759,1
31,791,1
31,1324,1
32,43,6
32,44,5
32,59,2
32,133,6
32,155,3
32,180,5
32,181,5
32,193,2
32,197,1
32,252,1
32,257,2
32,269,1
32,297,2
32,414,2
32,450,2
32,566,1
32,613,1
32,717,1
32,768,1
32,1648,1
32,1649,1
32,1757,1
33,34,2
33,38,2
33,39,2
33,49,1
33,51,2
33,52,1
33,59,1
33,66,1
33,71,1
33,74,2
33,75,1
33,77,4
33,82,1
33,84,4
33,106,4
33,113,2
33,115,1
33,125,1
33,127,1
33,128,3
33,129,1
33,146,3
33,147,2
33,151,1
33,163,6
33,164,1
33,169,1
33,191,1
33,193,1
33,197,3
33,203,1
33,219,1
33,220,2
33,248,1
33,255,1
33,256,1
33,275,1
33,276,1
33,277,1
33,301,1
33,308,2
33,344,1
33,353,2
33,361,3
33,362,3
33,366,1
33,422,1
33,434,1
33,496,1
33,573,1
33,601,2
33,613,1
33,616,1
33,617,1
33,666,1
33,815,1
33,818,1
33,821,1
33,835,1
33,836,1
33,867,1
33,981,1
33,999,1
33,1047,1
33,1110,1
33,1132,1
33,1133,1
33,1200,1
33,1223,1
33,1349,1
33,1350,1
33,1431,1
33,1710,1
34,36,1
34,37,5
34,38,6
34,39,5
34,47,1
34,48,2
34,49,3
34,51,12
34,52,3
34,53,2
34,56,1
34,59,1
34,66,2
34,72,2
34,74,3
34,77,10
34,81,1
34,98,1
34,104,4
34,105,5
34,106,1
34,111,1
34,127,1
34,130,2
34,160,1
34,163,1
34,164,1
34,169,2
34,175,1
34,212,1
34,215,1
34,221,5
34,229,1
34,255,2
34,256,2
34,266,1
34,272,4
34,275,2
34,276,2
34,277,2
34,280,1
34,317,1
34,332,2
34,333,2
34,350,1
34,353,2
34,371,1
34,372,2
34,405,1
34,456,1
34,459,1
34,471,2
34,497,2
34,530,2
34,593,1
34,603,2
34,630,1
34,637,2
34,667,1
34,676,1
34,694,1
34,698,1
34,728,2
34,730,1
34,811,1
34,902,1
34,911,1
34,1005,1
34,1006,1
34,1115,1
34,1136,1
34,1155,1
34,1200,1
34,1215,1
34,1244,1
34,1406,1
34,1425,1
34,1708,1
35,36,1
35,47,1
35,60,3
35,67,8
35,80,3
35,85,1
35,101,1
35,107,1
35,186,1
35,224,1
35,230,1
35,231,1
35,245,1
35,265,2
35,291,3
35,293,1
35,310,1
35,340,1
35,354,2
35,364,2
35,482,1
35,496,1
35,500,1
35,517,1
35,545,1
35,573,1
35,633,1
35,634,2
35,833,1
35,991,1
35,1174,1
36,37,13
36,47,1
36,48,3
36,49,2
36,56,1
36,58,1
36,66,9
36,70,1
36,71,1
36,74,1
36,93,4
36,94,7
36,104,4
36,106,1
36,107,8
36,116,1
36,156,2
36,157,1
36,158,1
36,171,1
36,179,3
36,200,1
36,202,2
36,220,1
36,221,1
36,238,2
36,260,1
36,278,2
36,283,1
36,306,2
36,313,1
36,335,3
36,350,1
36,370,2
36,443,1
36,480,1
36,482,2
36,485,1
36,489,2
36,532,2
36,533,2
36,546,1
36,600,1
36,631,2
36,651,2
36,667,2
36,673,1
36,703,1
36,713,2
36,729,1
36,741,2
36,777,2
36,780,2
36,908,1
36,974,1
36,1008,1
36,1062,1
36,1074,1
36,1208,1
36,1281,1
36,1301,1
36,1371,1
36,1543,1
36,1673,1
37,48,1
37,49,1
37,51,1
37,52,1
37,65,2
37,77,1
37,104,3
37,105,2
37,107,5
37,116,2
37,132,2
37,166,1
37,179,1
37,199,1
37,221,5
37,229,5
37,278,4
37,279,1
37,280,3
37,283,1
37,300,4
37,350,1
37,371,1
37,482,1
37,485,1
37,522,1
37,593,1
37,631,2
37,632,1
37,729,1
37,792,1
37,793,1
37,825,1
37,884,1
37,1008,1
37,1027,1
37,1425,1
37,1487,1
38,39,17
38,49,1
38,51,3
38,52,1
38,54,1
38,66,1
38,72,3
38,74,3
38,75,1
38,105,1
38,106,1
38,114,1
38,122,1
38,127,4
38,151,1
38,164,3
38,194,2
38,209,1
38,212,1
38,272,3
38,371,1
38,372,1
38,439,3
38,471,1
38,497,1
38,525,1
38,600,1
38,752,2
38,798,1
38,913,1
38,1161,1
38,1245,1
38,1256,1
38,1413,1
38,1562,1
38,1697,1
38,1698,1
39,48,1
39,49,1
39,51,2
39,52,1
39,66,2
39,72,4
39,74,1
39,75,2
39,84,1
39,106,2
39,113,3
39,114,2
39,127,1
39,128,4
39,134,2
39,135,2
39,159,1
39,163,1
39,164,1
39,194,5
39,212,1
39,232,1
39,233,1
39,248,3
39,272,1
39,286,2
39,296,4
39,317,3
39,356,1
39,387,3
39,443,1
39,471,2
39,497,1
39,540,2
39,588,1
39,789,2
39,1336,1
39,1562,1
40,47,2
40,74,2
40,79,1
40,83,1
40,90,8
40,97,1
40,150,2
40,160,1
40,164,2
40,213,2
40,223,1
40,249,3
40,250,1
40,256,3
40,293,1
40,305,2
40,357,1
40,569,1
40,630,1
40,732,1
40,773,1
40,785,1
40,810,1
40,1137,1
40,1333,1
41,54,1
41,59,1
41,81,1
41,87,2
41,95,2
41,106,2
41,131,2
41,138,5
41,139,1
41,159,5
41,161,1
41,164,1
41,177,1
41,198,5
41,228,3
41,282,4
41,306,2
41,328,3
41,344,2
41,356,1
41,364,2
41,369,1
41,381,1
41,413,3
41,451,3
41,485,1
41,556,2
41,580,1
41,585,1
41,642,1
41,665,1
41,677,2
41,764,2
41,774,2
41,797,1
41,1150,1
41,1151,1
41,1183,1
41,1250,1
41,1293,1
41,1327,1
41,1396,1
41,1531,1
41,1538,1
41,1574,1
41,1623,1
41,1635,1
41,1673,1
42,58,9
42,64,1
42,103,3
42,120,1
42,123,2
42,124,5
42,152,6
42,220,1
42,228,1
42,231,1
42,333,2
42,487,2
42,557,1
42,996,1
42,1094,1
42,1142,1
42,1331,1
42,1738,1
43,44,16
43,133,6
43,155,6
43,180,1
43,181,2
43,193,4
43,196,1
43,197,2
43,252,4
43,257,4
43,271,1
43,297,2
43,368,1
43,414,3
43,652,2
43,768,2
43,786,1
43,1588,1
44,46,2
44,59,3
44,133,4
44,155,6
44,181,1
44,193,4
44,252,1
44,257,2
44,271,2
44,308,2
44,368,1
44,414,1
44,768,1
44,786,1
44,1122,1
44,1181,1
44,1265,1
44,1354,1
44,1400,1
44,1588,1
44,1622,1
44,1740,1
45,47,1
45,53,12
45,58,1
45,89,1
45,91,4
45,92,5
45,95,1
45,96,6
45,119,6
45,120,2
45,147,2
45,168,1
45,191,2
45,192,2
45,194,1
45,208,2
45,217,5
45,218,1
45,223,1
45,228,3
45,231,2
45,248,1
45,254,1
45,338,1
45,446,2
45,468,1
45,481,2
45,568,1
45,584,1
45,660,1
45,707,2
45,804,1
45,864,1
45,951,1
45,1029,1
45,1087,1
45,1131,1
45,1241,1
45,1483,1
46,201,5
46,270,2
46,271,3
46,315,1
46,316,1
46,321,2
46,322,3
46,323,1
46,324,2
46,334,1
46,336,3
46,359,1
46,391,3
46,392,2
46,574,1
46,586,2
46,686,1
46,690,2
46,711,1
46,712,1
46,748,1
46,749,1
46,779,2
46,786,2
46,809,1
46,891,1
46,1004,1
46,1052,1
46,1053,1
46,1079,1
46,1080,1
46,1265,1
46,1269,1
46,1354,1
46,1486,1
46,1624,1
46,1705,1
46,1759,1
46,1771,1
47,64,6
47,90,1
47,97,6
47,103,1
47,123,2
47,140,6
47,160,6
47,175,5
47,249,2
47,250,1
47,291,1
47,305,1
47,360,3
47,406,3
47,603,2
47,676,1
47,691,2
47,736,1
47,791,1
48,49,15
48,51,5
48,52,4
48,104,5
48,105,2
48,130,1
48,202,1
48,280,1
48,318,1
48,332,1
48,333,1
48,350,1
48,372,1
48,440,1
48,443,3
48,451,1
48,572,1
48,581,1
48,585,1
48,593,2
48,600,2
48,655,1
48,673,1
48,713,1
48,777,1
48,798,1
48,839,1
48,840,1
48,911,1
48,1172,1
48,1373,1
48,1446,1
48,1476,1
48,1711,1
49,51,7
49,52,8
49,104,4
49,105,1
49,106,1
49,130,1
49,202,1
49,215,1
49,280,1
49,332,1
49,350,1
49,372,1
49,572,1
49,581,1
49,585,1
49,637,1
49,655,1
49,673,2
49,777,1
49,911,1
49,1373,1
50,54,1
50,65,5
50,81,2
50,86,2
50,95,2
50,108,2
50,141,1
50,176,1
50,182,1
50,183,2
50,224,1
50,279,1
50,454,2
50,742,2
50,884,1
50,1072,1
50,1073,1
50,1164,1
51,52,15
51,66,1
51,77,2
51,104,1
51,105,1
51,106,1
51,127,1
51,130,7
51,163,2
51,164,1
51,246,2
51,248,1
51,272,1
51,332,3
51,333,1
51,350,3
51,371,1
51,372,3
51,448,1
51,471,1
51,497,2
51,603,2
51,607,1
51,637,1
51,694,2
51,698,2
51,728,2
51,1376,1
51,1377,1
51,1479,1
52,77,1
52,106,1
52,130,7
52,215,1
52,350,3
52,371,1
52,637,1
52,694,1
52,728,1
53,59,1
53,80,1
53,91,2
53,92,2
53,96,8
53,111,1
53,119,1
53,164,1
53,195,2
53,217,5
53,218,1
53,228,3
53,258,1
53,289,1
53,318,1
53,325,1
53,326,1
53,327,3
53,333,1
53,364,2
53,366,1
53,400,1
53,403,3
53,410,1
53,425,1
53,456,1
53,480,1
53,504,1
53,508,2
53,523,1
53,630,1
53,662,1
53,801,1
53,804,2
53,1028,1
53,1111,1
53,1126,1
53,1155,1
53,1395,1
53,1483,1
53,1665,1
54,57,1
54,73,1
54,74,1
54,80,1
54,86,1
54,98,1
54,176,1
54,216,1
54,232,1
54,249,5
54,266,2
54,268,2
54,278,1
54,350,1
54,393,1
54,445,1
54,603,1
54,854,1
54,971,1
54,1291,1
54,1315,1
54,1529,1
55,66,2
55,106,1
55,134,1
55,138,4
55,139,4
55,153,1
55,163,1
55,212,1
55,530,1
55,651,1
55,765,1
55,788,2
55,1442,1
55,1445,1
56,76,1
56,106,2
56,107,3
56,118,6
56,179,6
56,209,5
56,220,1
56,222,5
56,251,4
56,262,4
56,264,1
56,273,1
56,278,1
56,279,2
56,338,2
56,339,2
56,341,3
56,355,2
56,356,3
56,402,2
56,411,1
56,412,1
56,417,1
56,436,3
56,555,1
56,560,1
56,611,1
56,612,1
56,757,1
56,777,1
56,890,1
56,1074,1
56,1241,1
56,1305,1
57,83,1
57,117,1
57,182,1
57,187,1
57,216,3
57,235,5
57,267,1
57,286,3
57,335,1
57,339,1
57,415,2
57,567,1
57,664,1
57,730,1
57,762,1
57,780,1
57,864,1
57,868,1
57,959,1
57,1532,1
57,1729,1
58,64,3
58,97,2
58,98,1
58,119,1
58,120,1
58,123,3
58,124,7
58,140,1
58,152,1
58,168,2
58,190,3
58,202,1
58,236,2
58,250,1
58,260,1
58,311,2
58,333,1
58,377,1
58,389,2
58,487,1
58,516,1
58,552,2
58,635,1
58,648,1
58,769,1
58,838,1
58,864,1
58,1087,1
58,1241,1
58,1281,1
58,1292,1
58,1315,1
58,1371,1
58,1692,1
59,111,1
59,115,1
59,125,7
59,133,1
59,155,1
59,164,4
59,166,2
59,193,2
59,219,1
59,239,1
59,269,4
59,308,2
59,309,1
59,334,1
59,414,1
59,456,1
59,566,1
59,608,1
59,613,1
59,630,1
59,711,1
59,877,1
59,878,1
59,937,1
59,958,1
59,1077,1
59,1150,1
59,1155,1
59,1188,1
59,1209,1
59,1596,1
59,1633,1
59,1693,1
59,1715,1
60,67,5
60,80,4
60,85,1
60,124,2
60,185,2
60,186,2
60,191,2
60,230,2
60,326,1
60,545,1
60,770,1
60,947,1
60,1389,1
61,72,1
61,78,7
61,79,7
61,110,1
61,114,1
61,121,1
61,141,1
61,163,1
61,173,1
61,182,2
61,198,1
61,204,1
61,246,1
61,247,1
61,292,1
61,293,1
61,448,1
61,645,1
61,1417,1
62,63,12
62,73,1
62,110,5
62,122,2
62,141,1
62,144,1
62,147,1
62,183,1
62,205,5
62,214,1
62,254,3
62,286,2
62,291,3
62,292,1
62,310,2
62,314,1
62,434,1
62,468,1
62,516,1
62,526,1
62,567,1
62,595,2
62,596,2
62,607,1
62,614,1
62,713,1
62,764,1
62,832,1
62,833,1
62,894,1
62,925,1
62,986,1
62,1032,1
62,1059,1
62,1060,1
62,1065,1
62,1066,1
62,1113,1
62,1118,1
62,1138,1
62,1179,1
62,1308,1
62,1370,1
63,103,1
63,110,6
63,122,2
63,141,1
63,144,1
63,183,1
63,205,5
63,235,1
63,314,1
63,358,1
63,419,1
63,559,1
63,614,1
63,1036,1
63,1118,1
63,1134,1
63,1599,1
63,1600,1
64,97,8
64,123,5
64,140,5
64,152,2
64,175,2
64,236,5
64,249,1
64,250,2
64,360,2
64,365,1
64,366,1
64,406,1
64,791,1
64,1093,1
64,1692,1
65,81,3
65,95,3
65,108,1
65,182,1
65,224,2
65,244,2
65,279,1
65,454,1
65,983,1
65,1605,1
66,74,1
66,85,1
66,106,1
66,134,1
66,160,1
66,163,1
66,165,3
66,195,1
66,220,2
66,224,2
66,260,1
66,266,1
66,272,1
66,373,1
66,471,2
66,497,1
66,530,1
66,651,1
66,667,1
66,713,1
66,741,2
66,765,2
66,798,1
66,821,1
66,1442,1
66,1518,1
67,70,2
67,71,3
67,80,3
67,85,1
67,99,2
67,100,2
67,101,2
67,103,2
67,124,1
67,150,1
67,153,1
67,185,5
67,186,4
67,206,1
67,231,1
67,245,5
67,265,2
67,291,2
67,293,1
67,340,3
67,354,3
67,364,3
67,377,1
67,426,3
67,428,1
67,444,1
67,447,1
67,466,1
67,580,1
67,634,1
67,641,1
67,760,2
67,764,1
67,801,1
67,814,1
67,820,1
67,899,1
67,917,1
67,936,1
67,982,1
67,1029,1
67,1224,1
67,1310,1
67,1524,1
67,1552,1
68,69,12
68,85,6
68,88,9
68,204,1
69,85,6
69,88,9
69,103,1
69,204,2
69,237,1
69,265,1
69,743,1
70,71,12
70,76,6
70,82,4
70,101,2
70,102,1
70,107,1
70,150,2
70,185,1
70,186,1
70,224,1
70,231,3
70,390,1
70,481,1
70,496,1
70,545,2
70,735,1
70,914,1
70,1091,1
70,1197,1
70,1268,1
71,76,11
71,80,1
71,82,8
71,90,1
71,101,6
71,102,4
71,107,1
71,147,1
71,150,6
71,153,1
71,163,1
71,185,1
71,186,1
71,224,1
71,242,1
71,245,1
71,291,1
71,340,1
71,344,1
71,426,1
71,466,1
71,496,1
71,512,2
71,516,1
71,531,1
71,552,1
71,557,1
71,561,1
71,820,1
71,863,1
71,879,1
71,923,1
71,1091,1
71,1310,1
71,1645,1
72,106,1
72,199,1
72,204,1
72,211,2
72,212,2
72,404,3
72,448,1
72,526,1
72,645,1
72,660,1
72,1158,1
73,213,1
73,216,1
73,220,1
73,223,1
73,249,2
73,266,1
73,363,2
73,390,1
73,393,2
73,460,1
73,612,1
73,682,1
73,703,1
73,925,1
73,959,1
73,1012,1
73,1282,1
73,1370,1
73,1733,1
74,84,1
74,98,7
74,123,1
74,127,4
74,159,1
74,163,1
74,164,6
74,194,1
74,220,1
74,301,1
74,305,2
74,358,1
74,430,1
74,448,1
74,481,1
74,488,2
74,562,2
74,569,1
74,591,1
74,628,1
74,630,1
74,635,2
74,665,2
74,667,1
74,1027,1
74,1180,1
74,1290,1
74,1630,1
75,84,8
75,87,1
75,118,1
75,127,1
75,128,1
75,129,5
75,151,6
75,194,1
75,248,1
75,312,2
75,629,1
76,82,10
76,87,1
76,90,1
76,101,6
76,102,3
76,150,6
76,161,1
76,224,2
76,245,1
76,291,1
76,292,1
76,343,1
76,344,1
76,413,1
76,426,1
76,455,1
76,468,1
76,483,1
76,484,1
76,496,2
76,512,2
76,544,1
76,551,2
76,561,1
76,565,1
76,570,2
76,584,2
76,636,2
76,647,1
76,660,1
76,688,2
76,725,2
76,756,2
76,879,1
76,923,1
76,955,1
76,1091,1
76,1174,1
77,130,1
77,163,1
77,169,2
77,194,1
77,210,1
77,229,1
77,255,2
77,256,2
77,275,2
77,276,2
77,277,3
77,278,1
77,317,1
77,350,1
77,353,2
77,371,1
77,472,1
77,530,1
77,728,1
77,792,1
77,793,1
77,811,2
77,884,1
77,902,1
77,911,1
77,1027,1
77,1114,1
77,1406,1
77,1421,1
78,79,11
78,121,1
78,173,1
78,198,1
78,247,1
78,1417,1
79,90,1
79,121,1
79,173,1
79,176,1
79,198,1
79,243,1
79,247,1
79,248,1
79,569,1
79,581,1
79,718,1
79,719,1
79,735,1
79,935,1
79,1170,1
79,1417,1
79,1430,1
79,1643,1
80,101,1
80,124,2
80,191,1
80,220,1
80,344,1
80,366,2
80,395,1
80,400,2
80,419,1
80,552,2
80,573,2
80,863,1
80,998,1
80,1556,1
80,1602,1
80,1620,1
81,108,2
81,110,1
81,117,1
81,141,1
81,144,7
81,167,6
81,183,2
81,210,5
81,223,1
81,225,5
81,244,1
81,319,4
81,331,1
81,371,1
81,378,1
81,454,1
81,556,2
81,641,1
81,692,1
81,775,1
81,856,1
81,884,1
81,1088,1
81,1165,1
82,90,1
82,95,1
82,101,4
82,102,3
82,140,1
82,147,1
82,150,4
82,185,1
82,186,1
82,224,2
82,293,1
82,340,1
82,492,1
82,496,2
82,544,1
82,595,1
82,821,1
83,146,1
83,223,1
83,286,1
83,293,2
83,459,1
83,715,1
83,730,1
83,773,1
83,823,1
83,864,1
83,1616,1
84,118,1
84,129,7
84,164,1
84,301,4
84,629,1
84,1661,1
85,88,3
85,99,1
85,195,1
85,230,1
85,505,1
85,1129,1
85,1195,1
85,1548,1
86,131,1
86,176,4
86,177,1
86,216,2
86,224,1
86,371,2
86,454,1
86,766,1
86,800,1
87,106,2
87,118,1
87,162,1
87,343,1
87,369,1
87,413,1
87,442,1
87,457,1
88,204,1
89,481,1
89,603,1
89,668,1
89,1547,1
90,123,1
90,150,2
90,213,2
90,218,2
90,243,2
90,248,1
90,249,4
90,256,4
90,569,1
91,92,9
91,96,2
91,119,1
91,120,1
91,168,1
91,191,2
92,96,2
92,119,1
92,120,1
92,168,1
92,191,2
92,446,1
93,94,9
93,104,1
93,156,6
93,202,1
93,238,3
93,274,1
93,472,1
93,534,1
93,572,1
93,581,1
93,585,1
93,651,1
93,699,2
93,703,1
93,825,1
94,104,1
94,156,2
94,202,2
94,238,5
94,472,2
94,534,1
94,651,1
94,699,1
94,703,1
95,108,1
95,140,1
95,224,1
95,293,1
95,338,1
95,462,2
95,463,2
95,492,1
95,544,2
95,568,1
95,595,1
95,660,1
95,819,1
95,864,1
95,951,1
95,1029,1
96,228,1
96,508,2
97,123,6
97,140,4
97,175,4
97,236,1
97,249,1
97,283,1
97,360,3
97,406,1
97,473,1
97,516,1
97,559,1
97,691,1
97,791,2
97,1037,1
97,1137,1
97,1333,1
97,1692,1
98,123,1
98,145,1
98,152,1
98,166,1
98,213,1
98,228,1
98,298,1
98,343,1
98,373,1
98,539,1
98,607,1
98,700,1
98,733,1
98,843,1
98,844,1
98,1315,1
99,100,8
99,153,1
99,154,1
99,166,1
99,204,2
99,253,3
99,254,1
99,333,1
99,424,1
99,482,1
99,505,2
99,701,1
99,743,1
100,143,1
100,153,1
100,154,1
100,204,1
100,253,1
100,424,1
100,446,1
100,505,1
100,743,1
100,1275,1
100,1386,1
100,1523,1
100,1716,1
101,102,8
101,103,3
101,113,1
101,150,2
101,224,1
101,245,1
101,253,1
101,294,4
101,378,1
101,428,1
101,454,1
101,468,1
101,512,2
101,561,2
101,573,2
101,764,1
101,814,2
101,860,1
101,879,1
101,906,1
101,907,1
101,923,1
101,1013,1
101,1169,1
101,1341,1
101,1565,1
102,150,1
102,224,1
102,512,1
102,561,1
103,110,1
103,112,1
103,114,1
103,120,2
103,123,1
103,140,1
103,143,1
103,153,2
103,154,1
103,175,1
103,176,1
103,187,2
103,204,5
103,208,1
103,231,3
103,235,2
103,237,5
103,245,3
103,249,1
103,254,1
103,259,1
103,265,4
103,287,2
103,288,1
103,291,2
103,344,2
103,357,1
103,358,1
103,360,1
103,378,1
103,419,1
103,424,1
103,428,1
103,460,1
103,470,1
103,479,1
103,499,1
103,523,1
103,526,1
103,559,1
103,567,1
103,568,1
103,570,1
103,571,1
103,573,1
103,579,1
103,606,1
103,607,2
103,660,1
103,743,1
103,814,1
103,860,1
103,863,1
103,876,1
103,941,1
103,973,1
103,1036,1
103,1123,1
103,1134,1
103,1189,1
103,1226,1
103,1548,1
103,1629,1
104,105,8
104,107,1
104,221,1
104,280,4
104,332,2
104,600,1
104,777,1
104,911,1
104,1173,1
104,1543,1
105,229,1
105,280,1
105,332,1
105,522,1
105,593,2
105,600,2
105,607,1
105,713,1
105,798,1
105,1100,1
105,1173,1
105,1175,1
105,1543,1
106,146,1
106,158,1
106,161,4
106,162,3
106,163,3
106,169,1
106,170,1
106,172,3
106,178,1
106,189,1
106,212,1
106,220,1
106,241,1
106,262,1
106,279,4
106,298,2
106,299,2
106,317,1
106,334,1
106,343,1
106,351,1
106,352,1
106,369,3
106,402,1
106,413,2
106,418,3
106,422,1
106,427,1
106,436,1
106,442,2
106,455,1
106,456,1
106,482,1
106,514,2
106,535,1
106,554,1
106,601,2
106,662,2
106,713,1
106,741,1
106,757,1
106,918,1
106,989,1
106,1120,1
107,156,1
107,163,1
107,171,3
107,179,4
107,209,1
107,222,1
107,278,1
107,338,1
107,339,1
107,355,1
107,356,1
107,364,1
107,383,1
107,399,1
107,429,1
107,436,1
107,482,1
107,489,2
107,563,1
107,611,1
107,612,1
107,649,2
107,693,2
107,710,2
107,754,1
108,109,1
108,117,6
108,149,1
108,177,4
108,204,1
108,210,1
108,225,1
108,454,2
108,556,1
108,603,1
108,800,1
108,884,1
109,117,1
109,149,3
109,177,1
109,205,1
109,302,2
109,360,1
109,381,1
109,410,2
109,438,1
109,444,2
109,563,1
109,755,2
109,832,1
109,1152,1
109,1192,1
109,1205,1
109,1258,1
109,1276,1
109,1382,1
110,120,1
110,122,4
110,141,5
110,144,1
110,145,1
110,167,1
110,173,1
110,182,2
110,183,1
110,187,6
110,205,2
110,231,1
110,245,1
110,287,1
110,293,2
110,314,1
110,340,1
110,378,3
110,557,1
110,570,1
110,573,2
110,607,1
110,614,2
110,770,1
110,821,1
110,933,1
110,1012,1
110,1029,1
110,1065,1
110,1118,1
110,1280,1
110,1469,1
110,1646,1
111,112,8
111,119,3
111,120,4
111,164,1
111,168,3
111,218,1
111,258,3
111,456,1
111,630,1
111,694,1
111,1155,1
112,119,3
112,120,4
112,168,3
112,218,1
112,258,4
112,694,1
112,1585,1
113,114,8
113,128,5
113,159,6
113,163,1
113,194,1
113,198,1
113,246,5
113,247,1
113,248,1
113,259,1
113,294,1
113,303,2
113,312,1
113,356,1
113,374,1
113,448,2
113,469,1
113,516,1
113,578,1
113,625,1
113,695,1
113,696,1
113,704,1
113,981,1
113,1015,1
113,1132,1
113,1159,1
113,1198,1
113,1199,1
113,1223,1
113,1736,1
114,159,5
114,163,1
114,176,2
114,194,4
114,208,1
114,246,5
114,254,1
114,293,1
114,303,4
114,314,1
114,448,1
114,458,1
114,469,1
114,470,2
114,527,1
114,536,1
114,557,1
114,567,1
114,568,1
114,607,1
114,646,1
114,658,2
114,659,2
114,731,1
114,821,1
114,865,1
114,876,1
114,1069,1
114,1159,1
114,1194,1
114,1416,1
114,1707,1
115,181,1
115,193,2
115,219,1
115,613,2
115,1077,1
115,1188,1
115,1693,1
116,122,1
116,132,3
116,195,2
116,278,1
116,283,3
116,300,1
116,318,3
116,400,2
116,485,2
116,818,1
116,825,1
116,988,1
117,149,1
117,177,3
117,210,1
117,556,1
117,603,1
118,273,4
118,276,1
118,432,1
118,442,1
119,120,7
119,168,3
119,218,1
119,258,2
119,481,2
119,543,1
119,767,1
119,784,2
119,838,1
119,990,1
119,1002,1
119,1087,1
119,1140,1
119,1241,1
120,145,1
120,146,1
120,168,5
120,218,1
120,258,1
120,389,1
120,481,1
120,664,1
120,807,1
120,981,1
120,1087,1
120,1241,1
120,1680,1
120,1701,1
121,1247,1
121,1488,1
121,1730,1
122,183,1
122,199,1
122,205,1
122,243,1
122,254,1
122,293,1
122,340,1
122,382,1
122,386,3
122,396,1
122,419,1
122,516,1
122,531,1
122,607,1
122,614,2
122,633,1
122,818,1
122,832,1
122,953,1
122,954,1
122,1068,1
122,1101,1
122,1165,1
122,1296,1
122,1464,1
122,1544,1
123,124,2
123,152,2
123,175,6
123,220,1
123,235,1
123,245,1
123,260,1
123,360,1
123,365,1
123,366,1
123,406,2
123,461,1
123,607,1
123,635,1
123,691,2
123,732,1
123,790,1
123,791,2
123,838,1
123,967,1
123,1093,1
123,1335,1
123,1338,1
123,1461,1
124,152,2
124,191,2
124,354,1
124,360,1
124,364,1
124,366,1
125,193,1
125,219,1
125,308,3
125,309,1
125,318,1
125,334,1
125,608,1
125,711,1
125,750,1
125,751,1
125,877,1
125,878,1
125,937,1
125,958,1
125,1051,1
125,1633,1
126,131,1
126,261,1
126,320,1
126,349,1
126,420,1
126,590,1
126,591,1
126,792,1
127,146,1
127,151,1
127,163,1
127,164,6
127,167,1
127,194,3
127,246,1
127,248,4
127,342,3
127,347,3
127,365,1
127,366,1
127,384,1
127,398,1
127,409,3
127,448,1
127,460,1
127,482,1
127,485,1
127,657,2
127,887,1
127,888,1
127,892,1
127,960,1
127,961,1
127,1322,1
127,1361,1
127,1388,1
127,1668,1
127,1683,1
128,163,2
128,179,1
128,191,1
128,194,3
128,197,1
128,248,3
128,270,1
128,271,1
128,288,4
128,308,1
128,309,1
128,312,1
128,374,1
128,397,3
128,412,1
128,416,3
128,531,1
128,564,2
128,565,2
128,587,1
128,596,1
128,615,2
128,620,2
128,790,1
128,795,2
128,831,1
128,936,1
128,968,1
128,981,1
128,1131,1
128,1171,1
128,1410,1
128,1431,1
128,1767,1
129,151,2
129,301,2
129,758,1
129,1190,1
130,350,2
131,224,1
131,320,1
131,349,1
131,371,1
132,195,2
132,318,1
132,400,1
132,715,1
132,813,1
132,1054,1
132,1639,1
132,1727,1
133,155,1
133,181,1
133,193,5
133,252,2
133,257,3
133,414,1
133,768,1
133,799,1
134,135,7
134,159,1
134,286,4
134,356,3
134,530,1
134,795,1
134,1442,1
135,159,1
135,286,4
135,356,3
135,795,1
136,137,7
136,190,1
136,202,2
136,527,1
136,638,1
136,639,1
136,655,2
136,1453,1
137,190,1
137,202,2
137,527,1
137,638,1
137,639,1
137,655,2
137,1453,1
138,139,7
138,218,1
138,263,4
138,274,2
138,282,3
138,295,3
138,298,1
138,317,1
138,381,1
138,386,1
138,401,1
138,476,2
138,556,1
138,580,1
138,642,1
138,664,1
138,708,2
138,774,1
138,873,1
138,874,1
138,1540,1
138,1673,1
139,218,1
139,263,1
139,266,1
139,282,1
139,774,1
139,800,1
139,1748,1
140,152,1
140,160,1
140,175,1
140,236,1
140,249,1
140,293,1
140,360,3
140,492,1
140,544,1
140,595,1
140,791,1
141,144,1
141,167,1
141,173,1
141,182,3
141,183,1
141,211,1
141,212,1
141,292,1
141,293,2
141,378,1
141,607,1
141,1012,1
141,1029,1
141,1065,1
141,1164,1
141,1280,1
142,143,7
142,188,4
142,337,3
142,359,3
142,524,2
142,723,2
142,730,2
142,910,1
142,1545,1
142,1752,1
143,153,2
143,154,2
143,188,6
143,245,1
143,314,1
143,337,3
143,359,3
143,460,2
143,479,2
143,524,1
143,579,2
143,606,2
143,723,2
143,728,1
143,730,1
143,734,1
143,761,2
143,824,1
143,910,1
143,1123,1
143,1189,1
143,1523,1
143,1662,1
143,1752,1
144,167,3
144,856,1
144,1321,1
144,1756,1
145,146,6
145,187,1
145,199,1
145,203,1
145,248,1
145,279,1
145,284,1
145,457,1
145,462,1
145,511,2
145,538,2
145,602,1
145,661,2
145,700,2
145,807,1
145,1330,1
145,1659,1
145,1688,1
145,1701,1
146,163,1
146,203,5
146,220,2
146,312,2
146,353,1
146,441,3
146,511,2
146,538,2
146,661,2
146,807,1
146,815,1
146,867,1
146,892,1
146,918,1
146,977,1
146,981,1
146,999,1
146,1200,1
146,1637,1
146,1687,1
146,1688,1
146,1754,1
147,148,6
147,163,1
147,191,2
147,192,2
147,208,3
147,217,1
147,231,3
147,242,4
147,254,3
147,286,1
147,310,4
147,375,1
147,458,2
147,557,1
147,559,1
147,604,1
147,607,1
147,764,1
147,785,1
147,821,1
147,1201,1
147,1492,1
147,1724,1
148,242,5
148,265,1
148,293,1
148,310,1
148,314,1
148,412,1
148,458,3
148,607,2
148,732,1
148,864,1
148,949,1
148,1070,1
148,1075,1
148,1127,1
148,1230,1
148,1363,1
148,1492,1
149,177,1
149,388,1
149,992,1
150,213,2
150,224,1
150,245,1
150,249,2
150,496,2
150,512,2
150,561,1
150,879,1
150,923,1
150,1512,1
150,1542,1
151,301,1
152,333,1
152,360,2
153,154,6
153,184,6
153,206,3
153,231,1
153,245,2
153,259,4
153,288,1
153,291,2
153,310,1
153,344,1
153,348,1
153,395,1
153,428,1
153,434,2
153,460,2
153,479,2
153,499,2
153,516,1
153,526,2
153,531,1
153,570,1
153,571,1
153,579,2
153,606,2
153,660,1
153,734,1
153,824,1
153,860,1
153,941,1
153,1033,1
153,1035,1
153,1039,1
153,1040,1
153,1123,1
153,1189,1
153,1277,1
153,1299,1
153,1408,1
153,1478,1
154,206,5
154,245,1
154,253,1
154,265,1
154,314,1
154,460,2
154,479,2
154,579,2
154,606,2
154,734,1
154,770,1
154,824,1
154,1123,1
154,1189,1
155,269,1
155,414,1
155,566,1
155,613,1
155,1588,1
156,202,1
156,238,1
156,274,1
156,572,1
156,581,1
156,585,1
156,651,1
156,754,2
156,825,1
157,158,6
157,163,1
157,304,2
157,408,1
157,440,2
157,946,1
157,1082,1
157,1393,1
158,161,2
158,163,3
158,304,4
158,334,1
158,408,2
158,440,3
158,444,1
158,457,1
158,495,1
158,946,1
158,1082,1
158,1306,1
158,1393,1
158,1658,1
159,163,3
159,173,1
159,198,5
159,246,4
159,286,1
159,356,2
159,448,1
159,671,1
159,900,1
159,1635,1
160,168,1
160,175,2
160,220,1
160,260,4
160,291,1
160,293,1
160,302,1
160,603,1
160,676,2
160,691,2
160,790,1
160,812,1
161,162,6
161,163,6
161,276,1
161,298,4
161,343,3
161,413,2
161,427,3
161,432,3
161,554,2
161,671,1
161,672,1
161,911,1
161,1383,1
161,1614,1
161,1638,1
162,163,2
162,276,1
162,298,3
162,343,2
162,427,1
162,432,1
162,554,1
162,1383,1
163,164,1
163,188,2
163,194,1
163,212,1
163,220,1
163,246,1
163,248,1
163,254,1
163,298,3
163,337,1
163,340,1
163,353,1
163,427,2
163,432,1
163,440,1
163,486,2
163,554,1
163,815,1
163,867,1
163,999,1
163,1007,1
163,1200,1
163,1337,1
163,1352,1
163,1607,1
163,1764,1
164,166,1
164,194,5
164,232,1
164,233,1
164,246,1
164,248,3
164,301,2
164,305,2
164,345,3
164,346,3
164,448,1
164,449,3
164,456,1
164,509,2
164,630,2
164,724,2
164,760,1
164,1150,1
164,1155,1
164,1596,1
164,1641,1
164,1642,1
164,1676,1
165,220,3
165,224,2
166,207,2
166,239,5
166,278,1
166,308,1
166,333,1
166,334,3
166,373,1
166,446,1
166,482,1
166,765,1
166,1487,1
166,1715,1
167,460,1
168,218,1
168,254,1
168,258,1
168,265,1
168,291,2
168,293,1
168,344,1
168,466,1
168,487,1
168,573,1
168,620,1
168,648,1
168,669,1
168,812,1
168,987,1
168,1012,1
168,1020,1
168,1087,1
168,1241,1
168,1739,1
169,170,6
169,172,6
169,178,5
169,204,2
169,255,3
169,256,3
169,275,3
169,276,3
169,277,3
169,353,2
169,519,2
170,172,6
170,178,6
170,226,1
170,241,1
170,325,2
170,421,3
170,472,1
170,521,1
170,558,2
170,679,1
170,680,1
170,709,1
171,247,1
171,425,1
171,457,1
171,678,2
171,693,2
171,696,1
172,178,5
172,514,2
172,662,2
173,174,6
173,293,1
173,317,1
173,356,1
173,415,1
173,534,2
173,607,1
173,1012,1
173,1029,1
173,1065,1
173,1417,1
174,415,1
174,534,1
174,762,1
174,847,1
175,177,1
175,249,2
175,261,1
175,360,2
175,366,1
175,406,1
175,691,2
175,742,1
175,844,1
175,1278,1
175,1355,1
175,1356,1
175,1669,1
176,208,1
176,216,2
176,303,1
176,388,1
176,470,1
176,502,1
176,567,1
176,568,1
176,581,2
176,607,1
176,735,2
176,766,2
176,876,1
176,1458,1
176,1466,1
177,204,1
177,225,1
178,226,2
178,227,2
178,290,2
178,385,2
178,474,2
178,684,2
178,709,1
179,332,1
179,333,2
179,399,3
179,401,2
179,402,2
179,417,2
179,429,3
179,560,2
179,563,2
179,596,1
179,612,1
179,663,2
179,777,1
179,936,1
179,1074,1
179,1131,1
179,1171,1
179,1345,1
179,1410,1
179,1427,1
180,181,6
180,1102,1
181,193,1
181,252,1
181,257,1
181,270,1
181,271,1
181,336,1
181,414,1
181,472,1
181,768,1
181,771,1
181,1102,1
181,1257,1
182,187,3
182,245,1
182,279,1
182,292,1
182,293,1
182,1472,1
182,1729,1
183,210,1
183,314,1
183,331,3
183,382,3
183,466,1
183,579,1
183,794,1
183,1118,1
183,1164,1
183,1207,1
183,1684,1
184,259,4
184,310,1
184,434,2
184,499,2
184,526,2
184,557,1
184,1039,1
184,1040,1
184,1277,1
184,1408,1
184,1478,1
185,186,6
185,291,2
185,294,1
185,340,2
185,396,1
185,419,1
185,580,1
185,634,1
185,706,1
185,760,1
185,899,1
185,982,1
185,1097,1
185,1405,1
185,1519,1
186,245,1
186,291,1
186,340,1
187,211,1
187,212,1
187,231,2
187,245,2
187,287,4
187,344,3
187,378,1
187,573,2
187,1214,1
187,1449,1
187,1729,1
188,337,3
188,486,2
188,524,2
188,761,2
188,1007,1
188,1352,1
188,1607,1
188,1662,1
189,241,2
189,250,1
189,274,1
189,299,1
189,317,4
189,319,2
189,351,3
189,412,2
189,588,1
189,692,1
189,880,1
189,1120,1
189,1518,1
190,202,5
190,389,3
190,638,1
190,639,1
190,807,2
190,1210,1
190,1506,1
190,1603,1
190,1614,1
191,192,5
191,208,5
191,217,4
191,231,4
191,254,1
191,265,1
191,291,1
191,390,1
191,468,1
191,739,1
191,1048,1
191,1299,1
191,1329,1
191,1431,1
192,208,5
192,217,4
192,231,4
193,219,1
193,252,3
193,257,4
193,308,4
193,309,2
193,414,2
193,608,1
193,613,2
193,768,1
193,799,2
193,877,1
193,878,1
193,937,1
193,958,1
194,232,2
194,233,1
194,248,5
194,278,1
194,285,1
194,286,3
194,394,3
194,527,2
194,618,2
194,619,2
194,731,1
194,757,2
194,760,1
194,822,1
194,897,1
194,1194,1
194,1388,1
194,1416,1
194,1435,1
194,1676,1
195,283,1
195,289,4
195,318,2
195,325,1
195,326,1
195,332,1
195,333,1
195,367,3
195,373,1
195,400,1
195,433,3
195,473,1
195,517,1
195,662,1
195,693,1
195,801,1
195,997,1
195,1009,1
195,1202,1
195,1270,1
195,1323,1
195,1395,1
195,1728,1
196,197,5
196,297,2
196,652,1
196,1348,1
197,297,4
197,464,2
197,510,1
197,652,2
197,717,1
197,1348,1
197,1743,1
198,247,2
198,399,1
198,417,1
198,625,2
198,920,1
198,921,1
198,970,1
198,1303,1
198,1635,1
199,254,1
199,279,4
199,526,1
199,660,1
199,832,1
199,859,1
199,1063,1
199,1158,1
199,1330,1
199,1659,1
200,202,1
200,234,1
201,321,2
201,336,3
201,392,3
201,686,1
201,690,2
201,726,1
201,727,1
201,749,1
201,779,1
201,939,1
201,1095,1
201,1105,1
201,1326,1
201,1343,1
201,1771,1
202,234,2
202,238,1
202,244,1
202,274,1
202,296,1
202,407,1
202,437,3
202,498,2
202,541,2
202,542,2
202,572,2
202,581,2
202,585,2
202,597,2
202,605,2
202,638,2
202,639,1
202,655,1
202,664,2
202,683,2
202,747,2
202,758,1
202,816,1
202,1373,1
203,312,2
203,538,1
203,661,1
204,225,1
204,237,5
204,253,1
204,265,4
204,448,1
204,519,2
204,592,2
204,645,1
204,743,2
204,1195,1
204,1629,1
205,244,1
205,267,1
205,614,1
205,1205,1
206,245,1
206,253,1
206,428,1
207,313,1
207,537,2
207,1621,1
208,217,4
208,231,5
208,291,1
208,292,1
208,293,1
208,412,1
208,459,1
208,470,1
208,567,1
208,568,1
208,607,1
208,876,1
208,1094,1
208,1300,1
208,1339,1
208,1755,1
209,218,1
209,222,3
209,251,3
209,338,3
209,339,3
209,341,1
209,355,3
209,358,1
209,375,1
209,412,2
209,436,1
209,439,1
209,1022,1
209,1061,1
210,331,1
210,472,1
210,556,2
210,692,1
210,728,1
211,212,5
211,249,1
211,357,1
211,901,1
211,1214,1
211,1449,1
212,243,2
212,901,1
212,1214,1
212,1449,1
213,220,1
213,224,1
213,249,3
213,377,1
213,393,1
213,621,1
214,215,5
214,274,4
214,291,1
214,310,1
214,526,1
214,894,1
214,1179,1
214,1567,1
215,274,4
215,294,1
215,573,1
215,637,1
215,1439,1
216,286,2
216,339,1
216,868,1
216,1286,1
216,1733,1
217,228,1
217,231,3
217,364,2
218,256,1
218,262,2
218,263,1
218,314,1
218,358,1
218,375,1
218,438,1
218,778,2
218,1022,1
218,1061,1
218,1483,1
219,308,2
219,309,1
219,608,2
219,877,1
219,878,1
219,937,1
219,958,1
219,1482,1
220,223,1
220,231,1
220,260,1
220,393,2
220,422,3
220,441,1
220,487,1
220,631,1
220,798,1
220,1533,1
220,1656,1
220,1687,1
221,280,1
221,807,1
221,902,1
222,251,2
222,263,2
222,264,3
222,278,3
222,341,1
222,356,1
222,383,3
222,411,3
222,436,3
222,519,1
222,555,2
222,653,1
222,654,1
223,254,1
223,390,1
223,559,1
223,1012,1
223,1088,1
223,1165,1
223,1299,1
223,1656,1
224,249,1
224,265,1
224,266,1
224,371,1
224,444,1
224,503,1
224,506,2
224,539,1
224,601,1
224,621,1
224,833,1
224,983,1
224,1512,1
224,1542,1
224,1605,1
225,319,4
225,641,2
225,775,1
225,909,1
225,936,1
225,1044,1
225,1231,1
225,1390,1
225,1434,1
226,227,5
226,290,3
226,325,1
226,385,3
226,421,1
226,474,2
226,475,2
226,521,1
226,558,1
226,679,1
226,680,1
226,684,2
227,290,4
227,385,3
227,423,1
227,474,2
227,475,2
227,558,1
227,684,2
227,1111,1
228,306,3
228,328,3
228,364,1
228,441,1
228,451,1
228,539,2
228,733,1
228,804,1
228,843,1
228,844,1
228,1250,1
228,1327,1
228,1460,1
228,1721,1
229,371,1
229,593,1
229,792,1
229,793,1
229,884,1
229,1027,1
230,547,1
230,738,1
231,237,1
231,245,2
231,254,2
231,287,2
231,291,1
231,292,1
231,377,1
231,390,1
231,395,2
231,424,1
231,428,2
231,481,1
231,545,2
231,557,2
231,573,2
231,634,1
231,735,1
231,770,1
231,914,1
231,965,1
231,1033,1
231,1174,1
231,1197,1
231,1268,1
231,1298,1
231,1572,1
231,1681,1
232,233,5
232,248,1
232,285,4
232,352,3
232,445,1
232,527,2
232,594,1
233,248,1
233,249,1
233,285,2
233,352,1
234,1043,1
235,293,1
235,335,1
235,358,1
235,415,3
235,419,1
235,559,1
235,762,2
235,780,1
235,931,1
235,994,1
235,1029,1
235,1036,1
235,1112,1
235,1119,1
235,1134,1
235,1532,1
235,1568,1
235,1653,1
235,1689,1
236,250,2
236,1517,1
236,1692,1
236,1742,1
237,254,1
237,265,4
237,291,1
237,428,1
237,740,2
237,743,1
237,770,1
237,965,1
237,1264,1
237,1629,1
240,817,1
241,299,3
241,317,1
241,319,1
241,351,1
241,412,1
241,421,2
241,709,1
241,1120,1
241,1258,1
241,1346,1
242,293,1
242,310,1
242,314,1
242,528,1
242,557,1
242,604,1
242,785,1
242,1467,1
242,1645,1
243,248,1
243,317,1
243,353,1
243,569,1
243,580,1
243,1154,1
243,1288,1
243,1618,1
244,267,4
244,298,1
244,348,1
244,384,1
244,407,3
244,423,2
244,435,3
244,437,1
244,454,1
244,498,2
244,504,2
244,541,1
244,542,1
244,605,1
244,662,2
244,683,1
244,851,1
244,1021,1
244,1024,1
244,1025,1
244,1307,1
244,1314,1
244,1411,1
244,1761,1
245,263,1
245,265,1
245,287,1
245,291,1
245,295,1
245,389,1
245,424,1
245,428,2
245,460,1
245,479,1
245,512,1
245,579,1
245,606,1
245,607,1
245,734,1
245,824,1
245,879,1
245,923,1
245,1003,1
245,1338,1
245,1461,1
245,1548,1
246,248,1
246,314,1
246,536,1
247,428,1
247,625,1
247,678,1
247,719,1
247,747,1
247,800,1
247,875,1
247,1531,1
248,250,1
248,284,4
248,292,2
248,365,1
248,366,1
248,448,1
248,462,1
248,519,1
248,569,1
248,599,2
248,602,2
248,818,1
248,931,1
248,1027,1
248,1030,1
248,1064,1
248,1243,1
248,1324,1
248,1440,1
248,1441,1
249,256,1
249,268,3
249,357,1
249,360,2
249,456,2
249,506,1
249,854,1
249,887,1
249,1274,1
249,1462,1
249,1572,1
250,256,1
250,377,1
250,516,1
250,569,1
250,576,2
250,577,2
250,692,1
250,769,1
250,864,1
250,880,1
250,931,1
250,1292,1
250,1315,1
250,1518,1
251,279,1
251,338,1
251,339,1
251,355,1
251,412,1
251,436,1
251,1241,1
251,1305,1
252,257,3
252,414,3
252,768,2
253,254,4
253,294,1
253,424,1
253,459,2
253,701,1
253,1135,1
253,1541,1
254,265,1
254,286,3
254,291,4
254,293,2
254,310,3
254,325,1
254,340,1
254,344,1
254,358,1
254,390,3
254,396,1
254,419,1
254,424,1
254,428,1
254,459,3
254,466,1
254,468,1
254,469,1
254,516,1
254,531,1
254,544,1
254,595,2
254,633,1
254,701,2
254,764,1
254,770,1
254,781,1
254,821,1
254,828,1
254,829,1
254,859,1
254,929,1
254,934,1
254,940,1
254,965,1
254,986,1
254,1020,1
254,1068,1
254,1135,1
254,1201,1
254,1298,1
254,1299,1
254,1308,1
254,1318,1
254,1419,1
254,1436,1
254,1541,1
254,1571,1
254,1572,1
255,256,4
255,275,4
255,276,4
255,277,4
255,353,3
256,275,4
256,276,4
256,277,4
256,353,3
256,523,2
256,569,2
256,573,1
256,669,1
256,1561,1
257,414,2
257,768,1
258,318,1
258,480,1
258,1585,1
259,288,1
259,291,1
259,310,1
259,434,3
259,526,1
259,557,1
259,570,1
259,571,1
259,660,1
259,821,1
259,860,1
259,941,1
259,1039,1
259,1040,1
259,1277,1
260,305,1
260,318,1
260,790,2
260,791,1
261,320,1
261,349,1
261,491,2
261,604,1
261,792,1
262,279,1
262,341,2
262,356,3
262,402,2
262,417,1
262,436,1
262,757,1
262,778,2
263,264,4
263,278,1
263,295,4
263,383,2
263,411,2
263,493,2
263,555,1
263,708,2
263,1003,1
264,278,1
264,383,2
264,411,3
264,493,2
264,555,2
264,758,1
264,1337,1
265,291,2
265,293,1
265,310,1
265,314,1
265,325,1
265,340,2
265,390,1
265,468,1
265,496,1
265,500,1
265,545,1
265,596,1
265,633,1
265,634,1
265,732,2
265,743,1
265,770,1
265,833,1
265,864,1
265,932,1
265,949,1
265,978,1
265,1036,1
265,1070,1
265,1075,1
265,1097,1
265,1127,1
265,1242,1
265,1299,1
265,1363,1
265,1552,1
265,1570,1
265,1576,1
265,1629,1
266,405,1
266,451,1
266,603,1
266,838,1
266,841,1
266,1193,1
266,1222,1
266,1498,1
266,1614,1
267,959,1
268,854,1
269,414,1
269,566,1
269,613,1
269,1188,1
270,271,4
270,308,1
270,309,1
270,336,1
270,587,2
270,598,2
270,727,1
270,809,2
270,831,1
270,852,1
270,1325,1
270,1359,1
270,1407,1
270,1525,1
270,1581,1
270,1586,1
271,297,1
271,308,1
271,309,1
271,336,1
271,587,1
271,598,1
271,686,1
271,687,1
271,748,1
271,786,1
271,831,1
271,1081,1
271,1455,1
271,1759,1
272,371,1
272,419,1
272,471,2
272,497,2
272,646,1
272,1030,1
273,276,2
273,388,1
273,432,2
273,968,1
273,1236,1
273,1266,1
273,1267,1
274,317,1
274,401,1
274,476,1
274,563,1
274,572,1
274,581,1
274,585,1
274,588,1
274,629,1
274,977,1
274,1171,1
274,1237,1
275,276,4
275,277,4
275,353,3
276,277,4
276,298,1
276,353,3
276,432,2
276,1383,1
277,353,3
277,1114,1
278,283,1
278,356,1
278,383,2
278,411,1
278,436,2
278,485,1
278,689,1
278,1487,1
278,1529,1
279,333,1
279,369,2
279,382,1
279,402,1
279,413,1
279,436,1
279,455,1
279,757,1
279,832,1
279,911,1
279,1063,1
279,1241,1
279,1305,1
279,1321,1
279,1330,1
279,1659,1
281,633,1
281,1294,1
282,556,2
282,642,2
282,774,2
282,797,1
283,400,1
283,473,2
283,485,2
283,988,1
283,1763,1
283,1769,1
284,375,1
284,462,1
284,519,1
284,602,2
284,1030,1
284,1171,1
284,1229,1
284,1230,1
284,1243,1
284,1287,1
285,352,1
285,527,2
286,291,2
286,339,1
286,356,1
286,357,1
286,358,1
286,394,3
286,595,2
286,730,1
286,795,1
286,864,1
286,868,1
286,986,1
286,1308,1
287,344,3
287,375,1
287,376,1
287,812,1
287,1179,1
287,1184,1
288,291,1
288,412,1
288,531,1
288,564,2
288,565,2
288,570,1
288,571,1
288,615,2
288,620,2
288,660,1
288,795,2
288,860,1
288,941,1
289,367,3
289,433,3
289,995,1
289,1216,1
289,1217,1
289,1395,1
289,1511,1
290,385,2
290,423,3
290,474,2
290,477,2
290,478,2
290,558,1
290,684,2
290,1111,1
291,292,1
291,293,2
291,310,1
291,325,1
291,340,1
291,357,1
291,375,1
291,390,1
291,396,1
291,419,1
291,426,2
291,428,1
291,468,2
291,516,1
291,526,1
291,531,1
291,559,1
291,563,1
291,570,2
291,571,1
291,573,1
291,584,1
291,595,2
291,660,2
291,706,1
291,734,1
291,753,1
291,770,2
291,812,1
291,860,1
291,893,1
291,894,1
291,941,1
291,965,1
291,973,1
291,986,1
291,991,1
291,1174,1
291,1179,1
291,1182,1
291,1299,1
291,1308,1
291,1360,1
291,1375,1
291,1405,1
291,1519,1
291,1524,1
291,1625,1
291,1755,1
292,293,4
292,395,1
292,426,1
292,428,1
292,434,1
292,468,1
292,516,1
292,557,1
292,567,1
292,599,2
292,660,2
292,732,1
292,830,1
292,853,1
292,1094,1
292,1174,1
292,1300,1
292,1353,1
293,314,2
293,325,1
293,357,1
293,375,1
293,390,1
293,395,1
293,396,2
293,428,1
293,459,1
293,475,1
293,492,2
293,496,1
293,500,1
293,516,2
293,531,1
293,544,1
293,545,1
293,557,2
293,563,1
293,575,1
293,595,1
293,607,2
293,633,2
293,634,1
293,645,1
293,660,1
293,732,1
293,753,1
293,785,1
293,812,2
293,821,1
293,830,1
293,853,1
293,931,1
293,933,1
293,973,1
293,994,1
293,1012,1
293,1029,1
293,1039,1
293,1065,1
293,1068,1
293,1088,1
293,1094,1
293,1112,1
293,1119,1
293,1131,1
293,1201,1
293,1300,1
293,1332,1
293,1353,1
293,1375,1
293,1493,1
293,1509,1
293,1568,1
293,1626,1
293,1719,1
294,310,1
294,428,1
294,468,2
294,573,1
294,782,1
294,783,1
294,832,1
294,860,1
294,1045,1
294,1046,1
294,1097,1
294,1169,1
294,1341,1
294,1439,1
294,1565,1
295,708,2
295,1003,1
296,317,3
296,387,3
296,437,1
296,588,1
296,597,1
296,664,1
296,747,1
296,1336,1
297,598,1
297,652,1
298,314,1
298,348,3
298,403,2
298,427,3
298,432,2
298,554,2
298,664,1
298,746,2
298,851,1
298,1146,1
298,1383,1
298,1459,1
298,1536,1
298,1540,1
299,317,1
299,351,1
299,979,1
299,1038,1
299,1120,1
299,1223,1
299,1258,1
299,1346,1
299,1691,1
300,825,1
301,449,1
301,724,1
302,410,3
302,444,2
302,676,1
302,755,1
302,1152,1
302,1254,1
302,1255,1
303,529,2
303,658,1
303,659,1
303,864,1
303,940,1
303,1159,1
304,334,1
304,408,3
304,440,2
304,444,1
304,457,1
304,946,1
304,1082,1
304,1306,1
304,1393,1
305,318,2
305,360,2
305,630,1
306,313,1
306,328,2
306,451,1
306,1062,1
306,1250,1
306,1327,1
307,412,2
307,528,2
307,588,1
307,1193,1
308,309,4
308,334,1
308,587,1
308,608,2
308,831,1
308,877,1
308,878,1
308,937,1
308,958,1
308,1051,1
308,1348,1
308,1402,1
308,1475,1
308,1633,1
309,587,1
309,608,1
309,831,1
309,877,1
309,878,1
309,937,1
309,958,1
310,325,1
310,375,1
310,468,1
310,526,2
310,528,1
310,557,1
310,559,1
310,604,2
310,732,1
310,764,1
310,785,2
310,832,1
310,864,1
310,894,1
310,940,1
310,949,1
310,1070,1
310,1075,1
310,1127,1
310,1179,1
310,1201,1
310,1363,1
310,1419,1
310,1467,1
310,1724,1
311,552,2
311,759,2
313,314,4
313,371,1
313,431,3
313,736,1
313,769,1
313,834,1
313,885,1
313,886,1
313,993,1
313,1062,1
313,1114,1
313,1271,1
313,1374,1
313,1449,1
313,1450,1
313,1621,1
314,341,1
314,359,1
314,371,1
314,431,3
314,458,1
314,469,1
314,475,1
314,516,1
314,524,1
314,536,2
314,607,1
314,660,1
314,728,1
314,736,1
314,770,1
314,832,1
314,876,1
314,965,1
314,1076,1
314,1118,1
314,1277,1
314,1342,1
314,1500,1
314,1536,1
315,316,4
315,321,1
315,359,1
315,751,1
315,846,1
315,1004,1
315,1433,1
315,1677,1
316,321,1
316,359,1
316,751,1
316,846,1
316,1004,1
317,351,3
317,386,1
317,387,2
317,456,1
317,476,1
317,530,1
317,534,2
317,580,2
317,588,2
317,648,1
317,678,1
317,796,1
317,873,1
317,874,1
317,908,1
317,1007,1
317,1120,1
317,1128,1
317,1154,1
317,1211,1
317,1336,1
317,1618,1
318,333,1
318,348,1
318,360,1
318,480,2
318,489,1
318,986,1
318,1009,1
318,1177,1
318,1270,1
318,1323,1
318,1334,1
318,1579,1
319,412,1
319,641,1
319,775,1
320,349,3
320,792,1
321,322,3
321,686,2
321,690,1
321,749,1
321,750,1
321,751,1
321,779,1
321,891,1
321,895,1
321,896,1
321,939,1
321,952,1
321,1019,1
321,1078,1
321,1079,1
321,1095,1
321,1105,1
321,1117,1
321,1326,1
321,1340,1
321,1343,1
321,1372,1
321,1401,1
321,1447,1
321,1586,1
321,1682,1
321,1720,1
322,359,1
322,586,2
322,891,1
322,895,1
322,896,1
322,952,1
322,1019,1
322,1340,1
322,1546,1
322,1682,1
323,324,3
323,574,2
324,574,2
325,326,3
325,375,1
325,421,2
325,428,1
325,468,1
325,472,1
325,494,2
325,495,2
325,521,1
325,558,2
325,563,1
325,592,2
325,662,1
325,679,1
325,680,1
325,753,1
325,801,1
325,940,1
325,978,1
325,985,1
325,1036,1
325,1104,1
325,1116,1
325,1375,1
325,1419,1
325,1550,1
326,494,2
326,495,2
326,592,2
326,662,1
326,801,1
326,1104,1
326,1116,1
326,1382,1
326,1737,1
327,403,3
327,1028,1
327,1111,1
327,1665,1
328,451,1
328,539,1
328,733,1
328,1250,1
328,1327,1
328,1539,1
329,330,3
331,382,1
331,466,1
331,794,1
332,333,3
332,372,2
332,663,1
332,980,1
332,1147,1
332,1173,1
332,1479,1
333,450,1
333,482,1
333,603,1
333,663,2
333,698,2
333,911,1
333,980,1
333,1147,1
334,368,1
334,408,1
334,442,1
334,444,1
334,457,1
334,1494,1
334,1705,1
334,1715,1
335,370,3
335,546,2
335,762,2
335,780,1
336,690,1
336,779,1
337,359,2
337,446,1
337,486,1
337,1007,1
337,1234,1
337,1235,1
337,1352,1
337,1387,1
337,1545,1
337,1554,1
338,339,3
338,355,3
338,412,2
338,568,1
338,660,1
338,864,1
338,951,1
338,1029,1
339,355,3
339,412,2
339,872,1
339,1141,1
339,1634,1
340,419,1
340,426,1
340,466,1
340,570,1
340,580,1
340,760,1
340,770,1
340,820,1
340,821,1
340,899,1
340,982,1
340,991,1
340,1310,1
340,1552,1
340,1570,1
341,356,2
341,417,1
341,469,1
341,781,1
341,1023,1
341,1062,1
341,1076,1
341,1220,1
341,1221,1
342,384,3
342,398,3
342,657,2
342,960,1
342,961,1
342,1361,1
342,1604,1
342,1611,1
342,1668,1
344,348,1
344,426,1
344,428,1
344,466,1
344,544,1
344,552,1
344,573,1
344,645,1
344,646,1
344,677,2
344,753,1
344,764,2
344,863,1
344,1020,1
344,1035,1
344,1036,1
344,1299,1
345,346,3
347,409,3
348,403,2
348,480,1
348,682,1
348,746,2
348,851,1
348,1035,1
348,1146,1
348,1177,1
348,1299,1
348,1459,1
348,1589,1
349,401,1
349,402,1
349,417,1
349,792,1
349,1203,1
349,1573,1
350,482,1
350,729,2
351,1120,1
352,384,1
352,418,2
352,456,3
352,527,1
352,535,2
352,594,2
352,622,2
353,815,1
353,867,1
353,999,1
353,1200,1
353,1288,1
353,1609,1
353,1610,1
354,364,3
355,412,2
356,357,1
356,383,1
356,402,1
356,417,1
356,436,1
356,453,1
356,547,2
356,548,1
356,559,1
356,585,1
356,987,1
356,1396,1
356,1412,1
357,358,3
357,547,2
357,548,1
357,559,1
357,567,2
357,568,1
357,584,1
357,607,1
357,685,2
357,785,1
357,863,1
357,922,1
357,931,1
357,944,1
357,945,1
357,1029,1
357,1261,1
357,1412,1
357,1515,1
357,1601,1
358,375,1
358,419,3
358,426,1
358,544,1
358,559,2
358,685,1
358,922,1
358,931,1
358,1022,1
358,1029,1
358,1036,1
358,1061,1
358,1134,1
358,1248,1
358,1261,1
358,1369,1
358,1399,1
358,1419,1
358,1436,1
358,1571,1
358,1591,1
359,524,1
359,586,1
359,616,1
359,728,1
359,730,1
359,748,2
359,751,1
359,846,1
359,1004,1
359,1265,1
359,1651,1
360,791,1
361,362,3
363,703,1
364,451,1
364,503,1
364,624,1
364,772,1
364,1531,1
364,1538,1
365,366,3
365,1093,1
365,1286,1
366,400,1
366,456,1
366,742,1
366,1093,1
366,1286,1
366,1602,1
367,433,3
368,1494,1
369,413,3
369,455,2
370,546,1
370,762,1
371,431,1
371,459,1
371,728,1
371,792,1
371,793,1
371,884,1
371,1027,1
371,1130,1
371,1302,1
373,374,3
375,376,3
375,395,1
375,396,1
375,404,1
375,430,3
375,557,1
375,563,1
375,604,1
375,607,1
375,753,1
375,948,1
375,1022,1
375,1061,1
375,1161,1
375,1162,1
375,1163,1
375,1171,1
375,1229,1
375,1230,1
375,1287,1
375,1375,1
376,430,2
377,516,1
377,573,1
377,590,1
377,591,1
377,706,2
377,769,1
377,864,1
377,1292,1
377,1315,1
379,380,3
379,1158,1
380,500,2
380,501,2
380,1158,1
381,467,2
381,580,1
381,603,1
381,703,1
381,903,1
381,904,1
381,916,1
381,1017,1
381,1258,1
381,1439,1
381,1673,1
381,1685,1
382,1321,1
383,411,2
383,436,1
383,555,1
384,398,3
384,456,1
384,515,1
384,594,1
384,657,1
384,960,1
384,961,1
384,992,1
384,1089,1
384,1090,1
384,1153,1
384,1284,1
384,1285,1
384,1470,1
384,1761,1
385,474,2
385,475,1
385,684,2
386,476,1
386,873,1
386,874,1
386,1544,1
387,588,1
388,660,1
388,781,1
388,931,1
388,968,1
388,1178,1
388,1259,1
388,1279,1
388,1528,1
389,807,1
389,1283,1
390,468,1
390,545,1
390,821,1
390,1012,1
390,1299,1
390,1318,1
391,690,1
391,1269,1
393,1282,1
393,1514,1
395,396,3
395,553,2
395,557,1
395,645,1
395,1033,1
395,1364,1
395,1521,1
395,1556,1
396,419,1
396,516,1
396,531,1
396,553,1
396,633,1
396,1068,1
396,1405,1
396,1519,1
397,416,3
398,657,1
398,960,1
398,961,1
399,401,1
399,402,1
399,417,2
399,429,3
399,563,2
399,970,1
399,1303,1
399,1410,1
400,485,1
401,402,3
401,417,3
401,429,1
401,469,1
401,1203,1
401,1304,1
401,1426,1
401,1430,1
401,1573,1
401,1713,1
402,417,3
402,429,1
402,436,1
402,757,1
402,1203,1
402,1573,1
403,746,2
403,1028,1
403,1111,1
403,1146,1
403,1459,1
403,1665,1
404,430,1
406,691,2
406,1335,1
407,423,1
407,437,1
407,498,2
407,541,1
407,542,1
407,605,1
407,683,1
407,845,1
407,1005,1
407,1021,1
407,1411,1
408,444,1
408,457,1
410,444,3
410,804,1
410,1126,1
410,1317,1
411,555,2
412,419,1
412,458,1
412,459,1
412,528,2
412,531,1
412,588,1
412,670,1
412,795,1
412,974,1
412,1339,1
412,1505,1
413,455,2
413,565,1
413,671,2
413,672,2
413,911,1
414,566,2
414,613,1
414,768,2
415,472,1
415,737,1
415,762,1
415,780,1
415,1532,1
417,429,1
417,970,1
417,1203,1
417,1303,1
417,1573,1
418,456,2
418,535,1
418,622,1
418,670,1
418,842,1
418,870,1
419,426,1
419,559,1
419,646,1
419,998,1
419,1018,1
419,1030,1
419,1036,1
419,1134,1
419,1248,1
419,1385,1
419,1399,1
419,1405,1
419,1436,1
419,1505,1
419,1519,1
419,1571,1
421,472,1
421,521,1
421,558,2
421,679,1
421,680,1
421,709,2
421,1092,1
421,1144,1
421,1204,1
421,1706,1
422,798,1
423,435,1
423,450,1
423,477,2
423,478,2
423,516,1
423,558,1
423,862,1
423,889,1
423,898,1
423,1041,1
423,1042,1
423,1056,1
423,1098,1
423,1111,1
423,1258,1
423,1362,1
423,1523,1
424,428,1
424,518,2
424,701,1
424,734,1
424,1386,1
424,1716,1
425,457,1
425,504,2
426,466,1
426,468,1
426,660,1
426,753,1
426,820,1
426,1174,1
426,1248,1
426,1310,1
426,1399,1
426,1524,1
427,432,3
427,554,2
427,787,1
427,1678,1
428,606,1
428,719,1
428,732,1
428,744,1
428,747,1
428,770,1
428,800,1
428,830,1
428,853,1
428,875,1
428,965,1
428,1036,1
428,1353,1
428,1531,1
429,520,1
429,521,1
429,563,2
429,1410,1
430,1180,1
431,736,1
432,1383,1
432,1678,1
434,516,1
434,567,1
434,570,1
434,571,1
434,645,1
434,646,1
434,821,1
434,1039,1
434,1040,1
434,1277,1
435,446,1
435,504,2
435,662,2
435,1307,1
435,1314,1
436,757,1
436,1144,1
436,1168,1
437,498,1
437,541,1
437,542,1
437,597,2
437,605,1
437,664,2
437,683,1
437,747,2
437,816,1
438,463,2
438,728,1
438,806,1
438,1378,1
439,752,2
440,443,1
440,946,1
440,1082,1
440,1306,1
440,1393,1
441,1460,1
442,455,2
442,482,1
443,673,1
444,457,1
444,601,1
444,755,2
445,1067,1
445,1317,1
445,1606,1
446,707,2
446,765,1
446,1275,1
446,1387,1
446,1569,1
446,1709,1
447,797,1
447,801,1
447,917,1
448,469,2
448,497,1
448,516,1
448,536,1
448,645,1
448,876,1
448,1127,1
449,509,2
449,724,2
449,857,1
449,1566,1
450,855,1
450,1056,1
450,1246,1
450,1423,1
451,1172,1
451,1193,1
451,1250,1
451,1327,1
451,1498,1
451,1623,1
452,453,3
452,705,2
452,850,1
452,1313,1
452,1474,1
453,559,1
453,705,2
453,1313,1
454,573,1
454,800,1
454,884,1
454,1013,1
455,565,1
456,535,1
456,594,1
456,630,1
456,670,1
456,756,1
456,842,1
456,870,1
456,908,1
456,1155,1
456,1274,1
456,1462,1
457,700,1
458,470,1
458,607,1
458,646,1
458,865,1
458,876,1
458,1492,1
458,1592,1
458,1593,1
459,640,1
459,701,1
459,1136,1
459,1302,1
459,1339,1
459,1541,1
459,1753,1
460,461,3
460,479,2
460,506,1
460,579,2
460,606,2
460,646,1
460,731,2
460,734,1
460,812,1
460,824,1
460,1123,1
460,1189,1
461,506,1
461,641,1
461,731,2
461,967,1
462,463,2
462,602,1
463,728,1
463,806,1
463,1378,1
464,510,2
464,717,1
465,466,2
465,552,1
465,589,2
465,1661,1
466,516,1
466,552,1
466,559,1
466,589,2
466,794,2
466,820,1
466,1020,1
466,1293,1
466,1310,1
466,1661,1
467,603,1
467,703,1
467,916,1
468,584,1
468,660,1
468,832,1
468,860,1
468,1036,1
468,1065,1
468,1066,1
468,1113,1
468,1131,1
468,1169,1
468,1174,1
468,1299,1
468,1341,1
468,1565,1
469,536,1
469,876,1
469,1076,1
469,1426,1
469,1713,1
470,567,1
470,568,1
470,607,1
470,646,1
470,865,1
470,876,1
471,497,2
471,1176,1
471,1303,1
471,1647,1
472,521,1
472,558,1
472,679,1
472,680,1
472,728,1
472,737,2
472,771,2
472,857,1
472,858,1
472,1005,1
472,1257,1
472,1319,1
472,1499,1
472,1508,1
472,1646,1
472,1731,1
474,684,2
475,607,1
476,697,2
476,873,1
476,874,1
477,478,2
479,579,2
479,606,2
479,734,1
479,824,1
479,1123,1
479,1189,1
480,720,1
480,777,1
480,1177,1
481,488,1
481,543,2
481,665,1
481,735,1
481,767,2
481,869,1
481,990,1
482,485,1
482,720,1
482,729,1
482,887,1
482,888,1
482,1322,1
482,1683,1
483,484,2
483,647,2
483,845,1
483,1253,1
483,1465,1
483,1770,1
484,647,2
484,845,1
484,1253,1
485,557,1
485,604,1
485,887,1
485,888,1
485,971,1
485,972,1
485,1150,1
485,1151,1
485,1322,1
485,1683,1
486,1007,1
486,1352,1
486,1607,1
487,648,1
487,1047,1
487,1083,1
487,1084,1
487,1522,1
488,665,2
488,1750,1
489,490,2
489,532,2
489,533,2
489,611,1
489,612,1
489,650,2
489,845,1
489,848,1
489,986,1
489,1238,1
489,1239,1
489,1394,1
489,1414,1
490,620,1
490,650,2
490,803,2
491,604,1
492,544,1
492,595,1
492,838,1
492,1399,1
492,1626,1
494,495,2
494,592,2
494,1104,1
494,1116,1
495,592,2
495,1104,1
495,1116,1
495,1658,1
496,500,1
496,545,1
496,573,1
496,616,1
496,617,1
496,627,2
496,633,1
496,634,1
496,692,2
496,883,1
496,1139,1
496,1536,1
496,1734,1
498,541,2
498,542,2
498,605,2
498,683,2
498,1021,1
498,1411,1
499,526,2
499,1408,1
500,501,2
500,545,1
500,633,2
500,634,2
502,928,1
502,1096,1
503,539,1
504,537,2
504,662,2
504,670,2
504,1307,1
504,1314,1
506,731,1
507,508,2
507,803,1
507,1503,1
508,803,1
508,1503,1
509,724,1
510,717,1
512,561,1
512,879,1
512,923,1
513,514,2
513,802,2
514,662,2
514,802,2
515,992,1
515,1295,1
516,531,2
516,559,2
516,567,1
516,633,1
516,660,1
516,769,1
516,812,1
516,864,1
516,1037,1
516,1068,1
516,1198,1
516,1199,1
516,1258,1
516,1277,1
516,1292,1
516,1315,1
516,1332,1
516,1342,1
516,1362,1
518,734,2
518,966,1
519,534,1
519,653,2
519,654,2
519,931,1
519,950,1
520,521,2
520,563,1
520,861,1
520,1320,1
521,558,1
521,563,1
521,679,2
521,680,2
521,861,1
521,1319,1
521,1320,1
523,573,1
523,669,1
523,1226,1
523,1561,1
524,728,1
525,1351,1
526,660,1
526,894,1
526,1158,1
526,1179,1
526,1408,1
527,731,1
528,559,1
528,588,1
528,604,1
528,785,1
528,1227,1
528,1467,1
529,864,1
529,940,1
530,728,1
530,1442,1
531,633,1
531,795,1
531,1068,1
532,533,2
534,580,2
534,931,1
534,950,1
534,1211,1
534,1249,1
534,1741,1
535,622,1
536,876,1
537,670,2
538,661,1
538,1688,1
539,733,2
539,843,1
539,844,1
539,1001,1
539,1539,1
539,1721,1
540,789,2
541,542,2
541,605,2
541,683,2
542,605,2
542,683,2
543,767,2
543,869,1
543,990,1
544,595,1
544,732,1
544,781,1
544,828,1
544,829,1
544,933,1
544,1591,1
545,633,1
545,634,1
545,848,1
545,849,1
545,914,1
545,1197,1
545,1219,1
545,1253,1
545,1268,1
546,762,1
547,548,2
547,738,1
547,987,1
547,1412,1
548,987,1
549,550,2
549,838,1
550,838,1
551,636,2
551,756,2
551,955,1
552,589,1
552,863,1
552,1185,1
553,1364,1
554,1141,1
554,1300,1
554,1582,1
556,642,2
556,692,1
556,797,1
556,1183,1
557,604,2
557,973,1
557,1039,1
557,1645,1
557,1646,1
558,679,1
558,680,1
558,1111,1
559,570,1
559,584,1
559,607,1
559,735,1
559,785,1
559,1036,1
559,1037,1
559,1134,1
559,1227,1
559,1299,1
559,1369,1
559,1419,1
559,1724,1
561,814,1
562,635,2
563,629,1
563,753,1
563,832,1
563,861,1
563,977,1
563,1192,1
563,1237,1
563,1276,1
563,1320,1
563,1375,1
563,1410,1
564,565,2
564,615,2
564,620,2
565,615,2
565,620,2
566,613,1
567,568,2
567,607,1
567,685,1
567,876,1
567,1515,1
568,607,1
568,660,1
568,685,1
568,864,1
568,876,1
568,951,1
568,1029,1
569,628,2
569,1437,1
570,571,2
570,573,1
570,584,2
570,660,1
570,688,2
570,725,2
570,735,1
570,770,1
570,821,1
570,860,1
570,941,1
570,942,1
570,1360,1
570,1758,1
571,660,1
571,860,1
571,941,1
572,581,2
572,585,2
572,1373,1
573,636,1
573,669,2
573,674,2
573,675,2
573,706,1
573,860,1
573,866,1
573,883,1
573,1013,1
573,1239,1
573,1360,1
573,1439,1
573,1681,1
576,577,2
578,695,1
578,696,1
578,704,2
579,606,2
579,734,1
579,824,1
579,880,1
579,1123,1
579,1189,1
579,1207,1
579,1484,1
580,760,1
580,899,1
580,982,1
580,1031,1
580,1154,1
580,1211,1
580,1249,1
580,1430,1
580,1618,1
580,1673,1
580,1679,1
580,1741,1
581,585,2
581,735,2
581,1373,1
582,583,2
582,643,2
582,644,2
583,643,2
583,644,2
584,688,2
584,725,2
584,1131,1
585,1175,1
585,1212,1
585,1213,1
585,1373,1
585,1396,1
585,1595,1
586,786,2
586,1546,1
587,598,1
587,831,1
587,846,1
587,871,1
587,1354,1
589,1661,1
590,591,2
592,1104,1
592,1116,1
593,600,1
593,713,1
593,798,1
593,839,1
593,840,1
593,1476,1
593,1711,1
595,986,1
595,1308,1
596,833,1
596,936,1
596,1131,1
596,1171,1
596,1242,1
597,664,2
597,747,2
597,816,1
598,1325,1
598,1586,1
600,713,2
600,798,2
600,839,1
600,840,1
600,1208,1
600,1358,1
600,1446,1
600,1476,1
600,1543,1
601,856,1
601,1468,1
602,1030,1
603,698,1
603,916,1
604,785,1
604,1467,1
605,683,2
606,734,1
606,744,2
606,763,2
606,824,1
606,1123,1
606,1135,1
606,1189,1
606,1415,1
607,713,2
607,770,1
607,832,1
607,863,1
607,876,1
607,948,1
607,951,1
607,1012,1
607,1029,1
607,1032,1
607,1065,1
607,1100,1
607,1101,1
607,1138,1
607,1163,1
607,1175,1
607,1230,1
607,1315,1
607,1338,1
607,1376,1
607,1377,1
607,1461,1
607,1464,1
607,1492,1
608,877,1
608,878,1
608,937,1
608,958,1
609,610,2
609,684,2
609,905,1
610,684,2
610,905,1
611,612,2
611,890,1
612,682,1
612,890,1
612,1240,1
612,1345,1
612,1427,1
612,1578,1
613,1181,1
614,1454,1
615,620,2
616,617,2
616,748,1
618,619,2
618,757,2
618,897,1
619,757,2
619,897,1
620,803,1
620,987,1
620,1012,1
623,624,2
623,731,2
623,772,1
623,969,1
623,1103,1
623,1355,1
623,1424,1
624,731,1
624,772,2
624,1103,1
624,1355,1
624,1424,1
626,806,1
626,1477,1
626,1597,1
627,1139,1
627,1734,1
628,1437,1
629,977,1
629,1237,1
630,1155,1
631,632,2
631,1008,1
633,634,2
633,1068,1
633,1294,1
634,1174,1
635,838,1
636,756,2
636,955,1
636,1239,1
637,694,1
637,728,1
638,639,2
640,656,2
640,1454,1
640,1507,1
640,1753,1
640,1772,1
641,775,1
642,797,1
643,644,2
644,709,1
644,745,1
645,646,2
645,1131,1
645,1521,1
645,1719,1
646,812,1
646,865,1
646,1030,1
646,1191,1
647,845,1
647,1253,1
648,796,2
648,1610,1
649,710,2
651,765,1
653,654,2
656,1454,1
656,1507,1
656,1772,1
657,960,1
657,961,1
657,1361,1
658,659,2
658,821,1
658,1069,1
658,1707,1
659,821,1
659,1069,1
659,1707,1
660,781,1
660,860,1
660,864,1
660,931,1
660,941,1
660,951,1
660,1029,1
660,1158,1
660,1174,1
660,1259,1
660,1277,1
660,1342,1
660,1528,1
661,1207,1
662,801,1
662,1307,1
662,1314,1
664,747,2
664,816,1
664,1540,1
664,1680,1
667,703,1
670,842,1
670,870,1
670,974,1
670,1232,1
670,1367,1
670,1577,1
670,1673,1
670,1703,1
671,672,2
671,900,1
671,911,1
672,911,1
674,675,2
674,860,1
674,866,1
674,1725,1
674,1726,1
675,860,1
675,866,1
677,764,2
678,696,1
678,1007,1
678,1128,1
679,680,2
679,1319,1
680,1319,1
681,682,2
681,702,2
681,1196,1
681,1456,1
681,1580,1
682,702,1
682,1196,1
682,1580,1
682,1589,1
683,1067,1
683,1106,1
683,1671,1
683,1672,1
684,905,1
685,922,1
685,931,1
686,687,2
686,690,1
686,749,2
686,779,1
686,939,1
686,1055,1
686,1078,1
686,1079,1
686,1105,1
686,1326,1
686,1343,1
686,1575,1
687,1055,1
687,1575,1
688,725,2
690,749,1
690,1095,1
691,912,1
692,880,1
692,1518,1
692,1536,1
693,1202,1
694,728,2
694,1732,1
695,696,2
695,704,1
696,704,1
698,1560,1
698,1617,1
699,703,1
702,1196,1
702,1456,1
709,745,2
709,1033,1
709,1034,1
709,1218,1
709,1232,1
709,1233,1
709,1491,1
709,1598,1
709,1666,1
709,1706,1
711,712,2
713,741,1
713,798,1
713,832,1
713,839,1
713,840,1
713,1032,1
713,1100,1
713,1138,1
713,1175,1
713,1208,1
713,1476,1
713,1543,1
715,716,2
715,808,2
716,808,2
718,719,2
718,800,1
718,1170,1
718,1430,1
719,747,1
719,800,2
719,875,1
719,1170,1
719,1430,1
719,1531,1
721,722,2
721,815,1
721,1650,1
722,815,1
722,1650,1
726,727,2
726,1535,1
727,809,1
727,1535,1
728,1378,1
728,1732,1
730,864,1
730,1005,1
730,1006,1
730,1115,1
730,1170,1
730,1686,1
730,1752,1
731,969,1
731,1103,1
731,1355,1
732,830,1
732,853,1
732,864,1
732,933,1
732,949,1
732,1070,1
732,1075,1
732,1127,1
732,1353,1
732,1363,1
733,843,1
733,844,1
733,1258,1
733,1539,1
734,824,1
734,966,1
734,1625,1
735,1260,1
735,1714,1
737,771,1
738,739,2
738,1000,1
738,1348,1
738,1513,1
739,1000,1
739,1048,1
739,1329,1
739,1348,1
739,1513,1
740,1264,1
742,964,1
742,1449,1
742,1632,1
744,763,1
744,1415,1
745,1218,1
746,1146,1
746,1459,1
747,800,1
747,816,1
747,875,1
747,1531,1
749,779,1
749,939,1
749,1105,1
749,1326,1
749,1343,1
750,751,2
750,1372,1
750,1447,1
751,846,1
751,1004,1
751,1372,1
751,1447,1
753,812,1
753,973,1
753,984,1
753,985,1
753,1121,1
753,1375,1
753,1485,1
756,955,1
757,897,1
758,1190,1
758,1337,1
760,899,1
760,936,1
760,982,1
760,1029,1
760,1224,1
760,1676,1
762,847,1
763,1135,1
763,1415,1
766,1458,1
766,1466,1
767,869,1
767,990,1
769,781,1
769,834,1
769,864,1
769,885,1
769,886,1
769,993,1
769,1114,1
769,1271,1
769,1292,1
769,1315,1
769,1374,1
769,1457,1
770,821,1
770,893,1
770,947,1
770,951,1
770,965,1
770,1026,1
770,1182,1
770,1187,1
770,1389,1
770,1530,1
770,1762,1
771,1257,1
772,1424,1
775,934,1
776,805,2
776,1527,1
776,1690,1
779,939,1
779,1079,1
779,1105,1
779,1326,1
779,1343,1
780,1301,1
780,1532,1
781,828,1
781,829,1
781,931,1
781,1023,1
781,1062,1
781,1201,1
781,1259,1
781,1528,1
781,1611,1
782,783,2
784,838,1
784,1002,1
784,1140,1
785,1467,1
785,1724,1
788,1445,1
790,791,1
790,1410,1
792,793,2
792,884,1
792,1027,1
793,884,1
793,1027,1
794,1293,1
796,1610,1
798,839,1
798,840,1
798,847,1
798,1476,1
798,1526,1
800,875,1
800,1531,1
800,1748,1
801,917,1
804,1126,1
805,1527,1
805,1690,1
806,1477,1
807,902,1
807,1210,1
807,1614,1
811,902,1
811,1421,1
811,1553,1
811,1655,1
812,973,1
812,1179,1
812,1184,1
812,1332,1
815,867,1
815,999,1
815,1160,1
815,1200,1
815,1418,1
816,1144,1
816,1660,1
820,1310,1
821,1069,1
821,1518,1
821,1707,1
822,1435,1
826,827,1
828,829,1
830,853,1
830,1353,1
832,965,1
832,1032,1
832,1063,1
832,1094,1
832,1138,1
832,1165,1
832,1192,1
832,1276,1
832,1368,1
832,1500,1
834,885,1
834,886,1
834,993,1
834,1114,1
834,1271,1
834,1374,1
835,836,1
837,1520,1
838,1002,1
838,1399,1
839,840,1
839,1476,1
840,1476,1
842,870,1
843,844,1
843,1008,1
844,875,1
844,924,1
844,1014,1
844,1278,1
844,1309,1
844,1328,1
844,1396,1
844,1590,1
845,1005,1
845,1238,1
845,1239,1
845,1253,1
846,871,1
846,1004,1
846,1354,1
847,1526,1
848,849,1
848,1219,1
848,1253,1
848,1394,1
848,1414,1
849,1219,1
849,1253,1
850,1474,1
852,1359,1
852,1407,1
852,1525,1
852,1581,1
853,1353,1
856,1468,1
857,858,1
857,1499,1
857,1508,1
857,1566,1
858,1499,1
858,1508,1
860,941,1
860,1169,1
860,1341,1
860,1565,1
861,1320,1
862,889,1
862,898,1
862,1041,1
862,1042,1
862,1098,1
862,1523,1
863,1010,1
863,1694,1
864,949,1
864,951,1
864,1029,1
864,1070,1
864,1075,1
864,1127,1
864,1186,1
864,1191,1
864,1292,1
864,1315,1
864,1363,1
864,1391,1
864,1392,1
867,999,1
867,1200,1
871,1354,1
873,874,1
875,924,1
875,1014,1
875,1309,1
875,1328,1
875,1531,1
877,878,1
877,937,1
877,958,1
878,937,1
878,958,1
879,923,1
880,1484,1
880,1518,1
881,882,1
881,1429,1
882,1429,1
884,1027,1
885,886,1
885,993,1
885,1114,1
885,1271,1
885,1374,1
886,993,1
886,1114,1
886,1271,1
886,1374,1
887,888,1
887,1322,1
887,1572,1
887,1683,1
888,1322,1
888,1683,1
889,898,1
889,1041,1
889,1042,1
889,1098,1
889,1523,1
893,1182,1
894,1179,1
895,896,1
895,952,1
895,1019,1
895,1340,1
895,1682,1
896,952,1
896,1019,1
896,1340,1
896,1682,1
898,1041,1
898,1042,1
898,1098,1
898,1523,1
899,982,1
903,904,1
903,1017,1
904,1017,1
906,907,1
906,932,1
906,1039,1
908,974,1
909,936,1
909,1044,1
909,1231,1
909,1390,1
909,1434,1
913,1161,1
913,1245,1
913,1413,1
914,1197,1
914,1268,1
920,921,1
922,931,1
924,1014,1
924,1309,1
924,1328,1
925,1370,1
926,927,1
926,975,1
926,976,1
927,975,1
927,976,1
928,1096,1
929,930,1
929,934,1
929,940,1
930,940,1
930,977,1
930,1448,1
931,950,1
931,994,1
931,1112,1
931,1119,1
931,1259,1
931,1528,1
931,1568,1
932,1036,1
932,1039,1
932,1097,1
933,1674,1
935,936,1
935,1063,1
935,1615,1
935,1643,1
936,1029,1
936,1044,1
936,1063,1
936,1131,1
936,1171,1
936,1224,1
936,1231,1
936,1390,1
936,1434,1
936,1615,1
937,958,1
938,939,1
938,1718,1
939,1105,1
939,1326,1
939,1343,1
939,1718,1
940,1419,1
942,1758,1
944,945,1
944,1601,1
945,1601,1
946,1082,1
946,1393,1
947,1389,1
948,1163,1
949,1070,1
949,1075,1
949,1127,1
949,1363,1
951,1029,1
952,1019,1
952,1340,1
952,1682,1
953,954,1
953,1296,1
954,1296,1
956,957,1
956,1654,1
957,1654,1
960,961,1
962,963,1
962,1143,1
963,1143,1
964,1449,1
964,1632,1
965,1500,1
968,1409,1
968,1438,1
968,1767,1
970,1303,1
971,972,1
973,1039,1
975,976,1
977,1237,1
977,1448,1
979,1038,1
979,1223,1
979,1691,1
980,1147,1
983,1605,1
984,985,1
984,1121,1
984,1485,1
984,1626,1
984,1627,1
985,1121,1
985,1485,1
985,1550,1
986,1308,1
987,1012,1
987,1192,1
987,1644,1
987,1744,1
992,1228,1
992,1422,1
993,1114,1
993,1271,1
993,1374,1
994,1112,1
994,1119,1
994,1568,1
995,1216,1
995,1217,1
995,1511,1
996,1331,1
997,1728,1
999,1200,1
1000,1348,1
1000,1513,1
1004,1624,1
1005,1006,1
1005,1115,1
1005,1646,1
1005,1731,1
1006,1115,1
1007,1128,1
1007,1352,1
1010,1011,1
1010,1657,1
1010,1694,1
1011,1166,1
1011,1167,1
1011,1283,1
1011,1297,1
1011,1516,1
1011,1657,1
1012,1029,1
1012,1065,1
1014,1309,1
1014,1328,1
1015,1016,1
1015,1542,1
1015,1736,1
1016,1542,1
1018,1385,1
1019,1340,1
1019,1682,1
1021,1411,1
1022,1061,1
1023,1062,1
1024,1025,1
1026,1187,1
1026,1530,1
1026,1762,1
1027,1064,1
1027,1630,1
1028,1111,1
1029,1065,1
1029,1224,1
1029,1261,1
1029,1528,1
1029,1559,1
1029,1594,1
1029,1613,1
1029,1653,1
1029,1689,1
1032,1138,1
1033,1034,1
1033,1598,1
1034,1598,1
1035,1299,1
1036,1097,1
1036,1134,1
1038,1223,1
1038,1691,1
1039,1040,1
1041,1042,1
1041,1098,1
1041,1523,1
1042,1098,1
1042,1523,1
1044,1231,1
1044,1390,1
1044,1434,1
1045,1046,1
1047,1083,1
1047,1084,1
1047,1110,1
1047,1133,1
1047,1522,1
1048,1329,1
1048,1379,1
1048,1380,1
1049,1050,1
1049,1504,1
1050,1504,1
1052,1053,1
1052,1102,1
1054,1639,1
1055,1575,1
1057,1058,1
1057,1663,1
1058,1663,1
1059,1060,1
1063,1615,1
1065,1066,1
1065,1113,1
1066,1113,1
1067,1106,1
1069,1707,1
1070,1075,1
1070,1127,1
1070,1363,1
1072,1073,1
1075,1127,1
1075,1363,1
1077,1188,1
1078,1079,1
1079,1447,1
1079,1497,1
1079,1575,1
1079,1702,1
1081,1455,1
1082,1393,1
1083,1084,1
1083,1522,1
1084,1522,1
1085,1086,1
1085,1675,1
1086,1675,1
1087,1241,1
1088,1165,1
1088,1201,1
1088,1493,1
1088,1509,1
1089,1090,1
1089,1153,1
1090,1153,1
1092,1144,1
1092,1204,1
1094,1142,1
1094,1300,1
1094,1368,1
1095,1326,1
1095,1546,1
1098,1523,1
1099,1107,1
1100,1175,1
1101,1464,1
1103,1355,1
1105,1326,1
1105,1343,1
1108,1109,1
1108,1498,1
1109,1498,1
1110,1133,1
1112,1119,1
1112,1568,1
1114,1271,1
1114,1374,1
1117,1720,1
1119,1568,1
1121,1485,1
1122,1740,1
1123,1189,1
1124,1125,1
1127,1363,1
1131,1171,1
1131,1719,1
1132,1223,1
1137,1333,1
1137,1652,1
1137,1717,1
1141,1300,1
1141,1582,1
1141,1634,1
1143,1144,1
1143,1384,1
1143,1451,1
1143,1587,1
1144,1168,1
1144,1204,1
1144,1384,1
1144,1451,1
1144,1587,1
1144,1660,1
1145,1608,1
1148,1149,1
1148,1768,1
1149,1768,1
1150,1151,1
1150,1596,1
1154,1618,1
1156,1157,1
1156,1316,1
1157,1316,1
1160,1418,1
1161,1162,1
1161,1245,1
1161,1413,1
1166,1167,1
1166,1283,1
1166,1297,1
1166,1516,1
1167,1283,1
1167,1297,1
1167,1516,1
1169,1341,1
1169,1565,1
1170,1430,1
1170,1686,1
1171,1229,1
1171,1230,1
1171,1287,1
1175,1595,1
1176,1303,1
1176,1647,1
1178,1279,1
1179,1184,1
1186,1191,1
1186,1391,1
1186,1392,1
1187,1530,1
1187,1762,1
1191,1391,1
1191,1392,1
1192,1276,1
1192,1644,1
1192,1744,1
1193,1498,1
1194,1416,1
1197,1268,1
1198,1199,1
1200,1244,1
1201,1493,1
1201,1509,1
1201,1611,1
1203,1573,1
1205,1206,1
1208,1543,1
1210,1614,1
1212,1213,1
1214,1449,1
1216,1217,1
1216,1511,1
1217,1511,1
1219,1253,1
1220,1221,1
1223,1691,1
1228,1422,1
1229,1230,1
1229,1287,1
1230,1287,1
1231,1390,1
1231,1434,1
1232,1233,1
1232,1367,1
1232,1491,1
1232,1666,1
1233,1491,1
1233,1666,1
1234,1235,1
1234,1554,1
1235,1554,1
1236,1266,1
1236,1267,1
1238,1239,1
1240,1578,1
1241,1305,1
1245,1413,1
1246,1423,1
1248,1399,1
1249,1741,1
1250,1327,1
1251,1252,1
1251,1704,1
1252,1704,1
1254,1255,1
1254,1420,1
1254,1493,1
1258,1362,1
1259,1528,1
1260,1714,1
1262,1263,1
1262,1636,1
1263,1636,1
1265,1354,1
1265,1651,1
1266,1267,1
1270,1323,1
1271,1374,1
1272,1273,1
1272,1347,1
1273,1347,1
1277,1342,1
1279,1280,1
1279,1700,1
1280,1700,1
1281,1371,1
1282,1514,1
1283,1297,1
1283,1516,1
1284,1285,1
1284,1470,1
1285,1470,1
1288,1289,1
1288,1650,1
1289,1650,1
1291,1315,1
1292,1315,1
1293,1574,1
1297,1516,1
1298,1572,1
1300,1582,1
1303,1647,1
1304,1430,1
1307,1314,1
1309,1328,1
1311,1312,1
1311,1510,1
1311,1628,1
1312,1510,1
1312,1628,1
1321,1756,1
1322,1683,1
1325,1586,1
1326,1343,1
1326,1546,1
1330,1659,1
1334,1579,1
1337,1764,1
1338,1461,1
1340,1682,1
1341,1565,1
1344,1495,1
1345,1427,1
1348,1402,1
1348,1475,1
1348,1513,1
1349,1350,1
1354,1401,1
1354,1551,1
1355,1356,1
1355,1669,1
1356,1669,1
1359,1407,1
1359,1525,1
1359,1581,1
1365,1366,1
1369,1419,1
1372,1447,1
1376,1377,1
1379,1380,1
1382,1737,1
1384,1451,1
1384,1587,1
1386,1716,1
1390,1434,1
1391,1392,1
1394,1414,1
1396,1590,1
1397,1398,1
1397,1428,1
1397,1463,1
1398,1428,1
1398,1463,1
1401,1551,1
1401,1586,1
1402,1475,1
1403,1404,1
1403,1760,1
1404,1760,1
1405,1519,1
1407,1525,1
1407,1581,1
1409,1438,1
1420,1493,1
1426,1713,1
1428,1463,1
1430,1679,1
1432,1619,1
1433,1677,1
1436,1571,1
1439,1685,1
1440,1441,1
1443,1444,1
1447,1497,1
1447,1575,1
1447,1702,1
1449,1450,1
1449,1632,1
1451,1587,1
1454,1507,1
1458,1466,1
1465,1770,1
1480,1481,1
1480,1749,1
1481,1749,1
1488,1730,1
1489,1490,1
1489,1537,1
1490,1537,1
1491,1666,1
1493,1509,1
1496,1699,1
1497,1575,1
1497,1702,1
1499,1508,1
1501,1502,1
1501,1549,1
1502,1549,1
1506,1603,1
1510,1628,1
1512,1542,1
1517,1742,1
1525,1581,1
1528,1594,1
1530,1762,1
1531,1538,1
1533,1534,1
1533,1640,1
1533,1656,1
1534,1640,1
1538,1539,1
1538,1765,1
1539,1765,1
1553,1655,1
1557,1558,1
1557,1667,1
1558,1667,1
1559,1613,1
1560,1617,1
1563,1564,1
1563,1664,1
1564,1664,1
1575,1702,1
1577,1673,1
1577,1703,1
1583,1751,1
1584,1612,1
1592,1593,1
1599,1600,1
1604,1611,1
1609,1610,1
1614,1638,1
1626,1627,1
1637,1754,1
1641,1642,1
1644,1744,1
1646,1731,1
1648,1649,1
1652,1717,1
1653,1689,1
1671,1672,1
1673,1703,1
1695,1696,1
1695,1712,1
1696,1712,1
1697,1698,1
1725,1726,1
1745,1746,1
1745,1747,1
1746,1747,1
1763,1769,1
