# index, name, _pos
0,NGR_c00010,"array([ 2.08163295, -0.54507593])"
1,NGR_c19160,"array([ 1.76578511, -0.39795464])"
2,NGR_c00100,"array([ 4.78967368, -0.13637231])"
3,NGR_c26850,"array([ 4.7176283 , -0.47886161])"
4,NGR_c11120,"array([ 4.5467463 , -0.25921627])"
5,NGR_c21340,"array([ 4.4633464 , -0.49195054])"
6,NGR_c00830,"array([ 4.93255214, -0.43494918])"
7,NGR_c10180,"array([ 0.15154712, 20.70243676])"
8,NGR_c05250,"array([ 0.45513693, 20.90567577])"
9,NGR_c10190,"array([-2.50451376,  9.37098296])"
10,NGR_c00740,"array([-2.14942443,  9.73556549])"
11,NGR_c01510,"array([-1.84605404,  8.9816514 ])"
12,NGR_c10200,"array([-2.69692475,  9.8737997 ])"
13,NGR_c25370,"array([-2.82951699,  9.64883513])"
14,NGR_c29260,"array([-1.95131993,  9.61784883])"
15,NGR_c10250,"array([-0.313278  ,  6.82841503])"
16,NGR_c21590,"array([-0.28915349,  7.35855716])"
17,NGR_c01670,"array([-0.12390192,  7.41067608])"
18,NGR_c01690,"array([-0.32780597,  6.56863346])"
19,NGR_c21580,"array([-0.01512255,  7.09222067])"
20,NGR_c10910,"array([-0.51696097,  6.68531061])"
21,NGR_c26080,"array([-0.1537152 ,  7.06893257])"
22,NGR_c04900,"array([-0.4874224 ,  6.53470507])"
23,NGR_c10280,"array([-0.15140679, 10.96540723])"
24,NGR_c01560,"array([-0.29070187, 10.94173841])"
25,NGR_c13070,"array([-0.54386338, 11.71769214])"
26,NGR_c28640,"array([ 0.17800891, 10.05042378])"
27,NGR_c33880,"array([-5.73592531e-03,  1.10306074e+01])"
28,NGR_c14880,"array([0.12432466, 9.96961706])"
29,NGR_c05340,"array([ 0.02485208, 10.53676972])"
30,NGR_c18460,"array([ 0.14830147, 10.62239008])"
31,NGR_c13180,"array([-0.32603638, 10.54806214])"
32,NGR_c36850,"array([-0.39053812, 10.67842532])"
33,NGR_c18290,"array([ 0.22834698, 10.72897025])"
34,NGR_c14020,"array([-0.29302646, 10.77979254])"
35,NGR_c14980,"array([-0.47362101, 10.74791914])"
36,NGR_c30540,"array([ 0.2837594 , 10.65036193])"
37,NGR_c10330,"array([-4.35651297, 11.53873061])"
38,NGR_c13620,"array([-3.64399552, 11.2940106 ])"
39,NGR_c10410,"array([11.99479882,  6.92350421])"
40,NGR_c02570,"array([12.45374515,  7.26746811])"
41,NGR_c02560,"array([12.60933225,  7.22240329])"
42,NGR_c30840,"array([12.19120983,  7.17778098])"
43,NGR_c02550,"array([12.30292011,  7.21116114])"
44,NGR_c35180,"array([12.3256515,  7.3402553])"
45,NGR_c27590,"array([11.94711882,  7.08582089])"
46,NGR_c20840,"array([12.10658085,  7.08674912])"
47,NGR_c35170,"array([12.46852242,  7.12347155])"
48,NGR_c35160,"array([12.22289926,  6.99937937])"
49,NGR_c02530,"array([11.97577627,  7.23234828])"
50,NGR_c02590,"array([11.96104202,  7.39414117])"
51,NGR_c02540,"array([12.33372169,  7.0768613 ])"
52,NGR_c02580,"array([12.08543595,  7.30145002])"
53,NGR_c01040,"array([3.04690534, 9.49775437])"
54,NGR_c17110,"array([2.83892947, 9.22894148])"
55,NGR_c11840,"array([2.76018844, 9.37462983])"
56,NGR_c09130,"array([2.63694819, 9.77707021])"
57,NGR_c14580,"array([2.95222853, 9.24314562])"
58,NGR_c28350,"array([1.91094496, 9.12092351])"
59,NGR_c12570,"array([2.71345912, 9.65080986])"
60,NGR_c11830,"array([2.67397669, 9.50143824])"
61,NGR_c13030,"array([2.32874031, 9.92429877])"
62,NGR_c12140,"array([2.52573633, 9.46282482])"
63,NGR_c05210,"array([3.14610989, 9.23372229])"
64,NGR_c10480,"array([9.31181416, 0.85909236])"
65,NGR_c22120,"array([9.20414244, 0.52236568])"
66,NGR_c10490,"array([-3.00451773,  7.86594464])"
67,NGR_c22110,"array([-3.13820316,  8.18740123])"
68,NGR_c16730,"array([-3.30411991,  7.9118466 ])"
69,NGR_c01910,"array([-2.48114157,  8.22564125])"
70,NGR_c05240,"array([-2.20964822,  8.30783503])"
71,NGR_c01900,"array([-2.51158144,  8.31622254])"
72,NGR_c10500,"array([-3.37580582,  6.74355119])"
73,NGR_c22100,"array([-2.91340199,  7.5630822 ])"
74,NGR_c10510,"array([-3.3301246 ,  8.47693856])"
75,NGR_c22090,"array([-4.24581721,  8.63024495])"
76,NGR_c10530,"array([-2.58819155,  8.02930895])"
77,NGR_c10550,"array([-2.73637358,  8.10426789])"
78,NGR_c22080,"array([-2.8474862 ,  8.35101811])"
79,NGR_c10540,"array([-3.93227219,  8.60017891])"
80,NGR_c22070,"array([-3.16693917,  8.43701026])"
81,NGR_c10560,"array([-2.70090235,  7.4931149 ])"
82,NGR_c22060,"array([-3.05614933,  6.77146753])"
83,NGR_c10570,"array([-2.88172883,  8.18077312])"
84,NGR_c22030,"array([-2.62551442,  7.85549334])"
85,NGR_c10580,"array([-3.15606316,  8.65933493])"
86,NGR_c22040,"array([-3.90581301,  8.95719118])"
87,NGR_c10590,"array([-2.40440656,  8.02303005])"
88,NGR_c22190,"array([-2.57113873,  8.50241596])"
89,NGR_c10600,"array([-3.02067226,  8.29250079])"
90,NGR_c22180,"array([-2.80881498,  7.92824196])"
91,NGR_c10610,"array([-3.10623665,  8.01379257])"
92,NGR_c10620,"array([-2.48759208,  7.64631672])"
93,NGR_c22140,"array([-2.41135909,  7.81198542])"
94,NGR_c10630,"array([-3.08793705,  7.67502282])"
95,NGR_c22130,"array([-3.54301673,  6.95728568])"
96,NGR_c10640,"array([-7.30962498,  0.73631527])"
97,NGR_c25140,"array([-7.20397813,  1.11189947])"
98,NGR_c10660,"array([1.03546991, 7.59495418])"
99,NGR_c27100,"array([0.6709995 , 8.24864028])"
100,NGR_c25610,"array([0.68815311, 7.91691066])"
101,NGR_c10690,"array([8.27185088, 1.38364992])"
102,NGR_c10700,"array([8.44644255, 1.67659662])"
103,NGR_c10730,"array([2.84384426, 9.51105225])"
104,NGR_c01580,"array([2.95950513, 9.88864019])"
105,NGR_c16060,"array([2.94732283, 9.41362708])"
106,NGR_c33540,"array([2.56595236, 9.63908669])"
107,NGR_c13640,"array([2.51805492, 9.8725181 ])"
108,NGR_c35150,"array([2.63409543, 9.38581742])"
109,NGR_c36750,"array([2.86139857, 9.64315957])"
110,NGR_c33410,"array([2.99022214, 9.68752328])"
111,NGR_c35580,"array([2.42668349, 9.65259219])"
112,NGR_c09050,"array([2.81445258, 9.79319458])"
113,NGR_c10790,"array([11.93147606, 11.20093433])"
114,NGR_c07870,"array([11.63123598, 11.11942862])"
115,NGR_c07610,"array([12.27639129, 11.05051045])"
116,NGR_c17310,"array([11.66223165, 10.83975395])"
117,NGR_c10800,"array([11.96828861, 10.8270104 ])"
118,NGR_c10880,"array([-3.88354725,  9.96817959])"
119,NGR_c32130,"array([-4.02812392,  9.83581807])"
120,NGR_c23840,"array([-4.36543462,  9.84428561])"
121,NGR_c01220,"array([-3.49238416, 10.39846372])"
122,NGR_c30940,"array([-3.78818543,  9.47714375])"
123,NGR_c00400,"array([-3.54475172, 10.11716188])"
124,NGR_c09710,"array([-4.04343525, 10.11180726])"
125,NGR_c27040,"array([-3.52925099,  9.95022971])"
126,NGR_c10890,"array([ 1.45248202, 10.32876988])"
127,NGR_c10900,"array([0.55908957, 9.94690551])"
128,NGR_c01810,"array([2.15122868, 9.88546673])"
129,NGR_c01140,"array([ 1.48868116, 10.13480726])"
130,NGR_c22740,"array([0.35540928, 8.94334983])"
131,NGR_c34380,"array([-0.2508589 ,  9.87128466])"
132,NGR_c15750,"array([0.50289888, 9.08063496])"
133,NGR_c32960,"array([-0.218289  ,  9.94432663])"
134,NGR_c21810,"array([0.23576853, 9.6977761 ])"
135,NGR_c01520,"array([-0.33121124,  9.60193736])"
136,NGR_c19850,"array([ 0.39435203, 10.18418623])"
137,NGR_c32540,"array([0.0949609 , 9.81312984])"
138,NGR_c27680,"array([ 1.03328433, 10.26137956])"
139,NGR_c26590,"array([ 0.0607373 , 10.23394341])"
140,NGR_c22760,"array([-0.15503918,  9.8894741 ])"
141,NGR_c08500,"array([0.38185556, 9.74261096])"
142,NGR_c26090,"array([-0.36547054,  6.19376136])"
143,NGR_c26130,"array([-0.51293776,  7.51930531])"
144,NGR_c33030,"array([-0.48167902,  6.9024146 ])"
145,NGR_c01180,"array([-0.60467785,  6.20403779])"
146,NGR_c06060,"array([-0.71532948,  6.58229078])"
147,NGR_c21600,"array([-0.46070527,  6.34319273])"
148,NGR_c04910,"array([-0.13016207,  6.823354  ])"
149,NGR_c09100,"array([-0.21105348,  6.3609427 ])"
150,NGR_c37150,"array([-0.13125304,  6.66974966])"
151,NGR_c05030,"array([-0.71586957,  6.37338367])"
152,NGR_c10950,"array([ 7.0660491 , 11.88706461])"
153,NGR_c10960,"array([ 6.85453295, 12.27989864])"
154,NGR_c31970,"array([ 6.48663017, 11.90314436])"
155,NGR_c11000,"array([ 6.83928291, 12.00258046])"
156,NGR_c35370,"array([ 7.10237346, 12.16746906])"
157,NGR_c11040,"array([-2.666784  ,  7.69186318])"
158,NGR_c11070,"array([-0.06689657,  7.79898386])"
159,NGR_c27260,"array([-7.64612851e-03,  7.88897243e+00])"
160,NGR_c01680,"array([0.17461247, 7.84779607])"
161,NGR_c05020,"array([0.09057769, 7.74419553])"
162,NGR_c12850,"array([0.20875663, 8.2451195 ])"
163,NGR_c13470,"array([-8.30717083e-03,  8.65361848e+00])"
164,NGR_c33330,"array([0.09395023, 8.15156745])"
165,NGR_c03390,"array([-0.05046255,  8.0519361 ])"
166,NGR_c31280,"array([-0.17444369,  8.29840247])"
167,NGR_c23460,"array([0.62120348, 8.56369426])"
168,NGR_c08670,"array([0.55169083, 8.62944046])"
169,NGR_c31290,"array([-0.17876434,  8.41871573])"
170,NGR_c29930,"array([0.22055309, 7.73754925])"
171,NGR_c26750,"array([7.84914502e-04, 8.21054291e+00])"
172,NGR_c34110,"array([0.16119646, 8.58103462])"
173,NGR_c11080,"array([-0.13592708,  7.94337918])"
174,NGR_c09720,"array([-0.75838725,  7.32185707])"
175,NGR_c32720,"array([0.28686832, 7.8418872 ])"
176,NGR_c08900,"array([-0.58509239,  7.12353365])"
177,NGR_c33800,"array([0.07854001, 7.96262869])"
178,NGR_c25100,"array([-0.64900965,  7.2711006 ])"
179,NGR_c01100,"array([ 3.42075189, -1.49361123])"
180,NGR_c01110,"array([ 3.15101962, -1.71419072])"
181,NGR_c01120,"array([ 3.09601159, -1.3712757 ])"
182,NGR_c11090,"array([ 4.28225485, 11.03087038])"
183,NGR_c27220,"array([3.8084423 , 9.74565794])"
184,NGR_c33520,"array([ 4.12315928, 12.16560396])"
185,NGR_c11110,"array([ 0.31986171, 10.01479072])"
186,NGR_c31300,"array([-0.01527699,  9.29333648])"
187,NGR_c25880,"array([-0.08278015,  9.42579529])"
188,NGR_c20350,"array([-0.21756685,  9.43518652])"
189,NGR_c09410,"array([ 4.65674627, -0.73936297])"
190,NGR_c11150,"array([6.21562154, 8.00402519])"
191,NGR_c07700,"array([6.54786622, 7.91463635])"
192,NGR_c16080,"array([6.31440061, 8.21134734])"
193,NGR_c21070,"array([5.773568  , 8.14389172])"
194,NGR_c35080,"array([6.33725297, 7.8039443 ])"
195,NGR_c05120,"array([6.60064983, 8.11382758])"
196,NGR_c11180,"array([ 4.13716609, 10.16594193])"
197,NGR_c29100,"array([ 4.18944176, 10.53677312])"
198,NGR_c29120,"array([ 4.29013796, 10.30012258])"
199,NGR_c06630,"array([ 4.37434322, 10.49469501])"
200,NGR_c31730,"array([ 3.62529148, 10.24446383])"
201,NGR_c35560,"array([ 3.63888846, 10.11378521])"
202,NGR_c13940,"array([ 4.43915395, 10.15314388])"
203,NGR_c16950,"array([ 4.2848016 , 10.06040792])"
204,NGR_c06640,"array([ 4.11002661, 10.36731821])"
205,NGR_c29110,"array([ 4.47149296, 10.33848177])"
206,NGR_c11280,"array([ 6.84138195, 19.73153576])"
207,NGR_c05350,"array([ 7.07084695, 19.45895566])"
208,NGR_c01150,"array([3.19979705, 9.80935987])"
209,NGR_c36700,"array([ 2.94222686, 10.24481077])"
210,NGR_c22970,"array([2.7016923 , 8.78773369])"
211,NGR_c11600,"array([-5.35615239, -1.96631974])"
212,NGR_c27850,"array([-5.08177775, -2.18749317])"
213,NGR_c11680,"array([-4.8746857 , 11.32367012])"
214,NGR_c08270,"array([-4.21117515, 11.12300242])"
215,NGR_c01160,"array([1.85591775, 7.23490738])"
216,NGR_c06580,"array([1.89918189, 7.72910674])"
217,NGR_c06510,"array([2.22470834, 6.65261598])"
218,NGR_c14650,"array([0.9030583 , 8.16256666])"
219,NGR_c06500,"array([1.97048097, 6.54229758])"
220,NGR_c33670,"array([2.15489831, 6.4656405 ])"
221,NGR_c30520,"array([1.57310363, 7.59789749])"
222,NGR_c24690,"array([2.34403496, 6.89851378])"
223,NGR_c23710,"array([2.57643791, 6.54604558])"
224,NGR_c35330,"array([0.82529187, 8.09409835])"
225,NGR_c01170,"array([1.76402651, 8.12542242])"
226,NGR_c21220,"array([2.10092958, 7.72066926])"
227,NGR_c33900,"array([1.97515494, 6.91482332])"
228,NGR_c03130,"array([2.68374778, 6.68987032])"
229,NGR_c29480,"array([2.5864375 , 7.06909677])"
230,NGR_c30500,"array([1.97369711, 7.30395311])"
231,NGR_c06460,"array([1.71484814, 8.03063675])"
232,NGR_c11740,"array([4.72743148, 6.23102912])"
233,NGR_c28650,"array([4.08898005, 6.84029677])"
234,NGR_c34850,"array([2.2837069 , 7.84217469])"
235,NGR_c06590,"array([1.86729421, 8.25152588])"
236,NGR_c06610,"array([2.02350186, 8.01876558])"
237,NGR_c34890,"array([1.95182783, 8.56838631])"
238,NGR_c05700,"array([2.11442661, 8.20637345])"
239,NGR_c12830,"array([1.09768678, 8.55704885])"
240,NGR_c06570,"array([2.30505849, 8.29544997])"
241,NGR_c05180,"array([1.83391005, 8.51021115])"
242,NGR_c28980,"array([2.69053504, 7.89328881])"
243,NGR_c07380,"array([2.17839604, 8.41414282])"
244,NGR_c12760,"array([1.87029912, 8.01940488])"
245,NGR_c03190,"array([2.06856674, 8.35523807])"
246,NGR_c28060,"array([2.28801865, 8.18368475])"
247,NGR_c12800,"array([1.6754936 , 8.45824044])"
248,NGR_c31170,"array([1.9312753 , 8.34611667])"
249,NGR_c28100,"array([1.9839769 , 8.21077657])"
250,NGR_c28070,"array([1.92952144, 7.89160229])"
251,NGR_c12820,"array([1.14544698, 8.63389447])"
252,NGR_c29340,"array([1.4106105 , 8.40115748])"
253,NGR_c35920,"array([2.52692885, 9.28519705])"
254,NGR_c28120,"array([2.38086523, 9.43515849])"
255,NGR_c24800,"array([2.67679845, 9.22315908])"
256,NGR_c35730,"array([2.72402131, 9.9667278 ])"
257,NGR_c12770,"array([2.01644527, 9.54914078])"
258,NGR_c24290,"array([2.38608359, 9.25678023])"
259,NGR_c09400,"array([2.69363397, 9.07662582])"
260,NGR_c29090,"array([2.52691688, 9.13741488])"
261,NGR_c18230,"array([2.85710718, 9.093229  ])"
262,NGR_c12110,"array([ 2.79254633, 10.57184389])"
263,NGR_c28490,"array([ 2.41640601, 10.41358676])"
264,NGR_c31130,"array([ 3.41534181, 11.19391739])"
265,NGR_c15550,"array([ 2.58429945, 10.0781671 ])"
266,NGR_c04490,"array([ 3.49779732, 11.3196443 ])"
267,NGR_c23300,"array([ 2.0091289 , 10.63110642])"
268,NGR_c04500,"array([ 3.24746692, 11.28223449])"
269,NGR_c31120,"array([ 3.29144731, 11.11410017])"
270,NGR_c02720,"array([ 3.41427178, 10.79892464])"
271,NGR_c08030,"array([ 2.14179955, 10.53496829])"
272,NGR_c04470,"array([ 3.34946133, 11.38949647])"
273,NGR_c06100,"array([ 2.72247714, 10.65981865])"
274,NGR_c31140,"array([ 3.44965918, 11.03222747])"
275,NGR_c26380,"array([ 1.80412017, 10.89911873])"
276,NGR_c04460,"array([ 2.95223282, 11.39496349])"
277,NGR_c04480,"array([ 3.61112979, 11.01427685])"
278,NGR_c15170,"array([ 1.26104962, 10.01962065])"
279,NGR_c31100,"array([ 3.59923635, 11.16962419])"
280,NGR_c13750,"array([ 2.38945689, 10.51907328])"
281,NGR_c12220,"array([1.30995882, 8.63204705])"
282,NGR_c03950,"array([0.73025872, 8.48685428])"
283,NGR_c03930,"array([0.79180869, 8.60212831])"
284,NGR_c34780,"array([0.55963337, 9.20160771])"
285,NGR_c34970,"array([0.83752776, 8.74642356])"
286,NGR_c06470,"array([1.58738218, 8.6154246 ])"
287,NGR_c04260,"array([1.03555158, 8.36054263])"
288,NGR_c03920,"array([0.72690881, 8.74344168])"
289,NGR_c17030,"array([1.19152481, 8.40305913])"
290,NGR_c12250,"array([-1.14705831,  8.32071998])"
291,NGR_c30880,"array([-0.50215808,  8.8515036 ])"
292,NGR_c26300,"array([-1.2639281 ,  8.22057241])"
293,NGR_c19300,"array([-1.61794107,  7.62596447])"
294,NGR_c30900,"array([-0.61920387,  8.79986509])"
295,NGR_c12280,"array([-1.12722323,  7.91140797])"
296,NGR_c20490,"array([-1.72331122,  7.76074962])"
297,NGR_c20480,"array([-1.32349095,  8.36566809])"
298,NGR_c30860,"array([-0.52351239,  8.72481725])"
299,NGR_c30890,"array([-0.60439936,  8.92348235])"
300,NGR_c20470,"array([-1.11725879,  8.04032456])"
301,NGR_c21440,"array([-0.66818593,  8.2211704 ])"
302,NGR_c32950,"array([-0.47668037,  8.39262547])"
303,NGR_c24110,"array([-0.36281972,  8.22694052])"
304,NGR_c06130,"array([-0.46845537,  8.28777846])"
305,NGR_c23150,"array([-0.64633456,  7.73272173])"
306,NGR_c33040,"array([-0.76019725,  8.3141973 ])"
307,NGR_c25410,"array([-0.37498211,  8.34339898])"
308,NGR_c01230,"array([-2.84146185, 10.39648228])"
309,NGR_c13390,"array([-2.82135133, 10.23474998])"
310,NGR_c12320,"array([-1.31203738,  5.97308131])"
311,NGR_c35760,"array([-1.15716937,  6.66976056])"
312,NGR_c05170,"array([-1.5105754 ,  6.11117562])"
313,NGR_c12900,"array([-1.14110141,  6.04970119])"
314,NGR_c35750,"array([-1.39000498,  6.22144382])"
315,NGR_c08930,"array([-1.20024795,  6.51138914])"
316,NGR_c18050,"array([-1.06218526,  6.44064846])"
317,NGR_c18060,"array([-1.03951285,  6.58564229])"
318,NGR_c08730,"array([-1.24360012, 10.34235053])"
319,NGR_c14490,"array([-2.37045584, 10.59456203])"
320,NGR_c09190,"array([-2.34238628, 10.36107831])"
321,NGR_c17320,"array([-3.73946713, 10.23763627])"
322,NGR_c12440,"array([-0.01430599,  9.98188812])"
323,NGR_c20160,"array([0.74963762, 9.21192922])"
324,NGR_c33780,"array([-0.09648038, 10.13167497])"
325,NGR_c05430,"array([-0.0859826 , 10.40938644])"
326,NGR_c20170,"array([0.82037163, 9.30198047])"
327,NGR_c13220,"array([-0.43511901, 10.38955413])"
328,NGR_c26220,"array([-0.11547494,  9.58602801])"
329,NGR_c09570,"array([-0.18053811, 10.21973835])"
330,NGR_c33790,"array([-0.26433469, 10.09631516])"
331,NGR_c20220,"array([-0.29263963, 10.33967536])"
332,NGR_c32810,"array([0.37665735, 9.56553609])"
333,NGR_c14120,"array([0.42670217, 9.35641027])"
334,NGR_c31610,"array([-0.47029145, 10.24596262])"
335,NGR_c12540,"array([ 1.97176757, 10.99731929])"
336,NGR_c29160,"array([ 1.52719222, 10.67119832])"
337,NGR_c26990,"array([ 2.01907588, 10.78229287])"
338,NGR_c32060,"array([ 1.79132693, 10.49723942])"
339,NGR_c36520,"array([ 1.87069565, 10.33486269])"
340,NGR_c12560,"array([ 3.19871218, 11.62617062])"
341,NGR_c34010,"array([ 2.1697905 , 11.67331105])"
342,NGR_c33990,"array([ 3.75721482, 10.47266148])"
343,NGR_c31990,"array([ 2.95200618, 11.10699487])"
344,NGR_c34430,"array([1.77334963, 7.48202213])"
345,NGR_c33640,"array([1.16462256, 7.90153711])"
346,NGR_c28090,"array([1.60104801, 8.21049264])"
347,NGR_c31710,"array([0.64591833, 9.55994319])"
348,NGR_c12790,"array([ 2.83256519, 19.44456271])"
349,NGR_c02040,"array([ 3.05281485, 19.16540559])"
350,NGR_c33940,"array([0.2944908 , 9.05344317])"
351,NGR_c31560,"array([1.14413415, 9.00078855])"
352,NGR_c01990,"array([0.84630179, 9.11873274])"
353,NGR_c05620,"array([1.186091  , 8.81716493])"
354,NGR_c31400,"array([0.99565583, 9.02021235])"
355,NGR_c00300,"array([0.48469596, 8.95098209])"
356,NGR_c16880,"array([0.44705365, 8.84490829])"
357,NGR_c12880,"array([0.01581532, 9.11148778])"
358,NGR_c20630,"array([1.00670906, 8.74959083])"
359,NGR_c23940,"array([1.04674816, 8.87295351])"
360,NGR_c31220,"array([0.19942038, 9.13958853])"
361,NGR_c29920,"array([0.10530835, 9.18398863])"
362,NGR_c32860,"array([0.3918132 , 9.08538334])"
363,NGR_c21360,"array([0.92609095, 9.19724078])"
364,NGR_c28680,"array([-7.49760575e-03,  9.02157826e+00])"
365,NGR_c29900,"array([0.26286795, 9.46426012])"
366,NGR_c33260,"array([-0.20732071,  9.12904056])"
367,NGR_c31270,"array([0.14933597, 9.35661256])"
368,NGR_c08560,"array([-0.50683789,  9.36556185])"
369,NGR_c14410,"array([-0.02684815,  8.90283472])"
370,NGR_c16430,"array([0.29346346, 9.32551689])"
371,NGR_c14740,"array([0.09039533, 8.91492416])"
372,NGR_c00980,"array([-0.49787311,  9.08673838])"
373,NGR_c16350,"array([0.11918674, 8.67905426])"
374,NGR_c29910,"array([-0.03610905,  8.38746793])"
375,NGR_c28690,"array([0.10414816, 9.02749366])"
376,NGR_c26250,"array([-0.2583711 ,  8.74583065])"
377,NGR_c15470,"array([-0.46881196,  9.5534889 ])"
378,NGR_c31260,"array([0.22628264, 8.39722496])"
379,NGR_c15480,"array([-0.16738322,  9.27478948])"
380,NGR_c29890,"array([0.09358809, 9.47216056])"
381,NGR_c20320,"array([-0.50745927,  9.17860863])"
382,NGR_c21450,"array([0.01623254, 8.8027826 ])"
383,NGR_c03210,"array([0.12352047, 8.81564955])"
384,NGR_c15490,"array([0.2453349 , 9.81866284])"
385,NGR_c12930,"array([ 3.24711434, 10.42532632])"
386,NGR_c02120,"array([ 3.39627732, 10.61183024])"
387,NGR_c08510,"array([ 3.00019761, 10.4340375 ])"
388,NGR_c12940,"array([-4.89451007, -0.28832356])"
389,NGR_c32790,"array([-4.54835176, -0.56546412])"
390,NGR_c30680,"array([-5.08294071,  0.11300495])"
391,NGR_c04560,"array([-5.21345754, -0.5231723 ])"
392,NGR_c12960,"array([ 4.82144425, 19.89634106])"
393,NGR_c14750,"array([ 4.49474838, 19.69474395])"
394,NGR_c12970,"array([ 5.12725401, 20.09313078])"
395,NGR_c12980,"array([-10.67529452,   4.68710845])"
396,NGR_c12990,"array([-10.61019188,   5.02584013])"
397,NGR_c13000,"array([0.42850004, 9.90126573])"
398,NGR_c08780,"array([0.93140246, 9.96802746])"
399,NGR_c36470,"array([ 0.09067323, 10.76976841])"
400,NGR_c08100,"array([ 0.18929356, 10.49345585])"
401,NGR_c32780,"array([ 0.09233863, 10.39974887])"
402,NGR_c27080,"array([ 0.25839584, 10.37260452])"
403,NGR_c21110,"array([1.87295631, 8.9392459 ])"
404,NGR_c30010,"array([-0.11143602, 10.73192779])"
405,NGR_c21040,"array([1.40996631, 9.78229751])"
406,NGR_c34570,"array([ 2.1480991 , 10.16914028])"
407,NGR_c33280,"array([ 1.17665355, 10.54540393])"
408,NGR_c35850,"array([ 2.67892435, 10.31737667])"
409,NGR_c08970,"array([ 2.32272929, 10.16712329])"
410,NGR_c13360,"array([ 2.77471283, 10.19818151])"
411,NGR_c03770,"array([ 1.81523202, 10.63655201])"
412,NGR_c14770,"array([ 2.29110447, 10.77816161])"
413,NGR_c13040,"array([ 2.58759496, 11.06389183])"
414,NGR_c23860,"array([ 2.37255145, 11.19850348])"
415,NGR_c23870,"array([ 2.36200222, 11.37125146])"
416,NGR_c34540,"array([ 2.28484591, 10.4299339 ])"
417,NGR_c29640,"array([ 2.58121048, 11.2533702 ])"
418,NGR_c13050,"array([-3.90224918, 15.12697822])"
419,NGR_c29790,"array([-4.32154632, 15.44898091])"
420,NGR_c18150,"array([-3.70702319, 15.22235636])"
421,NGR_c33490,"array([-3.56193905, 15.53923297])"
422,NGR_c32100,"array([-3.39568984, 14.65519251])"
423,NGR_c14960,"array([-0.5595499 , 11.43931086])"
424,NGR_c06960,"array([-0.71682795, 12.43777947])"
425,NGR_c25640,"array([-0.8113683 , 13.03630427])"
426,NGR_c13110,"array([-1.12644107, 11.39505161])"
427,NGR_c26410,"array([-0.91626739, 11.36053806])"
428,NGR_c34880,"array([-1.5523564 , 11.09178109])"
429,NGR_c30190,"array([-0.95552134, 11.56118031])"
430,NGR_c33220,"array([-0.69952328, 11.14704043])"
431,NGR_c13140,"array([ 8.82040003, 14.65296741])"
432,NGR_c13160,"array([ 9.10247231, 14.54083979])"
433,NGR_c13150,"array([ 8.70831791, 14.37239041])"
434,NGR_c13170,"array([ 8.98763259, 14.26006869])"
435,NGR_c07880,"array([-0.58127516, 10.55868712])"
436,NGR_c03850,"array([-0.15983389,  9.75528417])"
437,NGR_c09040,"array([-0.72409416, 10.57855492])"
438,NGR_c34750,"array([-0.61776672, 10.40063111])"
439,NGR_c06240,"array([-0.75556313, 10.42379052])"
440,NGR_c37070,"array([-0.99280471, 10.43301218])"
441,NGR_c13310,"array([-4.54056804,  9.42349607])"
442,NGR_c13380,"array([-3.65478722, -1.3572671 ])"
443,NGR_c32770,"array([-3.9698446 , -1.28333289])"
444,NGR_c04580,"array([-3.63834966, -1.67512905])"
445,NGR_c13830,"array([-3.95162447, -1.61348027])"
446,NGR_c13420,"array([2.13048946, 2.4077808 ])"
447,NGR_c21000,"array([1.89287365, 3.19930945])"
448,NGR_c13460,"array([2.36210447, 1.73518151])"
449,NGR_c13430,"array([-1.76708043,  6.29020149])"
450,NGR_c18070,"array([-1.61944298,  6.3917503 ])"
451,NGR_c35770,"array([-1.80085851,  6.50167591])"
452,NGR_c30920,"array([-1.27712156,  6.79201832])"
453,NGR_c08910,"array([-1.41744038,  6.86755756])"
454,NGR_c22370,"array([-1.46864428,  6.71578577])"
455,NGR_c06410,"array([-1.36609147,  6.58865011])"
456,NGR_c13440,"array([1.64218667, 4.14700612])"
457,NGR_c02220,"array([1.38123094, 4.49357498])"
458,NGR_c14640,"array([1.41668429, 5.27203369])"
459,NGR_c04270,"array([2.58784845, 1.16402316])"
460,NGR_c26940,"array([-0.30665123,  9.34442733])"
461,NGR_c33630,"array([-0.15833903,  8.81896244])"
462,NGR_c17050,"array([-0.37050071,  9.13747311])"
463,NGR_c25860,"array([-0.14737968,  8.66076968])"
464,NGR_c32380,"array([0.46571896, 8.28523822])"
465,NGR_c13520,"array([-9.27354809,  4.59472716])"
466,NGR_c35220,"array([-9.01255706,  4.59573193])"
467,NGR_c19590,"array([-9.13991285,  4.99898303])"
468,NGR_c28560,"array([-9.35021911,  4.84488504])"
469,NGR_c35210,"array([-8.92989169,  4.84365812])"
470,NGR_c13610,"array([-9.98438508, 10.3791329 ])"
471,NGR_c31460,"array([-9.85225946, 10.69800393])"
472,NGR_c08720,"array([-2.6671392 , 11.01084415])"
473,NGR_c13670,"array([2.01423668, 4.87451009])"
474,NGR_c33860,"array([1.67932488, 4.94170081])"
475,NGR_c35360,"array([1.73712675, 5.60534049])"
476,NGR_c13700,"array([ 4.32703273, 17.80977849])"
477,NGR_c03440,"array([ 4.41473517, 18.08397219])"
478,NGR_c19540,"array([ 4.56789305, 17.8841951 ])"
479,NGR_c03340,"array([ 4.56787266, 17.64217978])"
480,NGR_c19530,"array([ 4.80266526, 17.81969793])"
481,NGR_c19550,"array([ 4.70145789, 18.09205395])"
482,NGR_c14900,"array([ 2.74890688, 10.96063327])"
483,NGR_c34590,"array([ 2.8689672 , 10.81139099])"
484,NGR_c16070,"array([ 2.13626659, 10.352674  ])"
485,NGR_c34530,"array([ 2.55099233, 10.79782287])"
486,NGR_c00520,"array([ 2.4375125 , 10.96559814])"
487,NGR_c20540,"array([ 1.32877187, 10.52698991])"
488,NGR_c00080,"array([ 2.26600392, 10.62732774])"
489,NGR_c36910,"array([ 2.50702414, 10.62366267])"
490,NGR_c23630,"array([ 2.17798285, 10.88272326])"
491,NGR_c34550,"array([ 2.02473485, 10.02118908])"
492,NGR_c13810,"array([-9.06059984,  1.5184504 ])"
493,NGR_c02010,"array([-9.33979154,  1.7325103 ])"
494,NGR_c14000,"array([0.13821191, 6.36810439])"
495,NGR_c34290,"array([0.01168037, 6.23093949])"
496,NGR_c33730,"array([0.08811786, 5.61215719])"
497,NGR_c32710,"array([0.19175926, 6.95589747])"
498,NGR_c35490,"array([0.61625661, 9.72847384])"
499,NGR_c08200,"array([-1.05051905, 11.14531135])"
500,NGR_c07270,"array([0.53201047, 9.62517594])"
501,NGR_c01400,"array([-10.05316631,   7.04581607])"
502,NGR_c10020,"array([-10.17535582,   7.3126603 ])"
503,NGR_c09950,"array([-9.8901137 ,  7.48854242])"
504,NGR_c10030,"array([-9.78313996,  7.15979536])"
505,NGR_c14160,"array([-2.76980123,  8.52181581])"
506,NGR_c14310,"array([0.32221624, 8.61241221])"
507,NGR_c33150,"array([0.60105067, 8.77608007])"
508,NGR_c31350,"array([-0.90511399,  8.9257155 ])"
509,NGR_c23960,"array([0.22108117, 8.89351864])"
510,NGR_c31340,"array([-0.91306579,  8.81033021])"
511,NGR_c14330,"array([-1.00896022,  9.83910483])"
512,NGR_c14360,"array([-0.99117554, 10.16687985])"
513,NGR_c22700,"array([-0.86649045, 10.03889292])"
514,NGR_c14340,"array([-0.87552648,  9.87311609])"
515,NGR_c30700,"array([-1.31546311, 10.54641503])"
516,NGR_c29030,"array([-1.13021183,  9.92220919])"
517,NGR_c29010,"array([-0.75199872,  9.95602075])"
518,NGR_c21820,"array([-1.36638671, 10.13740359])"
519,NGR_c21180,"array([-0.98536774,  9.98998183])"
520,NGR_c29040,"array([-0.7561351 , 10.12414842])"
521,NGR_c14350,"array([-0.87214325, 10.21100994])"
522,NGR_c29020,"array([-1.09984611, 10.07728758])"
523,NGR_c28700,"array([-0.66765279,  9.41311071])"
524,NGR_c08750,"array([0.83454319, 8.90699573])"
525,NGR_c21730,"array([-0.36267766,  8.64994166])"
526,NGR_c29580,"array([-0.34704002,  8.87977291])"
527,NGR_c24760,"array([1.01338421, 9.49662324])"
528,NGR_c31720,"array([-0.24097443,  9.01407197])"
529,NGR_c01430,"array([-9.38982395, 11.86741781])"
530,NGR_c01490,"array([-9.21798935, 11.56267553])"
531,NGR_c14420,"array([0.11801814, 9.62800743])"
532,NGR_c20290,"array([ 0.54069304, 10.41247393])"
533,NGR_c29940,"array([0.01128131, 9.66723485])"
534,NGR_c09320,"array([ 0.62409921, 10.79409384])"
535,NGR_c03080,"array([ 0.68231426, 10.42382296])"
536,NGR_c14480,"array([11.14503272, 12.75031208])"
537,NGR_c31520,"array([11.16957113, 12.42374208])"
538,NGR_c37130,"array([10.7859231 , 12.54725423])"
539,NGR_c26610,"array([11.48530149, 12.60820146])"
540,NGR_c36740,"array([-2.39841429, 10.98134403])"
541,NGR_c01440,"array([-11.11580867,  10.77879841])"
542,NGR_c01450,"array([-11.39625721,  10.88787461])"
543,NGR_c01460,"array([-11.00656218,  11.06421857])"
544,NGR_c01470,"array([-11.28743557,  11.17228469])"
545,NGR_c09180,"array([3.51381628, 8.8496485 ])"
546,NGR_c09170,"array([3.59861317, 9.07448044])"
547,NGR_c14590,"array([-0.27391101, 11.29001911])"
548,NGR_c33770,"array([-0.01560519, 12.440644  ])"
549,NGR_c14600,"array([ 0.49515271, 13.09094098])"
550,NGR_c23510,"array([ 0.95124784, 12.73999651])"
551,NGR_c27750,"array([1.13113717, 6.87818624])"
552,NGR_c35310,"array([1.10013527, 7.29933312])"
553,NGR_c35340,"array([1.36480049, 6.85110439])"
554,NGR_c00320,"array([ 4.18139714, 19.49601715])"
555,NGR_c23930,"array([ 2.1583005 , 11.28351918])"
556,NGR_c14790,"array([10.42662489, 12.67620442])"
557,NGR_c19880,"array([10.45449108, 12.33666565])"
558,NGR_c33180,"array([0.82034663, 9.54016031])"
559,NGR_c22690,"array([-0.53734392, 10.07779273])"
560,NGR_c25920,"array([0.95144054, 9.64896972])"
561,NGR_c06160,"array([0.80417811, 9.70268045])"
562,NGR_c14930,"array([ 0.73528773, 10.21402583])"
563,NGR_c35500,"array([-1.20406402, 12.35543227])"
564,NGR_c25510,"array([-0.98451132, 12.49874406])"
565,NGR_c23620,"array([-1.00577052, 12.28652424])"
566,NGR_c15400,"array([-0.30645262, 12.67078129])"
567,NGR_c34000,"array([ 1.55117989, 10.9660683 ])"
568,NGR_c16190,"array([ 1.5534117 , 11.39453258])"
569,NGR_c34020,"array([ 1.45892916, 11.10134921])"
570,NGR_c15200,"array([2.90608619, 7.8029731 ])"
571,NGR_c17890,"array([3.26622708, 7.93797168])"
572,NGR_c06620,"array([2.89431557, 8.22565109])"
573,NGR_c17020,"array([3.04185209, 8.2745738 ])"
574,NGR_c06310,"array([3.52865588, 7.80589837])"
575,NGR_c33660,"array([3.21953712, 7.69920215])"
576,NGR_c23720,"array([2.64495004, 7.71100078])"
577,NGR_c29490,"array([3.07770512, 7.1493348 ])"
578,NGR_c15220,"array([-9.6111655 , 16.12865099])"
579,NGR_c20670,"array([-9.85792656, 15.82968383])"
580,NGR_c09160,"array([-9.73402994, 16.17064476])"
581,NGR_c25190,"array([-9.68867391, 15.79220336])"
582,NGR_c34330,"array([-9.85485587, 15.95542203])"
583,NGR_c34350,"array([-10.14841556,  16.03492556])"
584,NGR_c05450,"array([-9.86424937, 16.15655431])"
585,NGR_c30560,"array([-9.53145071, 15.80794328])"
586,NGR_c06030,"array([-9.92858957, 16.05530186])"
587,NGR_c20690,"array([-9.77505197, 16.06357806])"
588,NGR_c25150,"array([-9.66666994, 16.01384406])"
589,NGR_c34370,"array([-10.1243611 ,  15.88089314])"
590,NGR_c30590,"array([-9.60563529, 15.69716068])"
591,NGR_c06010,"array([-9.79942409, 15.7254249 ])"
592,NGR_c25200,"array([-9.82751821, 16.27950532])"
593,NGR_c30570,"array([-9.51623679, 16.06504711])"
594,NGR_c06000,"array([-9.74498514, 15.90216178])"
595,NGR_c20680,"array([-9.66035268, 16.27372853])"
596,NGR_c05990,"array([-9.73111643, 15.63029263])"
597,NGR_c20660,"array([-9.96767891, 15.88442407])"
598,NGR_c34360,"array([-9.89662852, 15.63662964])"
599,NGR_c30600,"array([-10.01746587,  15.99208295])"
600,NGR_c30580,"array([-9.97206738, 16.24190243])"
601,NGR_c06020,"array([-10.06761951,  15.75806078])"
602,NGR_c25170,"array([-9.47466622, 15.9388163 ])"
603,NGR_c20700,"array([-9.59961206, 15.9153222 ])"
604,NGR_c25180,"array([-10.05272968,  16.14636211])"
605,NGR_c34340,"array([-9.95612106, 15.74395959])"
606,NGR_c15230,"array([-4.10795102, 13.11091467])"
607,NGR_c18190,"array([-4.47879264, 13.68408541])"
608,NGR_c27170,"array([-4.76546192, 13.40563926])"
609,NGR_c26880,"array([-3.4014643 , 12.31870072])"
610,NGR_c18180,"array([-3.26456382, 12.45866682])"
611,NGR_c18140,"array([-4.74127816, 13.70011863])"
612,NGR_c27180,"array([-4.54315234, 13.4570151 ])"
613,NGR_c00610,"array([-1.13777884,  7.53796915])"
614,NGR_c26700,"array([-1.01910522,  9.62211678])"
615,NGR_c00680,"array([-2.02971358, 10.13900985])"
616,NGR_c28520,"array([-0.75068602,  9.69406991])"
617,NGR_c30830,"array([-0.82508603,  9.48841782])"
618,NGR_c30820,"array([-1.1692673 ,  9.54957978])"
619,NGR_c15370,"array([2.30227241, 5.21337353])"
620,NGR_c35300,"array([1.88031548, 5.85854544])"
621,NGR_c15440,"array([ 0.06205502, 13.18380759])"
622,NGR_c27280,"array([-0.1863976 , 13.47056633])"
623,NGR_c15660,"array([ 0.26643499, 12.61505366])"
624,NGR_c21310,"array([ 0.55532839, 10.61719119])"
625,NGR_c23560,"array([ 0.70775988, 10.6346895 ])"
626,NGR_c00580,"array([ 0.42047139, 10.83560857])"
627,NGR_c08240,"array([3.22352119, 9.64259383])"
628,NGR_c21870,"array([ 0.21885394, 11.51572468])"
629,NGR_c15810,"array([-2.11389767, 10.56968622])"
630,NGR_c33530,"array([-3.26975644, 10.92539059])"
631,NGR_c33980,"array([-1.63734489,  9.77922158])"
632,NGR_c15840,"array([-0.8999207 , 21.39489972])"
633,NGR_c15850,"array([-1.02110295, 21.0476403 ])"
634,NGR_c23490,"array([-1.08346279, 20.68629333])"
635,NGR_c16040,"array([ 0.37969124, 11.24283737])"
636,NGR_c28300,"array([ 1.75010764, 12.45307026])"
637,NGR_c16200,"array([ 1.14719113, 11.90460565])"
638,NGR_c09330,"array([ 1.15568116, 12.51564608])"
639,NGR_c16210,"array([ 0.97708299, 11.80432199])"
640,NGR_c16260,"array([ 0.90325156, 12.00900663])"
641,NGR_c21090,"array([0.73084324, 7.13733822])"
642,NGR_c16410,"array([0.59214778, 7.6120231 ])"
643,NGR_c16490,"array([1.81304904, 9.93598656])"
644,NGR_c24770,"array([1.60943635, 9.74738409])"
645,NGR_c16500,"array([-0.80024547, -1.0037564 ])"
646,NGR_c27600,"array([-0.45538738, -1.14607164])"
647,NGR_c16580,"array([ 2.44435803, 12.61973814])"
648,NGR_c16600,"array([ 1.87830889, 12.10501313])"
649,NGR_c16590,"array([ 2.64511613, 12.12631885])"
650,NGR_c33810,"array([ 0.96203172, 11.1090307 ])"
651,NGR_c28440,"array([ 1.90475596, 12.81016671])"
652,NGR_c08950,"array([ 1.70296885, 11.59832251])"
653,NGR_c16690,"array([-1.74200526, 11.85177582])"
654,NGR_c09230,"array([-1.95976932, 11.8981944 ])"
655,NGR_c07130,"array([-1.81873067, 12.01066646])"
656,NGR_c36420,"array([-1.95603451, 11.54718562])"
657,NGR_c19640,"array([-1.5432815 , 11.81663951])"
658,NGR_c36650,"array([-1.72770132, 11.68546849])"
659,NGR_c07090,"array([-1.87448301, 11.72908642])"
660,NGR_c32750,"array([-1.78272333, 11.51018978])"
661,NGR_c36830,"array([-1.26875523, 11.14354813])"
662,NGR_c04510,"array([-1.62076548, 11.97810556])"
663,NGR_c17000,"array([-2.04376936, 11.71583177])"
664,NGR_c20300,"array([-1.58044363, 11.63106879])"
665,NGR_c17250,"array([-0.2559743 ,  7.71017202])"
666,NGR_c26200,"array([0.12119291, 6.66325549])"
667,NGR_c33370,"array([-0.27849923,  7.84470166])"
668,NGR_c23690,"array([-0.32704712,  8.00885151])"
669,NGR_c26920,"array([0.12260483, 7.24932697])"
670,NGR_c03330,"array([0.30708773, 7.1321025 ])"
671,NGR_c32980,"array([-0.41708695,  7.91029677])"
672,NGR_c16710,"array([-3.39639799,  8.07576493])"
673,NGR_c16720,"array([-3.3934515 ,  8.27478727])"
674,NGR_c25560,"array([-3.90063867,  7.77785843])"
675,NGR_c18490,"array([-2.70428921,  8.29711763])"
676,NGR_c17990,"array([-4.26577898,  8.17945224])"
677,NGR_c25530,"array([-2.99731655,  7.38467827])"
678,NGR_c05230,"array([-4.12462585,  7.93305504])"
679,NGR_c05280,"array([-4.18246244,  7.25285815])"
680,NGR_c25540,"array([-4.33025495,  7.47054033])"
681,NGR_c17970,"array([-3.77946668,  7.50906572])"
682,NGR_c25810,"array([-4.00393643,  8.18659806])"
683,NGR_c25520,"array([-4.38861643,  7.89946251])"
684,NGR_c25780,"array([-3.92238399,  7.29150792])"
685,NGR_c17980,"array([-3.86622788,  7.04414582])"
686,NGR_c26900,"array([-2.73487738,  8.70123516])"
687,NGR_c25760,"array([-4.22815969,  7.70212414])"
688,NGR_c20430,"array([-2.84020892,  7.75653526])"
689,NGR_c25800,"array([-3.64517677,  7.23325041])"
690,NGR_c28460,"array([-2.93274371,  8.67849623])"
691,NGR_c36680,"array([-2.94771202,  8.04345109])"
692,NGR_c19830,"array([-2.97766724,  8.48311558])"
693,NGR_c25550,"array([-4.08355597,  7.49312151])"
694,NGR_c16770,"array([-1.29012372, 13.80799753])"
695,NGR_c16790,"array([-3.36076638, 16.14521977])"
696,NGR_c09890,"array([-3.59916348, 16.01324767])"
697,NGR_c00070,"array([-3.28294148, 15.87478589])"
698,NGR_c16820,"array([9.39976531, 5.83867977])"
699,NGR_c16830,"array([9.56376617, 6.14687323])"
700,NGR_c16840,"array([9.7458449 , 5.84851197])"
701,NGR_c26240,"array([0.24414829, 8.73281078])"
702,NGR_c16900,"array([ 0.2035269 , 12.22703716])"
703,NGR_c00480,"array([ 0.15990567, 11.35112772])"
704,NGR_c36530,"array([-0.02404327, 11.98442834])"
705,NGR_c16920,"array([-5.17538276, 12.82933592])"
706,NGR_c17340,"array([-4.60667766, 12.72619428])"
707,NGR_c16980,"array([-3.04701042,  6.15574937])"
708,NGR_c30430,"array([-2.37094804,  6.75217728])"
709,NGR_c16990,"array([2.7631517 , 8.56272203])"
710,NGR_c34600,"array([2.50458794, 8.9329797 ])"
711,NGR_c00540,"array([3.10106845, 8.85789327])"
712,NGR_c29960,"array([-1.21733639,  9.13852925])"
713,NGR_c31370,"array([-1.03561649,  8.93683995])"
714,NGR_c17590,"array([-1.34850602,  9.01020553])"
715,NGR_c31360,"array([-0.66885938,  9.1271863 ])"
716,NGR_c17120,"array([12.42078924,  6.90002671])"
717,NGR_c21260,"array([-4.67245889, 10.48004916])"
718,NGR_c17330,"array([-3.83390718, 12.548896  ])"
719,NGR_c18210,"array([-3.23879251, 12.11138477])"
720,NGR_c17360,"array([ 1.13387397, 19.19499157])"
721,NGR_c17370,"array([ 0.69842979, 19.06670268])"
722,NGR_c33690,"array([ 1.0667554 , 18.98665798])"
723,NGR_c06210,"array([ 0.67910947, 18.84886327])"
724,NGR_c06270,"array([ 1.26875045, 18.99699712])"
725,NGR_c33680,"array([ 1.07438797, 18.78509126])"
726,NGR_c06200,"array([ 1.26319279, 18.77635192])"
727,NGR_c17380,"array([ 0.88899498, 19.04479294])"
728,NGR_c06280,"array([ 0.88696365, 18.84631855])"
729,NGR_c33700,"array([ 0.81160311, 18.64070202])"
730,NGR_c06190,"array([ 0.9257768 , 19.23954179])"
731,NGR_c06290,"array([ 1.02130563, 18.59758727])"
732,NGR_c17460,"array([12.51513273,  7.42250153])"
733,NGR_c17630,"array([6.09136619, 1.07381061])"
734,NGR_c17640,"array([5.82261665, 0.85574917])"
735,NGR_c17650,"array([5.76989812, 1.19979496])"
736,NGR_c17670,"array([3.1036292 , 6.44477345])"
737,NGR_c17800,"array([-5.41470907, 18.37435081])"
738,NGR_c35290,"array([-5.45793244, 18.85992045])"
739,NGR_c17820,"array([-5.71112184, 18.22156613])"
740,NGR_c24740,"array([-5.00302551, 18.6623672 ])"
741,NGR_c06670,"array([-5.91951833, 18.16967657])"
742,NGR_c35280,"array([-5.6260144 , 18.95260872])"
743,NGR_c24720,"array([-5.18705165, 18.9069289 ])"
744,NGR_c06690,"array([-5.62279674, 18.04631541])"
745,NGR_c03110,"array([-5.0614289 , 18.37951672])"
746,NGR_c06680,"array([-5.79200826, 18.34825897])"
747,NGR_c33060,"array([-5.93769492, 18.48782898])"
748,NGR_c35270,"array([-5.79381503, 18.81201355])"
749,NGR_c33080,"array([-5.97980215, 18.31944031])"
750,NGR_c33070,"array([-5.80080635, 18.05031559])"
751,NGR_c17830,"array([-5.5362657 , 18.19529285])"
752,NGR_c17810,"array([-5.77238214, 18.52376329])"
753,NGR_c24730,"array([-5.1694741 , 18.72322476])"
754,NGR_c03120,"array([-5.09964329, 18.19496946])"
755,NGR_c03100,"array([-5.24128538, 18.07365239])"
756,NGR_c33090,"array([-5.41837766, 18.5218376 ])"
757,NGR_c06700,"array([-5.55876495, 18.42618453])"
758,NGR_c25500,"array([-5.56476922, 18.57532989])"
759,NGR_c03180,"array([2.97848431, 7.99471199])"
760,NGR_c03170,"array([2.57595623, 8.05336173])"
761,NGR_c18030,"array([2.71874921, 0.23565504])"
762,NGR_c04250,"array([2.8097226 , 0.65829301])"
763,NGR_c18040,"array([-0.7639844 ,  7.86667965])"
764,NGR_c18110,"array([-5.76575973,  9.46954575])"
765,NGR_c26790,"array([-5.66446112,  9.73571057])"
766,NGR_c28720,"array([-5.66182593,  9.20062072])"
767,NGR_c08310,"array([-5.0809213 ,  9.47594185])"
768,NGR_c18120,"array([-2.59718185, 11.80753198])"
769,NGR_c18130,"array([-2.70962293, 11.66443893])"
770,NGR_c18240,"array([-2.96687141, 12.22277934])"
771,NGR_c29800,"array([-5.32461775, 14.1215803 ])"
772,NGR_c18170,"array([-6.45724236, 16.17523957])"
773,NGR_c29750,"array([-6.10122702, 15.90354801])"
774,NGR_c33430,"array([-4.99208699, 13.796839  ])"
775,NGR_c18250,"array([-2.21546306, -0.04207983])"
776,NGR_c27400,"array([-2.42201738, -0.09402863])"
777,NGR_c23660,"array([-2.56396932,  0.24043493])"
778,NGR_c23640,"array([-2.31087772, -0.2250418 ])"
779,NGR_c07960,"array([-2.30157622,  0.11752763])"
780,NGR_c07950,"array([-2.48196995,  0.0618411 ])"
781,NGR_c27410,"array([-2.50242503, -0.31204922])"
782,NGR_c23650,"array([-2.29539368,  0.29718335])"
783,NGR_c20380,"array([-2.10339763,  0.16512854])"
784,NGR_c27420,"array([-2.00562817, -0.04032595])"
785,NGR_c20370,"array([-2.6536815 , -0.05100153])"
786,NGR_c18260,"array([-2.10258699, -0.25194763])"
787,NGR_c18270,"array([-1.77132415,  5.9860546 ])"
788,NGR_c07430,"array([-0.86696266,  6.71841493])"
789,NGR_c18450,"array([ 0.56895247, 11.41361951])"
790,NGR_c18370,"array([ 6.73098866, -0.58069045])"
791,NGR_c21800,"array([ 6.57986952, -0.26770301])"
792,NGR_c00180,"array([ 3.77724212, 21.27713943])"
793,NGR_c09030,"array([ 3.57264066, 20.99782663])"
794,NGR_c09020,"array([ 3.42941788, 21.31951752])"
795,NGR_c18520,"array([10.08322887, 10.1640228 ])"
796,NGR_c27330,"array([10.37323457,  9.97227628])"
797,NGR_c01920,"array([10.39111374, 10.32094485])"
798,NGR_c01870,"array([-0.43212005,  9.86776625])"
799,NGR_c01880,"array([5.05901665, 6.54689958])"
800,NGR_c27870,"array([4.79066624, 6.5578253 ])"
801,NGR_c08370,"array([4.74560212, 6.81056728])"
802,NGR_c02350,"array([5.65408966, 6.26577014])"
803,NGR_c19760,"array([1.40788081, 9.3057543 ])"
804,NGR_c04330,"array([1.2696751 , 9.11206648])"
805,NGR_c26420,"array([1.10548787, 9.33088079])"
806,NGR_c24100,"array([1.23087401, 9.28689805])"
807,NGR_c26400,"array([0.96578019, 9.35087554])"
808,NGR_c28820,"array([1.10557066, 9.16720074])"
809,NGR_c01980,"array([-0.51058181,  9.72816833])"
810,NGR_c19930,"array([-5.84197693,  0.35573705])"
811,NGR_c05140,"array([-6.16411721,  0.14531499])"
812,NGR_c33250,"array([-6.18500379,  0.48398798])"
813,NGR_c04950,"array([-5.4233802 ,  0.34716285])"
814,NGR_c20110,"array([ 5.80934287, 11.51120603])"
815,NGR_c09560,"array([ 4.86555045, 11.25107254])"
816,NGR_c20120,"array([ 5.71490026, 11.73753377])"
817,NGR_c27710,"array([ 0.6168463 , 10.96856183])"
818,NGR_c20240,"array([ 5.93764847, 19.06749263])"
819,NGR_c07830,"array([ 6.12762928, 18.76981402])"
820,NGR_c30250,"array([-1.49700074,  9.16349507])"
821,NGR_c22890,"array([-1.51934978,  9.3502656 ])"
822,NGR_c08660,"array([-1.32151843,  9.32112567])"
823,NGR_c34200,"array([-1.3868292 ,  9.51360177])"
824,NGR_c20520,"array([-0.76871999,  8.08529659])"
825,NGR_c30850,"array([12.24215861,  7.57746968])"
826,NGR_c02510,"array([12.28592226,  6.82481298])"
827,NGR_c00530,"array([12.07874024,  7.52663523])"
828,NGR_c00850,"array([11.84642227,  7.20342595])"
829,NGR_c20850,"array([12.20077346,  7.43410758])"
830,NGR_c03230,"array([12.54550623,  6.99647025])"
831,NGR_c04920,"array([12.38731165,  7.51731579])"
832,NGR_c06650,"array([12.13553926,  6.84542457])"
833,NGR_c20940,"array([1.22211504, 9.69914586])"
834,NGR_c20950,"array([-0.88804168,  8.54202268])"
835,NGR_c20960,"array([0.62253612, 6.24283103])"
836,NGR_c32940,"array([0.27328187, 7.37976643])"
837,NGR_c20970,"array([9.21219866, 2.40377254])"
838,NGR_c29660,"array([9.47244   , 2.62479365])"
839,NGR_c21050,"array([0.99632014, 4.8007395 ])"
840,NGR_c33850,"array([1.23683844, 4.95012973])"
841,NGR_c21060,"array([0.96292626, 5.68631312])"
842,NGR_c21100,"array([3.98665349, 8.4667087 ])"
843,NGR_c32760,"array([6.56323287, 8.40808985])"
844,NGR_c21130,"array([6.05346036, 7.59279387])"
845,NGR_c21120,"array([1.29372295, 7.42938878])"
846,NGR_c36660,"array([4.7483653 , 8.29839339])"
847,NGR_c26960,"array([1.1998489 , 6.41440344])"
848,NGR_c32280,"array([0.38865855, 6.92739704])"
849,NGR_c02110,"array([ 3.08608113, 10.8674412 ])"
850,NGR_c21270,"array([-5.31200695, 10.6327049 ])"
851,NGR_c07250,"array([-0.50035557,  7.75290028])"
852,NGR_c24780,"array([-0.63246045,  7.91069505])"
853,NGR_c30550,"array([-0.8508031 ,  7.98003177])"
854,NGR_c25690,"array([-0.83470786,  7.74965595])"
855,NGR_c21470,"array([10.71560976, 15.89468969])"
856,NGR_c27390,"array([10.66244553, 15.50841876])"
857,NGR_c21540,"array([4.40314004, 9.18274785])"
858,NGR_c09600,"array([4.97647393, 9.17879211])"
859,NGR_c09640,"array([4.36209643, 8.96584905])"
860,NGR_c04130,"array([4.94422007, 8.91170498])"
861,NGR_c02150,"array([7.22799259, 7.94151788])"
862,NGR_c27320,"array([7.01878919, 8.17807679])"
863,NGR_c21760,"array([ 5.83058562, 17.02296012])"
864,NGR_c24580,"array([ 6.12512018, 17.08964672])"
865,NGR_c24600,"array([ 6.18466055, 16.79353179])"
866,NGR_c24590,"array([ 5.88969445, 16.72720515])"
867,NGR_c02240,"array([ 7.43090074, 17.74868278])"
868,NGR_c27430,"array([ 7.18831823, 18.00607704])"
869,NGR_c22710,"array([ 2.6356128 , 20.45981888])"
870,NGR_c00660,"array([ 2.33771886, 20.64395788])"
871,NGR_c29630,"array([ 0.34585409, 10.52021491])"
872,NGR_c30170,"array([-0.13232702, 10.58102466])"
873,NGR_c03590,"array([-0.20584084, 10.47152165])"
874,NGR_c27070,"array([-5.48994134e-03,  1.08566863e+01])"
875,NGR_c35520,"array([ 0.1856606 , 10.89506963])"
876,NGR_c22790,"array([4.19904598, 7.96944206])"
877,NGR_c04340,"array([3.4373664 , 8.19672377])"
878,NGR_c22860,"array([ 4.20721326, -2.5924587 ])"
879,NGR_c22870,"array([ 3.87003117, -2.65624361])"
880,NGR_c04030,"array([3.71615785, 9.41041117])"
881,NGR_c04020,"array([3.58776858, 9.55985484])"
882,NGR_c26770,"array([-0.5729328 ,  8.04580344])"
883,NGR_c03790,"array([-0.94311831,  8.25026084])"
884,NGR_c23700,"array([ 2.17031347, 11.10959964])"
885,NGR_c05200,"array([ 1.4958556 , 12.73935319])"
886,NGR_c28430,"array([ 1.39695533, 12.38621925])"
887,NGR_c32240,"array([ 0.67902229, 11.82134049])"
888,NGR_c06950,"array([-1.18327151, 12.82004796])"
889,NGR_c06940,"array([-1.40923894, 12.7897584 ])"
890,NGR_c04170,"array([ 2.62526738, 11.55480693])"
891,NGR_c29440,"array([2.75809576, 6.00187743])"
892,NGR_c28940,"array([3.40390442, 6.78520525])"
893,NGR_c06710,"array([2.9738081 , 6.10898425])"
894,NGR_c23850,"array([0.30553322, 6.04579662])"
895,NGR_c25030,"array([-0.85379459,  9.23775952])"
896,NGR_c25000,"array([-1.01389442,  9.33152366])"
897,NGR_c25050,"array([-0.99494333,  9.14205206])"
898,NGR_c02420,"array([10.48864613, 14.14613404])"
899,NGR_c02490,"array([10.82575152, 14.06062796])"
900,NGR_c05550,"array([-0.99847919,  7.72765916])"
901,NGR_c24830,"array([0.61637501, 8.93582313])"
902,NGR_c07220,"array([-0.96995541,  8.08674506])"
903,NGR_c06220,"array([-0.9741635 ,  7.88718179])"
904,NGR_c06140,"array([-0.74898333,  7.61858952])"
905,NGR_c24190,"array([4.3686564 , 4.77275577])"
906,NGR_c04230,"array([4.781633  , 4.42898237])"
907,NGR_c28230,"array([4.52414917, 4.33633295])"
908,NGR_c25960,"array([4.40257563, 5.1102903 ])"
909,NGR_c37010,"array([4.21692457, 5.61638025])"
910,NGR_c26010,"array([4.59650573, 4.84493659])"
911,NGR_c24220,"array([-9.91566362,  9.02340118])"
912,NGR_c24230,"array([-9.7091974 ,  9.30248742])"
913,NGR_c24240,"array([-10.06202877,   9.33389221])"
914,NGR_c24340,"array([3.80260048, 7.26496426])"
915,NGR_c24350,"array([4.53827231, 7.17648178])"
916,NGR_c08380,"array([4.30860917, 7.01405516])"
917,NGR_c28960,"array([3.63904746, 7.09067394])"
918,NGR_c02450,"array([-1.91169583, 19.96269906])"
919,NGR_c02470,"array([-2.29983949, 19.79259028])"
920,NGR_c02460,"array([-2.19283129, 20.07713504])"
921,NGR_c02480,"array([-2.01769631, 19.68190567])"
922,NGR_c24400,"array([ 8.21745716, 18.60501137])"
923,NGR_c08440,"array([ 8.4711146 , 18.36360286])"
924,NGR_c00240,"array([-1.701711  ,  8.57436091])"
925,NGR_c30710,"array([-1.15372314,  8.53027133])"
926,NGR_c05960,"array([-1.33284858,  8.60210603])"
927,NGR_c05970,"array([-1.05985371,  8.66392915])"
928,NGR_c30730,"array([-1.20983885,  8.70080171])"
929,NGR_c30720,"array([-1.20414745,  8.85747377])"
930,NGR_c24670,"array([5.1988716 , 7.45585564])"
931,NGR_c06300,"array([4.52849296, 7.61556004])"
932,NGR_c24710,"array([-4.72320385, 18.90635202])"
933,NGR_c35250,"array([-4.89436167, 19.11856164])"
934,NGR_c24840,"array([1.58505862, 9.19755324])"
935,NGR_c34100,"array([0.95765325, 9.83027081])"
936,NGR_c34400,"array([1.21664859, 9.53976461])"
937,NGR_c02520,"array([11.5868118 ,  7.50669564])"
938,NGR_c25110,"array([-7.56802896,  1.65754962])"
939,NGR_c25120,"array([-7.15611998,  1.54792672])"
940,NGR_c25130,"array([-7.94612152,  1.66688389])"
941,NGR_c05040,"array([-6.797733  ,  1.84171751])"
942,NGR_c02670,"array([11.4146732 ,  7.13004947])"
943,NGR_c25210,"array([-1.18723304, 13.10773964])"
944,NGR_c25250,"array([0.92786292, 6.61826368])"
945,NGR_c25270,"array([-1.41108428, 13.5315623 ])"
946,NGR_c25440,"array([7.0394354 , 1.68565037])"
947,NGR_c03200,"array([7.13189699, 1.34778611])"
948,NGR_c25600,"array([-1.00940292, 13.56509275])"
949,NGR_c07290,"array([0.84804221, 7.43952629])"
950,NGR_c25620,"array([-1.00639989, 13.89033253])"
951,NGR_c25650,"array([-0.75419949, 13.71783303])"
952,NGR_c25630,"array([-0.76062618, 13.97914149])"
953,NGR_c00560,"array([-0.46499657, 13.79335984])"
954,NGR_c25870,"array([0.63600129, 9.37555705])"
955,NGR_c25970,"array([5.03828402, 5.24156   ])"
956,NGR_c37020,"array([4.92677539, 5.04060395])"
957,NGR_c37000,"array([5.50312913, 4.73231962])"
958,NGR_c25980,"array([5.81464211, 4.26744127])"
959,NGR_c37030,"array([6.00786013, 4.5059038 ])"
960,NGR_c26160,"array([-0.34634392,  5.12753474])"
961,NGR_c26170,"array([-0.56283374,  5.12128228])"
962,NGR_c26180,"array([-0.43222758,  5.30476163])"
963,NGR_c26190,"array([-0.6418622 ,  5.33708022])"
964,NGR_c26150,"array([-0.76994313,  5.19910795])"
965,NGR_c26100,"array([-0.5069125 ,  4.78609825])"
966,NGR_c26110,"array([-0.75783955,  4.83718047])"
967,NGR_c26230,"array([1.50075626, 7.16390597])"
968,NGR_c31550,"array([1.64332108, 7.01733389])"
969,NGR_c26270,"array([ 0.56233814, 12.05182467])"
970,NGR_c02660,"array([10.89581812,  7.25134183])"
971,NGR_c02680,"array([10.93351044,  6.92533585])"
972,NGR_c02690,"array([9.97686795, 4.31811182])"
973,NGR_c28210,"array([10.15874583,  4.60907469])"
974,NGR_c02890,"array([9.81006853, 4.6186038 ])"
975,NGR_c36130,"array([1.36758953, 5.67100389])"
976,NGR_c34040,"array([ 0.86237658, 10.89654194])"
977,NGR_c27230,"array([ 3.48824363, 12.89253432])"
978,NGR_c35830,"array([ 2.54381327, 13.11082784])"
979,NGR_c28370,"array([10.95512197, 15.26610106])"
980,NGR_c28750,"array([10.29269334, 15.40287372])"
981,NGR_c27580,"array([-0.4822278 , -1.53163209])"
982,NGR_c28760,"array([-0.15155072, -0.90809599])"
983,NGR_c27700,"array([1.58598721, 9.56505777])"
984,NGR_c08990,"array([-0.03775204, 11.44991018])"
985,NGR_c27890,"array([4.49429031, 6.45353407])"
986,NGR_c28000,"array([ 0.91870404, 11.34355379])"
987,NGR_c28310,"array([ 1.55096666, 13.10011548])"
988,NGR_c28500,"array([ 0.79847591, 21.09720651])"
989,NGR_c31840,"array([ 1.12876587, 21.25255482])"
990,NGR_c06180,"array([4.40758633, 6.14682548])"
991,NGR_c28970,"array([3.8539885 , 6.56121021])"
992,NGR_c09900,"array([3.72372501, 6.02009139])"
993,NGR_c28950,"array([3.92836506, 6.27347596])"
994,NGR_c04350,"array([2.43106599, 7.51295298])"
995,NGR_c29410,"array([-11.35145978,   6.60768422])"
996,NGR_c29430,"array([-11.02431403,   6.5009711 ])"
997,NGR_c29420,"array([-11.26975822,   6.26609153])"
998,NGR_c33380,"array([ 0.43102056, 11.65454417])"
999,NGR_c29780,"array([-5.53837894, 15.89835666])"
1000,NGR_c29820,"array([-6.3115146 , 15.47795199])"
1001,NGR_c29760,"array([-5.83601161, 14.55696924])"
1002,NGR_c29770,"array([-6.19032033, 14.9931272 ])"
1003,NGR_c29810,"array([-4.95114598, 15.74020295])"
1004,NGR_c29840,"array([-8.9374601 ,  2.91201573])"
1005,NGR_c29850,"array([-9.27560798,  2.82860671])"
1006,NGR_c29860,"array([-9.18065461,  3.16059188])"
1007,NGR_c29950,"array([-0.40924065, 12.92887773])"
1008,NGR_c29980,"array([-0.34518828, 12.02507571])"
1009,NGR_c30160,"array([-3.77297176, 11.96988875])"
1010,NGR_c07000,"array([-4.02687008, 11.92844854])"
1011,NGR_c06990,"array([-3.33267366, 11.50287635])"
1012,NGR_c35990,"array([-2.69181202,  5.92011773])"
1013,NGR_c36990,"array([-2.76111681,  6.20025806])"
1014,NGR_c09530,"array([-2.21961436, 12.10515607])"
1015,NGR_c05940,"array([-1.35284766,  8.78770689])"
1016,NGR_c30950,"array([ 7.56390097, 15.91913781])"
1017,NGR_c30970,"array([ 7.14438234, 15.85894695])"
1018,NGR_c30960,"array([ 7.33329308, 16.0423333 ])"
1019,NGR_c30980,"array([ 7.26181746, 15.62653183])"
1020,NGR_c31000,"array([ 7.51907479, 15.6623779 ])"
1021,NGR_c31020,"array([-7.46377315,  3.75460462])"
1022,NGR_c31040,"array([-7.47931805,  3.45415498])"
1023,NGR_c31030,"array([-7.78581066,  3.47758216])"
1024,NGR_c31050,"array([-7.7643589 ,  3.77680071])"
1025,NGR_c32020,"array([ 3.84456381, 11.35978442])"
1026,NGR_c09670,"array([ 3.78240175, 11.51599297])"
1027,NGR_c31110,"array([ 3.60459034, 11.55999358])"
1028,NGR_c03140,"array([-4.78313924, 17.99804215])"
1029,NGR_c31630,"array([2.97043212, 6.86504625])"
1030,NGR_c09060,"array([3.37690076, 6.14815849])"
1031,NGR_c09360,"array([ 4.31865303, 11.80008433])"
1032,NGR_c32110,"array([-2.83979553, 13.43799315])"
1033,NGR_c32350,"array([7.74245765, 0.19677225])"
1034,NGR_c32370,"array([8.06234398, 0.06436127])"
1035,NGR_c32360,"array([ 7.79026066, -0.14344914])"
1036,NGR_c32610,"array([8.90885645, 3.6284504 ])"
1037,NGR_c32620,"array([8.55950202, 3.58545484])"
1038,NGR_c32630,"array([8.69715866, 3.91116683])"
1039,NGR_c06040,"array([0.45816998, 5.85993288])"
1040,NGR_c05330,"array([-4.26616157, -0.9064859 ])"
1041,NGR_c32830,"array([10.68860253,  3.25599043])"
1042,NGR_c32840,"array([11.03360113,  3.29309148])"
1043,NGR_c32850,"array([10.83153596,  3.57368911])"
1044,NGR_c07280,"array([0.84772497, 6.36037936])"
1045,NGR_c35540,"array([0.43729634, 6.56908824])"
1046,NGR_c36290,"array([0.65919622, 6.50947825])"
1047,NGR_c34940,"array([0.40263169, 6.32655814])"
1048,NGR_c00050,"array([0.72092511, 6.76209931])"
1049,NGR_c03280,"array([ 5.82537759, -1.88643224])"
1050,NGR_c03300,"array([ 5.43774845, -1.70993217])"
1051,NGR_c03310,"array([ 5.53898862, -1.99181627])"
1052,NGR_c03290,"array([ 5.72237715, -1.60326844])"
1053,NGR_c04530,"array([-3.95918058, 15.92588017])"
1054,NGR_c33720,"array([2.29663637, 6.07141336])"
1055,NGR_c33920,"array([10.17312581,  1.70520821])"
1056,NGR_c33930,"array([10.42692584,  1.94147737])"
1057,NGR_c34050,"array([-0.31993465, -3.02477071])"
1058,NGR_c34070,"array([-0.66705645, -3.08950609])"
1059,NGR_c34140,"array([-1.54123008, -2.28137124])"
1060,NGR_c34150,"array([-1.7804032 , -2.53541019])"
1061,NGR_c34410,"array([2.02148731, 9.27807464])"
1062,NGR_c03460,"array([ 8.85292167, 16.45878561])"
1063,NGR_c03480,"array([ 9.11355642, 16.46668038])"
1064,NGR_c03490,"array([ 8.96887415, 16.86370142])"
1065,NGR_c03500,"array([ 9.18435706, 16.71755946])"
1066,NGR_c03470,"array([ 8.76313839, 16.70342731])"
1067,NGR_c35510,"array([3.17584869, 0.43045449])"
1068,NGR_c36270,"array([ 9.30950743, 12.80510803])"
1069,NGR_c36280,"array([ 9.42455927, 13.13554294])"
1070,NGR_c36360,"array([0.76056397, 0.08702498])"
1071,NGR_c04980,"array([ 0.42758681, -0.00308605])"
1072,NGR_c36780,"array([ 1.98869556, -3.20633017])"
1073,NGR_c36810,"array([ 2.23264416, -3.01775681])"
1074,NGR_c36800,"array([ 2.0427324 , -2.78335573])"
1075,NGR_c36790,"array([ 1.80109008, -2.97193694])"
1076,NGR_c03720,"array([4.12744056, 9.4252744 ])"
1077,NGR_c09370,"array([4.22241526, 9.64984413])"
1078,NGR_c04080,"array([7.57258605, 2.80257438])"
1079,NGR_c09450,"array([7.79353073, 2.54545817])"
1080,NGR_c04360,"array([3.27979643, 7.22062547])"
1081,NGR_c04790,"array([-3.33996426, -2.00802932])"
1082,NGR_c04630,"array([ 0.41747247, -2.22051747])"
1083,NGR_c04670,"array([ 0.47795576, -1.87106067])"
1084,NGR_c04740,"array([ 1.09420601, 10.09246701])"
1085,NGR_c09810,"array([-3.07187008, -2.28774634])"
1086,NGR_c05060,"array([-6.64249343,  2.1921665 ])"
1087,NGR_c05050,"array([-6.42056026,  1.93581658])"
1088,NGR_c09590,"array([3.99357694, 8.9190707 ])"
1089,NGR_c06520,"array([ 1.43890128, -1.414279  ])"
1090,NGR_c06530,"array([ 1.76372146, -1.53530013])"
1091,NGR_c06540,"array([ 1.49834558, -1.75687118])"
1092,NGR_c07010,"array([-3.95943628, 11.61476253])"
1093,NGR_c08490,"array([ 1.71895434, 10.18483712])"
1094,NGR_c09850,"array([-9.6152797 ,  7.77522197])"
1095,NGR_c09860,"array([-9.93193562,  7.89059608])"
